2016년 1월 1일 - 0시,2570
2016년 1월 1일 - 1시,326
2016년 1월 1일 - 2시,308
2016년 1월 1일 - 3시,253
2016년 1월 1일 - 4시,227
2016년 1월 1일 - 5시,229
2016년 1월 1일 - 6시,323
2016년 1월 1일 - 7시,320
2016년 1월 1일 - 8시,4617
2016년 1월 1일 - 9시,1789
2016년 1월 1일 - 10시,1761
2016년 1월 1일 - 11시,632
2016년 1월 1일 - 12시,695
2016년 1월 1일 - 13시,1388
2016년 1월 1일 - 14시,293
2016년 1월 1일 - 15시,389
2016년 1월 1일 - 16시,295
2016년 1월 1일 - 17시,583
2016년 1월 1일 - 18시,2158
2016년 1월 1일 - 19시,2554
2016년 1월 1일 - 20시,842
2016년 1월 1일 - 21시,675
2016년 1월 1일 - 22시,789
2016년 1월 1일 - 23시,623
2016년 1월 2일 - 0시,388
2016년 1월 2일 - 1시,299
2016년 1월 2일 - 2시,292
2016년 1월 2일 - 3시,236
2016년 1월 2일 - 4시,223
2016년 1월 2일 - 5시,293
2016년 1월 2일 - 6시,295
2016년 1월 2일 - 7시,251
2016년 1월 2일 - 8시,4258
2016년 1월 2일 - 9시,4608
2016년 1월 2일 - 10시,1870
2016년 1월 2일 - 11시,2829
2016년 1월 2일 - 12시,4209
2016년 1월 2일 - 13시,754
2016년 1월 2일 - 14시,457
2016년 1월 2일 - 15시,311
2016년 1월 2일 - 16시,380
2016년 1월 2일 - 17시,379
2016년 1월 2일 - 18시,316
2016년 1월 2일 - 19시,2030
2016년 1월 2일 - 20시,2312
2016년 1월 2일 - 21시,542
2016년 1월 2일 - 22시,803
2016년 1월 2일 - 23시,316
2016년 1월 3일 - 0시,381
2016년 1월 3일 - 1시,231
2016년 1월 3일 - 2시,215
2016년 1월 3일 - 3시,229
2016년 1월 3일 - 4시,245
2016년 1월 3일 - 5시,369
2016년 1월 3일 - 6시,294
2016년 1월 3일 - 7시,315
2016년 1월 3일 - 8시,4625
2016년 1월 3일 - 9시,2992
2016년 1월 3일 - 10시,6563
2016년 1월 3일 - 11시,639
2016년 1월 3일 - 12시,2203
2016년 1월 3일 - 13시,3026
2016년 1월 3일 - 14시,623
2016년 1월 3일 - 15시,5043
2016년 1월 3일 - 16시,4963
2016년 1월 3일 - 17시,3108
2016년 1월 3일 - 18시,2461
2016년 1월 3일 - 19시,3087
2016년 1월 3일 - 20시,908
2016년 1월 3일 - 21시,581
2016년 1월 3일 - 22시,561
2016년 1월 3일 - 23시,556
2016년 1월 4일 - 0시,222
2016년 1월 4일 - 1시,323
2016년 1월 4일 - 2시,223
2016년 1월 4일 - 3시,218
2016년 1월 4일 - 4시,327
2016년 1월 4일 - 5시,835
2016년 1월 4일 - 6시,231
2016년 1월 4일 - 7시,806
2016년 1월 4일 - 8시,6174
2016년 1월 4일 - 9시,541
2016년 1월 4일 - 10시,1638
2016년 1월 4일 - 11시,1580
2016년 1월 4일 - 12시,3186
2016년 1월 4일 - 13시,3879
2016년 1월 4일 - 14시,765
2016년 1월 4일 - 15시,564
2016년 1월 4일 - 16시,3169
2016년 1월 4일 - 17시,617
2016년 1월 4일 - 18시,3993
2016년 1월 4일 - 19시,5356
2016년 1월 4일 - 20시,3161
2016년 1월 4일 - 21시,644
2016년 1월 4일 - 22시,514
2016년 1월 4일 - 23시,310
2016년 1월 5일 - 0시,248
2016년 1월 5일 - 1시,377
2016년 1월 5일 - 2시,223
2016년 1월 5일 - 3시,520
2016년 1월 5일 - 4시,232
2016년 1월 5일 - 5시,308
2016년 1월 5일 - 6시,247
2016년 1월 5일 - 7시,4540
2016년 1월 5일 - 8시,2116
2016년 1월 5일 - 9시,2792
2016년 1월 5일 - 10시,486
2016년 1월 5일 - 11시,424
2016년 1월 5일 - 12시,3657
2016년 1월 5일 - 13시,1392
2016년 1월 5일 - 14시,513
2016년 1월 5일 - 15시,316
2016년 1월 5일 - 16시,605
2016년 1월 5일 - 17시,3347
2016년 1월 5일 - 18시,2508
2016년 1월 5일 - 19시,602
2016년 1월 5일 - 20시,604
2016년 1월 5일 - 21시,522
2016년 1월 5일 - 22시,530
2016년 1월 5일 - 23시,513
2016년 1월 6일 - 0시,297
2016년 1월 6일 - 1시,316
2016년 1월 6일 - 2시,262
2016년 1월 6일 - 3시,899
2016년 1월 6일 - 4시,246
2016년 1월 6일 - 5시,295
2016년 1월 6일 - 6시,372
2016년 1월 6일 - 7시,5220
2016년 1월 6일 - 8시,3839
2016년 1월 6일 - 9시,596
2016년 1월 6일 - 10시,321
2016년 1월 6일 - 11시,4797
2016년 1월 6일 - 12시,5237
2016년 1월 6일 - 13시,2984
2016년 1월 6일 - 14시,628
2016년 1월 6일 - 15시,2795
2016년 1월 6일 - 16시,3107
2016년 1월 6일 - 17시,2431
2016년 1월 6일 - 18시,2457
2016년 1월 6일 - 19시,2211
2016년 1월 6일 - 20시,587
2016년 1월 6일 - 21시,708
2016년 1월 6일 - 22시,592
2016년 1월 6일 - 23시,425
2016년 1월 7일 - 0시,236
2016년 1월 7일 - 1시,333
2016년 1월 7일 - 2시,227
2016년 1월 7일 - 3시,225
2016년 1월 7일 - 4시,842
2016년 1월 7일 - 5시,287
2016년 1월 7일 - 6시,723
2016년 1월 7일 - 7시,3701
2016년 1월 7일 - 8시,2041
2016년 1월 7일 - 9시,668
2016년 1월 7일 - 10시,507
2016년 1월 7일 - 11시,2101
2016년 1월 7일 - 12시,3182
2016년 1월 7일 - 13시,2093
2016년 1월 7일 - 14시,3689
2016년 1월 7일 - 15시,715
2016년 1월 7일 - 16시,3313
2016년 1월 7일 - 17시,3391
2016년 1월 7일 - 18시,646
2016년 1월 7일 - 19시,855
2016년 1월 7일 - 20시,881
2016년 1월 7일 - 21시,880
2016년 1월 7일 - 22시,621
2016년 1월 7일 - 23시,2662
2016년 1월 8일 - 0시,2576
2016년 1월 8일 - 1시,326
2016년 1월 8일 - 2시,377
2016년 1월 8일 - 3시,887
2016년 1월 8일 - 4시,270
2016년 1월 8일 - 5시,315
2016년 1월 8일 - 6시,732
2016년 1월 8일 - 7시,4600
2016년 1월 8일 - 8시,2739
2016년 1월 8일 - 9시,2622
2016년 1월 8일 - 10시,322
2016년 1월 8일 - 11시,2849
2016년 1월 8일 - 12시,404
2016년 1월 8일 - 13시,2722
2016년 1월 8일 - 14시,2649
2016년 1월 8일 - 15시,720
2016년 1월 8일 - 16시,838
2016년 1월 8일 - 17시,2915
2016년 1월 8일 - 18시,2082
2016년 1월 8일 - 19시,2331
2016년 1월 8일 - 20시,3246
2016년 1월 8일 - 21시,537
2016년 1월 8일 - 22시,548
2016년 1월 8일 - 23시,322
2016년 1월 9일 - 0시,2014
2016년 1월 9일 - 1시,355
2016년 1월 9일 - 2시,247
2016년 1월 9일 - 3시,232
2016년 1월 9일 - 4시,241
2016년 1월 9일 - 5시,307
2016년 1월 9일 - 6시,301
2016년 1월 9일 - 7시,258
2016년 1월 9일 - 8시,2238
2016년 1월 9일 - 9시,4867
2016년 1월 9일 - 10시,514
2016년 1월 9일 - 11시,1703
2016년 1월 9일 - 12시,398
2016년 1월 9일 - 13시,297
2016년 1월 9일 - 14시,2629
2016년 1월 9일 - 15시,459
2016년 1월 9일 - 16시,3038
2016년 1월 9일 - 17시,3229
2016년 1월 9일 - 18시,2471
2016년 1월 9일 - 19시,2880
2016년 1월 9일 - 20시,689
2016년 1월 9일 - 21시,1522
2016년 1월 9일 - 22시,743
2016년 1월 9일 - 23시,3923
2016년 1월 10일 - 0시,2725
2016년 1월 10일 - 1시,423
2016년 1월 10일 - 2시,283
2016년 1월 10일 - 3시,252
2016년 1월 10일 - 4시,328
2016년 1월 10일 - 5시,260
2016년 1월 10일 - 6시,257
2016년 1월 10일 - 7시,4531
2016년 1월 10일 - 8시,2242
2016년 1월 10일 - 9시,591
2016년 1월 10일 - 10시,506
2016년 1월 10일 - 11시,379
2016년 1월 10일 - 12시,6140
2016년 1월 10일 - 13시,5262
2016년 1월 10일 - 14시,2899
2016년 1월 10일 - 15시,317
2016년 1월 10일 - 16시,2859
2016년 1월 10일 - 17시,439
2016년 1월 10일 - 18시,2051
2016년 1월 10일 - 19시,612
2016년 1월 10일 - 20시,518
2016년 1월 10일 - 21시,575
2016년 1월 10일 - 22시,561
2016년 1월 10일 - 23시,366
2016년 1월 11일 - 0시,238
2016년 1월 11일 - 1시,247
2016년 1월 11일 - 2시,264
2016년 1월 11일 - 3시,223
2016년 1월 11일 - 4시,421
2016년 1월 11일 - 5시,236
2016년 1월 11일 - 6시,761
2016년 1월 11일 - 7시,3626
2016년 1월 11일 - 8시,2036
2016년 1월 11일 - 9시,469
2016년 1월 11일 - 10시,298
2016년 1월 11일 - 11시,4666
2016년 1월 11일 - 12시,2858
2016년 1월 11일 - 13시,604
2016년 1월 11일 - 14시,297
2016년 1월 11일 - 15시,393
2016년 1월 11일 - 16시,2904
2016년 1월 11일 - 17시,2084
2016년 1월 11일 - 18시,575
2016년 1월 11일 - 19시,2336
2016년 1월 11일 - 20시,2134
2016년 1월 11일 - 21시,519
2016년 1월 11일 - 22시,589
2016년 1월 11일 - 23시,297
2016년 1월 12일 - 0시,375
2016년 1월 12일 - 1시,328
2016년 1월 12일 - 2시,281
2016년 1월 12일 - 3시,274
2016년 1월 12일 - 4시,297
2016년 1월 12일 - 5시,282
2016년 1월 12일 - 6시,318
2016년 1월 12일 - 7시,5745
2016년 1월 12일 - 8시,2905
2016년 1월 12일 - 9시,5286
2016년 1월 12일 - 10시,813
2016년 1월 12일 - 11시,3013
2016년 1월 12일 - 12시,3442
2016년 1월 12일 - 13시,709
2016년 1월 12일 - 14시,551
2016년 1월 12일 - 15시,615
2016년 1월 12일 - 16시,778
2016년 1월 12일 - 17시,3428
2016년 1월 12일 - 18시,4953
2016년 1월 12일 - 19시,3413
2016년 1월 12일 - 20시,2394
2016년 1월 12일 - 21시,688
2016년 1월 12일 - 22시,717
2016년 1월 12일 - 23시,455
2016년 1월 13일 - 0시,467
2016년 1월 13일 - 1시,347
2016년 1월 13일 - 2시,231
2016년 1월 13일 - 3시,295
2016년 1월 13일 - 4시,228
2016년 1월 13일 - 5시,328
2016년 1월 13일 - 6시,293
2016년 1월 13일 - 7시,4678
2016년 1월 13일 - 8시,1934
2016년 1월 13일 - 9시,2586
2016년 1월 13일 - 10시,700
2016년 1월 13일 - 11시,267
2016년 1월 13일 - 12시,2728
2016년 1월 13일 - 13시,493
2016년 1월 13일 - 14시,949
2016년 1월 13일 - 15시,407
2016년 1월 13일 - 16시,2927
2016년 1월 13일 - 17시,3128
2016년 1월 13일 - 18시,1020
2016년 1월 13일 - 19시,2717
2016년 1월 13일 - 20시,894
2016년 1월 13일 - 21시,539
2016년 1월 13일 - 22시,2801
2016년 1월 13일 - 23시,2572
2016년 1월 14일 - 0시,369
2016년 1월 14일 - 1시,354
2016년 1월 14일 - 2시,247
2016년 1월 14일 - 3시,322
2016년 1월 14일 - 4시,302
2016년 1월 14일 - 5시,470
2016년 1월 14일 - 6시,321
2016년 1월 14일 - 7시,6100
2016년 1월 14일 - 8시,2942
2016년 1월 14일 - 9시,490
2016년 1월 14일 - 10시,2483
2016년 1월 14일 - 11시,2991
2016년 1월 14일 - 12시,2032
2016년 1월 14일 - 13시,2832
2016년 1월 14일 - 14시,731
2016년 1월 14일 - 15시,389
2016년 1월 14일 - 16시,2973
2016년 1월 14일 - 17시,2117
2016년 1월 14일 - 18시,2902
2016년 1월 14일 - 19시,2447
2016년 1월 14일 - 20시,2489
2016년 1월 14일 - 21시,561
2016년 1월 14일 - 22시,600
2016년 1월 14일 - 23시,248
2016년 1월 15일 - 0시,282
2016년 1월 15일 - 1시,353
2016년 1월 15일 - 2시,228
2016년 1월 15일 - 3시,285
2016년 1월 15일 - 4시,297
2016년 1월 15일 - 5시,302
2016년 1월 15일 - 6시,921
2016년 1월 15일 - 7시,3485
2016년 1월 15일 - 8시,3508
2016년 1월 15일 - 9시,1897
2016년 1월 15일 - 10시,457
2016년 1월 15일 - 11시,4791
2016년 1월 15일 - 12시,450
2016년 1월 15일 - 13시,457
2016년 1월 15일 - 14시,334
2016년 1월 15일 - 15시,331
2016년 1월 15일 - 16시,416
2016년 1월 15일 - 17시,426
2016년 1월 15일 - 18시,343
2016년 1월 15일 - 19시,1943
2016년 1월 15일 - 20시,3177
2016년 1월 15일 - 21시,628
2016년 1월 15일 - 22시,904
2016년 1월 15일 - 23시,555
2016년 1월 16일 - 0시,304
2016년 1월 16일 - 1시,447
2016년 1월 16일 - 2시,363
2016년 1월 16일 - 3시,229
2016년 1월 16일 - 4시,376
2016년 1월 16일 - 5시,269
2016년 1월 16일 - 6시,1435
2016년 1월 16일 - 7시,245
2016년 1월 16일 - 8시,4654
2016년 1월 16일 - 9시,452
2016년 1월 16일 - 10시,5321
2016년 1월 16일 - 11시,2702
2016년 1월 16일 - 12시,1419
2016년 1월 16일 - 13시,3932
2016년 1월 16일 - 14시,2892
2016년 1월 16일 - 15시,2747
2016년 1월 16일 - 16시,3024
2016년 1월 16일 - 17시,3174
2016년 1월 16일 - 18시,2153
2016년 1월 16일 - 19시,3119
2016년 1월 16일 - 20시,2053
2016년 1월 16일 - 21시,577
2016년 1월 16일 - 22시,528
2016년 1월 16일 - 23시,492
2016년 1월 17일 - 0시,226
2016년 1월 17일 - 1시,271
2016년 1월 17일 - 2시,291
2016년 1월 17일 - 3시,295
2016년 1월 17일 - 4시,309
2016년 1월 17일 - 5시,302
2016년 1월 17일 - 6시,942
2016년 1월 17일 - 7시,449
2016년 1월 17일 - 8시,1896
2016년 1월 17일 - 9시,6175
2016년 1월 17일 - 10시,5315
2016년 1월 17일 - 11시,4584
2016년 1월 17일 - 12시,3921
2016년 1월 17일 - 13시,798
2016년 1월 17일 - 14시,340
2016년 1월 17일 - 15시,2846
2016년 1월 17일 - 16시,416
2016년 1월 17일 - 17시,557
2016년 1월 17일 - 18시,3074
2016년 1월 17일 - 19시,468
2016년 1월 17일 - 20시,6350
2016년 1월 17일 - 21시,2382
2016년 1월 17일 - 22시,581
2016년 1월 17일 - 23시,309
2016년 1월 18일 - 0시,251
2016년 1월 18일 - 1시,257
2016년 1월 18일 - 2시,226
2016년 1월 18일 - 3시,247
2016년 1월 18일 - 4시,249
2016년 1월 18일 - 5시,234
2016년 1월 18일 - 6시,235
2016년 1월 18일 - 7시,2887
2016년 1월 18일 - 8시,2758
2016년 1월 18일 - 9시,540
2016년 1월 18일 - 10시,567
2016년 1월 18일 - 11시,4858
2016년 1월 18일 - 12시,2864
2016년 1월 18일 - 13시,2902
2016년 1월 18일 - 14시,2779
2016년 1월 18일 - 15시,405
2016년 1월 18일 - 16시,4679
2016년 1월 18일 - 17시,2087
2016년 1월 18일 - 18시,660
2016년 1월 18일 - 19시,1947
2016년 1월 18일 - 20시,2780
2016년 1월 18일 - 21시,650
2016년 1월 18일 - 22시,545
2016년 1월 18일 - 23시,596
2016년 1월 19일 - 0시,535
2016년 1월 19일 - 1시,366
2016년 1월 19일 - 2시,436
2016년 1월 19일 - 3시,427
2016년 1월 19일 - 4시,228
2016년 1월 19일 - 5시,327
2016년 1월 19일 - 6시,292
2016년 1월 19일 - 7시,299
2016년 1월 19일 - 8시,4235
2016년 1월 19일 - 9시,3104
2016년 1월 19일 - 10시,3452
2016년 1월 19일 - 11시,551
2016년 1월 19일 - 12시,579
2016년 1월 19일 - 13시,2183
2016년 1월 19일 - 14시,520
2016년 1월 19일 - 15시,368
2016년 1월 19일 - 16시,234
2016년 1월 19일 - 17시,404
2016년 1월 19일 - 18시,2899
2016년 1월 19일 - 19시,592
2016년 1월 19일 - 20시,3028
2016년 1월 19일 - 21시,575
2016년 1월 19일 - 22시,476
2016년 1월 19일 - 23시,324
2016년 1월 20일 - 0시,234
2016년 1월 20일 - 1시,310
2016년 1월 20일 - 2시,282
2016년 1월 20일 - 3시,248
2016년 1월 20일 - 4시,280
2016년 1월 20일 - 5시,331
2016년 1월 20일 - 6시,287
2016년 1월 20일 - 7시,4317
2016년 1월 20일 - 8시,2148
2016년 1월 20일 - 9시,614
2016년 1월 20일 - 10시,538
2016년 1월 20일 - 11시,1713
2016년 1월 20일 - 12시,462
2016년 1월 20일 - 13시,3883
2016년 1월 20일 - 14시,481
2016년 1월 20일 - 15시,3176
2016년 1월 20일 - 16시,3105
2016년 1월 20일 - 17시,3358
2016년 1월 20일 - 18시,881
2016년 1월 20일 - 19시,3435
2016년 1월 20일 - 20시,2481
2016년 1월 20일 - 21시,778
2016년 1월 20일 - 22시,2894
2016년 1월 20일 - 23시,2944
2016년 1월 21일 - 0시,413
2016년 1월 21일 - 1시,315
2016년 1월 21일 - 2시,405
2016년 1월 21일 - 3시,242
2016년 1월 21일 - 4시,347
2016년 1월 21일 - 5시,328
2016년 1월 21일 - 6시,316
2016년 1월 21일 - 7시,4439
2016년 1월 21일 - 8시,3688
2016년 1월 21일 - 9시,357
2016년 1월 21일 - 10시,359
2016년 1월 21일 - 11시,2868
2016년 1월 21일 - 12시,2737
2016년 1월 21일 - 13시,3946
2016년 1월 21일 - 14시,2790
2016년 1월 21일 - 15시,346
2016년 1월 21일 - 16시,2923
2016년 1월 21일 - 17시,2303
2016년 1월 21일 - 18시,601
2016년 1월 21일 - 19시,2325
2016년 1월 21일 - 20시,772
2016년 1월 21일 - 21시,2158
2016년 1월 21일 - 22시,523
2016년 1월 21일 - 23시,353
2016년 1월 22일 - 0시,274
2016년 1월 22일 - 1시,718
2016년 1월 22일 - 2시,281
2016년 1월 22일 - 3시,260
2016년 1월 22일 - 4시,397
2016년 1월 22일 - 5시,440
2016년 1월 22일 - 6시,317
2016년 1월 22일 - 7시,2086
2016년 1월 22일 - 8시,3984
2016년 1월 22일 - 9시,781
2016년 1월 22일 - 10시,2227
2016년 1월 22일 - 11시,2324
2016년 1월 22일 - 12시,2015
2016년 1월 22일 - 13시,5631
2016년 1월 22일 - 14시,5204
2016년 1월 22일 - 15시,1629
2016년 1월 22일 - 16시,343
2016년 1월 22일 - 17시,422
2016년 1월 22일 - 18시,3747
2016년 1월 22일 - 19시,3174
2016년 1월 22일 - 20시,813
2016년 1월 22일 - 21시,591
2016년 1월 22일 - 22시,550
2016년 1월 22일 - 23시,417
2016년 1월 23일 - 0시,246
2016년 1월 23일 - 1시,414
2016년 1월 23일 - 2시,262
2016년 1월 23일 - 3시,237
2016년 1월 23일 - 4시,897
2016년 1월 23일 - 5시,311
2016년 1월 23일 - 6시,241
2016년 1월 23일 - 7시,283
2016년 1월 23일 - 8시,4752
2016년 1월 23일 - 9시,2908
2016년 1월 23일 - 10시,566
2016년 1월 23일 - 11시,1977
2016년 1월 23일 - 12시,2960
2016년 1월 23일 - 13시,2097
2016년 1월 23일 - 14시,1910
2016년 1월 23일 - 15시,2856
2016년 1월 23일 - 16시,2217
2016년 1월 23일 - 17시,5220
2016년 1월 23일 - 18시,2729
2016년 1월 23일 - 19시,878
2016년 1월 23일 - 20시,580
2016년 1월 23일 - 21시,651
2016년 1월 23일 - 22시,618
2016년 1월 23일 - 23시,621
2016년 1월 24일 - 0시,623
2016년 1월 24일 - 1시,938
2016년 1월 24일 - 2시,332
2016년 1월 24일 - 3시,250
2016년 1월 24일 - 4시,320
2016년 1월 24일 - 5시,345
2016년 1월 24일 - 6시,313
2016년 1월 24일 - 7시,250
2016년 1월 24일 - 8시,404
2016년 1월 24일 - 9시,4573
2016년 1월 24일 - 10시,2638
2016년 1월 24일 - 11시,4873
2016년 1월 24일 - 12시,313
2016년 1월 24일 - 13시,4607
2016년 1월 24일 - 14시,376
2016년 1월 24일 - 15시,656
2016년 1월 24일 - 16시,2934
2016년 1월 24일 - 17시,4467
2016년 1월 24일 - 18시,2786
2016년 1월 24일 - 19시,3457
2016년 1월 24일 - 20시,2073
2016년 1월 24일 - 21시,589
2016년 1월 24일 - 22시,899
2016년 1월 24일 - 23시,260
2016년 1월 25일 - 0시,1295
2016년 1월 25일 - 1시,318
2016년 1월 25일 - 2시,238
2016년 1월 25일 - 3시,293
2016년 1월 25일 - 4시,238
2016년 1월 25일 - 5시,321
2016년 1월 25일 - 6시,381
2016년 1월 25일 - 7시,4947
2016년 1월 25일 - 8시,2002
2016년 1월 25일 - 9시,3059
2016년 1월 25일 - 10시,2964
2016년 1월 25일 - 11시,506
2016년 1월 25일 - 12시,3882
2016년 1월 25일 - 13시,719
2016년 1월 25일 - 14시,548
2016년 1월 25일 - 15시,2877
2016년 1월 25일 - 16시,2943
2016년 1월 25일 - 17시,2869
2016년 1월 25일 - 18시,2972
2016년 1월 25일 - 19시,2983
2016년 1월 25일 - 20시,514
2016년 1월 25일 - 21시,677
2016년 1월 25일 - 22시,2549
2016년 1월 25일 - 23시,2647
2016년 1월 26일 - 0시,2497
2016년 1월 26일 - 1시,317
2016년 1월 26일 - 2시,240
2016년 1월 26일 - 3시,247
2016년 1월 26일 - 4시,249
2016년 1월 26일 - 5시,782
2016년 1월 26일 - 6시,299
2016년 1월 26일 - 7시,3788
2016년 1월 26일 - 8시,1579
2016년 1월 26일 - 9시,313
2016년 1월 26일 - 10시,2751
2016년 1월 26일 - 11시,1976
2016년 1월 26일 - 12시,503
2016년 1월 26일 - 13시,413
2016년 1월 26일 - 14시,264
2016년 1월 26일 - 15시,258
2016년 1월 26일 - 16시,4094
2016년 1월 26일 - 17시,841
2016년 1월 26일 - 18시,3439
2016년 1월 26일 - 19시,780
2016년 1월 26일 - 20시,738
2016년 1월 26일 - 21시,2152
2016년 1월 26일 - 22시,612
2016년 1월 26일 - 23시,497
2016년 1월 27일 - 0시,496
2016년 1월 27일 - 1시,334
2016년 1월 27일 - 2시,388
2016년 1월 27일 - 3시,368
2016년 1월 27일 - 4시,321
2016년 1월 27일 - 5시,810
2016년 1월 27일 - 6시,315
2016년 1월 27일 - 7시,2857
2016년 1월 27일 - 8시,3796
2016년 1월 27일 - 9시,853
2016년 1월 27일 - 10시,2938
2016년 1월 27일 - 11시,3089
2016년 1월 27일 - 12시,4782
2016년 1월 27일 - 13시,572
2016년 1월 27일 - 14시,562
2016년 1월 27일 - 15시,570
2016년 1월 27일 - 16시,3283
2016년 1월 27일 - 17시,2061
2016년 1월 27일 - 18시,4627
2016년 1월 27일 - 19시,754
2016년 1월 27일 - 20시,761
2016년 1월 27일 - 21시,2242
2016년 1월 27일 - 22시,2744
2016년 1월 27일 - 23시,2685
2016년 1월 28일 - 0시,240
2016년 1월 28일 - 1시,326
2016년 1월 28일 - 2시,324
2016년 1월 28일 - 3시,245
2016년 1월 28일 - 4시,1445
2016년 1월 28일 - 5시,327
2016년 1월 28일 - 6시,248
2016년 1월 28일 - 7시,6024
2016년 1월 28일 - 8시,2407
2016년 1월 28일 - 9시,754
2016년 1월 28일 - 10시,2929
2016년 1월 28일 - 11시,4387
2016년 1월 28일 - 12시,581
2016년 1월 28일 - 13시,443
2016년 1월 28일 - 14시,2989
2016년 1월 28일 - 15시,806
2016년 1월 28일 - 16시,558
2016년 1월 28일 - 17시,4069
2016년 1월 28일 - 18시,3189
2016년 1월 28일 - 19시,4725
2016년 1월 28일 - 20시,766
2016년 1월 28일 - 21시,2225
2016년 1월 28일 - 22시,744
2016년 1월 28일 - 23시,391
2016년 1월 29일 - 0시,242
2016년 1월 29일 - 1시,259
2016년 1월 29일 - 2시,344
2016년 1월 29일 - 3시,1348
2016년 1월 29일 - 4시,308
2016년 1월 29일 - 5시,305
2016년 1월 29일 - 6시,2906
2016년 1월 29일 - 7시,4523
2016년 1월 29일 - 8시,1996
2016년 1월 29일 - 9시,3097
2016년 1월 29일 - 10시,616
2016년 1월 29일 - 11시,2614
2016년 1월 29일 - 12시,1821
2016년 1월 29일 - 13시,826
2016년 1월 29일 - 14시,612
2016년 1월 29일 - 15시,406
2016년 1월 29일 - 16시,480
2016년 1월 29일 - 17시,533
2016년 1월 29일 - 18시,2849
2016년 1월 29일 - 19시,2652
2016년 1월 29일 - 20시,2784
2016년 1월 29일 - 21시,2172
2016년 1월 29일 - 22시,673
2016년 1월 29일 - 23시,492
2016년 1월 30일 - 0시,420
2016년 1월 30일 - 1시,262
2016년 1월 30일 - 2시,312
2016년 1월 30일 - 3시,941
2016년 1월 30일 - 4시,449
2016년 1월 30일 - 5시,306
2016년 1월 30일 - 6시,1430
2016년 1월 30일 - 7시,232
2016년 1월 30일 - 8시,4551
2016년 1월 30일 - 9시,2768
2016년 1월 30일 - 10시,2613
2016년 1월 30일 - 11시,352
2016년 1월 30일 - 12시,968
2016년 1월 30일 - 13시,287
2016년 1월 30일 - 14시,542
2016년 1월 30일 - 15시,251
2016년 1월 30일 - 16시,238
2016년 1월 30일 - 17시,2986
2016년 1월 30일 - 18시,2026
2016년 1월 30일 - 19시,2350
2016년 1월 30일 - 20시,517
2016년 1월 30일 - 21시,523
2016년 1월 30일 - 22시,557
2016년 1월 30일 - 23시,276
2016년 1월 31일 - 0시,259
2016년 1월 31일 - 1시,369
2016년 1월 31일 - 2시,239
2016년 1월 31일 - 3시,239
2016년 1월 31일 - 4시,298
2016년 1월 31일 - 5시,302
2016년 1월 31일 - 6시,299
2016년 1월 31일 - 7시,298
2016년 1월 31일 - 8시,4389
2016년 1월 31일 - 9시,3708
2016년 1월 31일 - 10시,605
2016년 1월 31일 - 11시,1496
2016년 1월 31일 - 12시,2876
2016년 1월 31일 - 13시,2635
2016년 1월 31일 - 14시,249
2016년 1월 31일 - 15시,2790
2016년 1월 31일 - 16시,2735
2016년 1월 31일 - 17시,3108
2016년 1월 31일 - 18시,822
2016년 1월 31일 - 19시,656
2016년 1월 31일 - 20시,541
2016년 1월 31일 - 21시,539
2016년 1월 31일 - 22시,2623
2016년 1월 31일 - 23시,2710
