2016년 2월 1일 - 0시,1
2016년 2월 1일 - 1시,2
2016년 2월 1일 - 2시,1
2016년 2월 1일 - 3시,1
2016년 2월 1일 - 4시,1
2016년 2월 1일 - 5시,1
2016년 2월 1일 - 6시,1
2016년 2월 1일 - 7시,1
2016년 2월 1일 - 8시,1
2016년 2월 1일 - 9시,1
2016년 2월 1일 - 10시,1
2016년 2월 1일 - 11시,1
2016년 2월 1일 - 12시,1
2016년 2월 1일 - 13시,40
2016년 2월 1일 - 14시,18
2016년 2월 1일 - 15시,17
2016년 2월 1일 - 16시,17
2016년 2월 1일 - 17시,18
2016년 2월 1일 - 18시,17
2016년 2월 1일 - 19시,17
2016년 2월 1일 - 20시,17
2016년 2월 1일 - 21시,19
2016년 2월 1일 - 22시,20
2016년 2월 1일 - 23시,1
2016년 2월 2일 - 0시,1
2016년 2월 2일 - 1시,1
2016년 2월 2일 - 2시,1
2016년 2월 2일 - 3시,1
2016년 2월 2일 - 4시,1
2016년 2월 2일 - 5시,2
2016년 2월 2일 - 6시,1
2016년 2월 2일 - 7시,1
2016년 2월 2일 - 8시,1
2016년 2월 2일 - 9시,1
2016년 2월 2일 - 10시,1
2016년 2월 2일 - 11시,2
2016년 2월 2일 - 12시,304
2016년 2월 2일 - 13시,1
2016년 2월 2일 - 14시,1
2016년 2월 2일 - 15시,1
2016년 2월 2일 - 16시,1
2016년 2월 2일 - 17시,1
2016년 2월 2일 - 18시,17
2016년 2월 2일 - 19시,17
2016년 2월 2일 - 20시,17
2016년 2월 2일 - 21시,17
2016년 2월 2일 - 22시,17
2016년 2월 2일 - 23시,1
2016년 2월 3일 - 0시,1
2016년 2월 3일 - 1시,1
2016년 2월 3일 - 2시,1
2016년 2월 3일 - 3시,1
2016년 2월 3일 - 4시,1
2016년 2월 3일 - 5시,1
2016년 2월 3일 - 6시,1
2016년 2월 3일 - 7시,1
2016년 2월 3일 - 8시,1
2016년 2월 3일 - 9시,1
2016년 2월 3일 - 10시,1
2016년 2월 3일 - 11시,1
2016년 2월 3일 - 12시,1
2016년 2월 3일 - 13시,1
2016년 2월 3일 - 14시,1
2016년 2월 3일 - 15시,1
2016년 2월 3일 - 16시,1
2016년 2월 3일 - 17시,20
2016년 2월 3일 - 18시,17
2016년 2월 3일 - 19시,37
2016년 2월 3일 - 20시,17
2016년 2월 3일 - 21시,17
2016년 2월 3일 - 22시,17
2016년 2월 3일 - 23시,1
2016년 2월 4일 - 0시,2
2016년 2월 4일 - 1시,1
2016년 2월 4일 - 2시,1
2016년 2월 4일 - 3시,1
2016년 2월 4일 - 4시,1
2016년 2월 4일 - 5시,1
2016년 2월 4일 - 6시,1
2016년 2월 4일 - 7시,1
2016년 2월 4일 - 8시,1
2016년 2월 4일 - 9시,1
2016년 2월 4일 - 10시,1
2016년 2월 4일 - 11시,1
2016년 2월 4일 - 12시,1
2016년 2월 4일 - 13시,18
2016년 2월 4일 - 14시,1
2016년 2월 4일 - 15시,2
2016년 2월 4일 - 16시,18
2016년 2월 4일 - 17시,33
2016년 2월 4일 - 18시,32
2016년 2월 4일 - 19시,32
2016년 2월 4일 - 20시,32
2016년 2월 4일 - 21시,39
2016년 2월 4일 - 22시,32
2016년 2월 4일 - 23시,17
2016년 2월 5일 - 0시,1
2016년 2월 5일 - 1시,1
2016년 2월 5일 - 2시,1
2016년 2월 5일 - 3시,1
2016년 2월 5일 - 4시,2
2016년 2월 5일 - 5시,1
2016년 2월 5일 - 6시,1
2016년 2월 5일 - 7시,1
2016년 2월 5일 - 8시,1
2016년 2월 5일 - 9시,1
2016년 2월 5일 - 10시,1
2016년 2월 5일 - 11시,1
2016년 2월 5일 - 12시,1
2016년 2월 5일 - 13시,18
2016년 2월 5일 - 14시,17
2016년 2월 5일 - 15시,17
2016년 2월 5일 - 16시,33
2016년 2월 5일 - 17시,17
2016년 2월 5일 - 18시,17
2016년 2월 5일 - 19시,17
2016년 2월 5일 - 20시,19
2016년 2월 5일 - 21시,18
2016년 2월 5일 - 22시,17
2016년 2월 5일 - 23시,1
2016년 2월 6일 - 0시,1
2016년 2월 6일 - 1시,1
2016년 2월 6일 - 2시,1
2016년 2월 6일 - 3시,1
2016년 2월 6일 - 4시,1
2016년 2월 6일 - 5시,1
2016년 2월 6일 - 6시,1
2016년 2월 6일 - 7시,2
2016년 2월 6일 - 8시,1
2016년 2월 6일 - 9시,1
2016년 2월 6일 - 10시,1
2016년 2월 6일 - 11시,1
2016년 2월 6일 - 12시,1
2016년 2월 6일 - 13시,1
2016년 2월 6일 - 14시,19
2016년 2월 6일 - 15시,19
2016년 2월 6일 - 16시,17
2016년 2월 6일 - 17시,17
2016년 2월 6일 - 18시,31
2016년 2월 6일 - 19시,31
2016년 2월 6일 - 20시,17
2016년 2월 6일 - 21시,18
2016년 2월 6일 - 22시,20
2016년 2월 6일 - 23시,1
2016년 2월 7일 - 0시,2
2016년 2월 7일 - 1시,2
2016년 2월 7일 - 2시,1
2016년 2월 7일 - 3시,349
2016년 2월 7일 - 4시,2
2016년 2월 7일 - 5시,1
2016년 2월 7일 - 6시,1
2016년 2월 7일 - 7시,1
2016년 2월 7일 - 8시,1
2016년 2월 7일 - 9시,17
2016년 2월 7일 - 10시,32
2016년 2월 7일 - 11시,17
2016년 2월 7일 - 12시,33
2016년 2월 7일 - 13시,31
2016년 2월 7일 - 14시,17
2016년 2월 7일 - 15시,17
2016년 2월 7일 - 16시,17
2016년 2월 7일 - 17시,17
2016년 2월 7일 - 18시,17
2016년 2월 7일 - 19시,45
2016년 2월 7일 - 20시,18
2016년 2월 7일 - 21시,17
2016년 2월 7일 - 22시,17
2016년 2월 7일 - 23시,1
2016년 2월 8일 - 0시,1
2016년 2월 8일 - 1시,1
2016년 2월 8일 - 2시,1
2016년 2월 8일 - 3시,1
2016년 2월 8일 - 4시,1
2016년 2월 8일 - 5시,1
2016년 2월 8일 - 6시,1
2016년 2월 8일 - 7시,1
2016년 2월 8일 - 8시,1
2016년 2월 8일 - 9시,1
2016년 2월 8일 - 10시,1
2016년 2월 8일 - 11시,17
2016년 2월 8일 - 12시,32
2016년 2월 8일 - 13시,17
2016년 2월 8일 - 14시,17
2016년 2월 8일 - 15시,17
2016년 2월 8일 - 16시,31
2016년 2월 8일 - 17시,17
2016년 2월 8일 - 18시,31
2016년 2월 8일 - 19시,17
2016년 2월 8일 - 20시,32
2016년 2월 8일 - 21시,20
2016년 2월 8일 - 22시,17
2016년 2월 8일 - 23시,2
2016년 2월 9일 - 0시,1
2016년 2월 9일 - 1시,1
2016년 2월 9일 - 2시,1
2016년 2월 9일 - 3시,1
2016년 2월 9일 - 4시,1
2016년 2월 9일 - 5시,1
2016년 2월 9일 - 6시,1
2016년 2월 9일 - 7시,1
2016년 2월 9일 - 8시,1
2016년 2월 9일 - 9시,1
2016년 2월 9일 - 10시,1
2016년 2월 9일 - 11시,1
2016년 2월 9일 - 12시,1
2016년 2월 9일 - 13시,1
2016년 2월 9일 - 14시,1
2016년 2월 9일 - 15시,1
2016년 2월 9일 - 16시,1
2016년 2월 9일 - 17시,1
2016년 2월 9일 - 18시,1
2016년 2월 9일 - 19시,17
2016년 2월 9일 - 20시,17
2016년 2월 9일 - 21시,32
2016년 2월 9일 - 22시,18
2016년 2월 9일 - 23시,16
2016년 2월 10일 - 0시,2
2016년 2월 10일 - 1시,1
2016년 2월 10일 - 2시,1
2016년 2월 10일 - 3시,1
2016년 2월 10일 - 4시,1
2016년 2월 10일 - 5시,1
2016년 2월 10일 - 6시,1
2016년 2월 10일 - 7시,1
2016년 2월 10일 - 8시,1
2016년 2월 10일 - 9시,1
2016년 2월 10일 - 10시,32
2016년 2월 10일 - 11시,17
2016년 2월 10일 - 12시,17
2016년 2월 10일 - 13시,17
2016년 2월 10일 - 14시,32
2016년 2월 10일 - 15시,17
2016년 2월 10일 - 16시,18
2016년 2월 10일 - 17시,18
2016년 2월 10일 - 18시,17
2016년 2월 10일 - 19시,21
2016년 2월 10일 - 20시,32
2016년 2월 10일 - 21시,31
2016년 2월 10일 - 22시,33
2016년 2월 10일 - 23시,17
2016년 2월 11일 - 0시,1
2016년 2월 11일 - 1시,1
2016년 2월 11일 - 2시,1
2016년 2월 11일 - 3시,1
2016년 2월 11일 - 4시,1
2016년 2월 11일 - 5시,1
2016년 2월 11일 - 6시,1
2016년 2월 11일 - 7시,1
2016년 2월 11일 - 8시,1
2016년 2월 11일 - 9시,1
2016년 2월 11일 - 10시,1
2016년 2월 11일 - 11시,1
2016년 2월 11일 - 12시,2
2016년 2월 11일 - 13시,1
2016년 2월 11일 - 14시,1
2016년 2월 11일 - 15시,1
2016년 2월 11일 - 16시,17
2016년 2월 11일 - 17시,17
2016년 2월 11일 - 18시,1
2016년 2월 11일 - 19시,1
2016년 2월 11일 - 20시,17
2016년 2월 11일 - 21시,17
2016년 2월 11일 - 22시,32
2016년 2월 11일 - 23시,1
2016년 2월 12일 - 0시,1066
2016년 2월 12일 - 1시,1
2016년 2월 12일 - 2시,1
2016년 2월 12일 - 3시,1
2016년 2월 12일 - 4시,1
2016년 2월 12일 - 5시,1
2016년 2월 12일 - 6시,1
2016년 2월 12일 - 7시,1
2016년 2월 12일 - 8시,1
2016년 2월 12일 - 9시,1
2016년 2월 12일 - 10시,1
2016년 2월 12일 - 11시,1
2016년 2월 12일 - 12시,1
2016년 2월 12일 - 13시,1
2016년 2월 12일 - 14시,1
2016년 2월 12일 - 15시,1
2016년 2월 12일 - 16시,1
2016년 2월 12일 - 17시,1
2016년 2월 12일 - 18시,1
2016년 2월 12일 - 19시,1
2016년 2월 12일 - 20시,17
2016년 2월 12일 - 21시,18
2016년 2월 12일 - 22시,20
2016년 2월 12일 - 23시,1
2016년 2월 13일 - 0시,1
2016년 2월 13일 - 1시,1
2016년 2월 13일 - 2시,2
2016년 2월 13일 - 3시,1
2016년 2월 13일 - 4시,1
2016년 2월 13일 - 5시,1
2016년 2월 13일 - 6시,1
2016년 2월 13일 - 7시,1
2016년 2월 13일 - 8시,1
2016년 2월 13일 - 9시,1
2016년 2월 13일 - 10시,1
2016년 2월 13일 - 11시,1
2016년 2월 13일 - 12시,1
2016년 2월 13일 - 13시,1
2016년 2월 13일 - 14시,1
2016년 2월 13일 - 15시,2
2016년 2월 13일 - 16시,21
2016년 2월 13일 - 17시,20
2016년 2월 13일 - 18시,17
2016년 2월 13일 - 19시,17
2016년 2월 13일 - 20시,110
2016년 2월 13일 - 21시,202
2016년 2월 13일 - 22시,31
2016년 2월 13일 - 23시,1
2016년 2월 14일 - 0시,1
2016년 2월 14일 - 1시,1
2016년 2월 14일 - 2시,364
2016년 2월 14일 - 3시,1
2016년 2월 14일 - 4시,974
2016년 2월 14일 - 5시,1
2016년 2월 14일 - 6시,2
2016년 2월 14일 - 7시,989
2016년 2월 14일 - 8시,1
2016년 2월 14일 - 9시,2
2016년 2월 14일 - 10시,1
2016년 2월 14일 - 11시,1
2016년 2월 14일 - 12시,1
2016년 2월 14일 - 13시,1
2016년 2월 14일 - 14시,1
2016년 2월 14일 - 15시,1
2016년 2월 14일 - 16시,1
2016년 2월 14일 - 17시,1
2016년 2월 14일 - 18시,1
2016년 2월 14일 - 19시,31
2016년 2월 14일 - 20시,18
2016년 2월 14일 - 21시,18
2016년 2월 14일 - 22시,18
2016년 2월 14일 - 23시,1
2016년 2월 15일 - 0시,1
2016년 2월 15일 - 1시,1
2016년 2월 15일 - 2시,1
2016년 2월 15일 - 3시,2
2016년 2월 15일 - 4시,1
2016년 2월 15일 - 5시,1
2016년 2월 15일 - 6시,1
2016년 2월 15일 - 7시,1
2016년 2월 15일 - 8시,17
2016년 2월 15일 - 9시,17
2016년 2월 15일 - 10시,1
2016년 2월 15일 - 11시,1
2016년 2월 15일 - 12시,1
2016년 2월 15일 - 13시,2
2016년 2월 15일 - 14시,16
2016년 2월 15일 - 15시,17
2016년 2월 15일 - 16시,32
2016년 2월 15일 - 17시,17
2016년 2월 15일 - 18시,52
2016년 2월 15일 - 19시,18
2016년 2월 15일 - 20시,18
2016년 2월 15일 - 21시,17
2016년 2월 15일 - 22시,16
2016년 2월 15일 - 23시,1
2016년 2월 16일 - 0시,1
2016년 2월 16일 - 1시,1
2016년 2월 16일 - 2시,1
2016년 2월 16일 - 3시,1
2016년 2월 16일 - 4시,1
2016년 2월 16일 - 5시,1
2016년 2월 16일 - 6시,1
2016년 2월 16일 - 7시,1
2016년 2월 16일 - 8시,1
2016년 2월 16일 - 9시,1
2016년 2월 16일 - 10시,1
2016년 2월 16일 - 11시,1
2016년 2월 16일 - 12시,1
2016년 2월 16일 - 13시,1
2016년 2월 16일 - 14시,1
2016년 2월 16일 - 15시,1
2016년 2월 16일 - 16시,360
2016년 2월 16일 - 17시,1
2016년 2월 16일 - 18시,1
2016년 2월 16일 - 19시,1
2016년 2월 16일 - 20시,1
2016년 2월 16일 - 21시,1
2016년 2월 16일 - 22시,1
2016년 2월 16일 - 23시,17
2016년 2월 17일 - 0시,1
2016년 2월 17일 - 1시,1
2016년 2월 17일 - 2시,1
2016년 2월 17일 - 3시,1
2016년 2월 17일 - 4시,1
2016년 2월 17일 - 5시,2
2016년 2월 17일 - 6시,1
2016년 2월 17일 - 7시,1
2016년 2월 17일 - 8시,443
2016년 2월 17일 - 9시,1
2016년 2월 17일 - 10시,1
2016년 2월 17일 - 11시,1
2016년 2월 17일 - 12시,1
2016년 2월 17일 - 13시,1
2016년 2월 17일 - 14시,1
2016년 2월 17일 - 15시,1
2016년 2월 17일 - 16시,1
2016년 2월 17일 - 17시,1
2016년 2월 17일 - 18시,1
2016년 2월 17일 - 19시,1
2016년 2월 17일 - 20시,1
2016년 2월 17일 - 21시,1
2016년 2월 17일 - 22시,1
2016년 2월 17일 - 23시,1
2016년 2월 18일 - 0시,1
2016년 2월 18일 - 1시,1
2016년 2월 18일 - 2시,1
2016년 2월 18일 - 3시,1
2016년 2월 18일 - 4시,1
2016년 2월 18일 - 5시,1
2016년 2월 18일 - 6시,1
2016년 2월 18일 - 7시,1
2016년 2월 18일 - 8시,1
2016년 2월 18일 - 9시,1
2016년 2월 18일 - 10시,1
2016년 2월 18일 - 11시,1
2016년 2월 18일 - 12시,2
2016년 2월 18일 - 13시,1
2016년 2월 18일 - 14시,1
2016년 2월 18일 - 15시,1
2016년 2월 18일 - 16시,1
2016년 2월 18일 - 17시,2
2016년 2월 18일 - 18시,1
2016년 2월 18일 - 19시,1
2016년 2월 18일 - 20시,1
2016년 2월 18일 - 21시,834
2016년 2월 18일 - 22시,1
2016년 2월 18일 - 23시,1
2016년 2월 19일 - 0시,1
2016년 2월 19일 - 1시,2
2016년 2월 19일 - 2시,1
2016년 2월 19일 - 3시,1
2016년 2월 19일 - 4시,2
2016년 2월 19일 - 5시,1
2016년 2월 19일 - 6시,1
2016년 2월 19일 - 7시,1
2016년 2월 19일 - 8시,1
2016년 2월 19일 - 9시,1
2016년 2월 19일 - 10시,1
2016년 2월 19일 - 11시,2
2016년 2월 19일 - 12시,2
2016년 2월 19일 - 13시,1
2016년 2월 19일 - 14시,1
2016년 2월 19일 - 15시,1
2016년 2월 19일 - 16시,1
2016년 2월 19일 - 17시,1
2016년 2월 19일 - 18시,1
2016년 2월 19일 - 19시,1
2016년 2월 19일 - 20시,1
2016년 2월 19일 - 21시,2
2016년 2월 19일 - 22시,1
2016년 2월 19일 - 23시,1
2016년 2월 20일 - 0시,1
2016년 2월 20일 - 1시,1
2016년 2월 20일 - 2시,1
2016년 2월 20일 - 3시,1
2016년 2월 20일 - 4시,1
2016년 2월 20일 - 5시,1
2016년 2월 20일 - 6시,1
2016년 2월 20일 - 7시,1
2016년 2월 20일 - 8시,1
2016년 2월 20일 - 9시,2
2016년 2월 20일 - 10시,1
2016년 2월 20일 - 11시,1
2016년 2월 20일 - 12시,1
2016년 2월 20일 - 13시,1
2016년 2월 20일 - 14시,1
2016년 2월 20일 - 15시,1
2016년 2월 20일 - 16시,1
2016년 2월 20일 - 17시,1
2016년 2월 20일 - 18시,2
2016년 2월 20일 - 19시,1
2016년 2월 20일 - 20시,1
2016년 2월 20일 - 21시,1
2016년 2월 20일 - 22시,1
2016년 2월 20일 - 23시,1
2016년 2월 21일 - 0시,1
2016년 2월 21일 - 1시,1
2016년 2월 21일 - 2시,1
2016년 2월 21일 - 3시,1
2016년 2월 21일 - 4시,1
2016년 2월 21일 - 5시,1
2016년 2월 21일 - 6시,1
2016년 2월 21일 - 7시,1
2016년 2월 21일 - 8시,1
2016년 2월 21일 - 9시,1
2016년 2월 21일 - 10시,1
2016년 2월 21일 - 11시,1
2016년 2월 21일 - 12시,1
2016년 2월 21일 - 13시,1
2016년 2월 21일 - 14시,1
2016년 2월 21일 - 15시,1
2016년 2월 21일 - 16시,2
2016년 2월 21일 - 17시,1
2016년 2월 21일 - 18시,1
2016년 2월 21일 - 19시,19
2016년 2월 21일 - 20시,20
2016년 2월 21일 - 21시,17
2016년 2월 21일 - 22시,33
2016년 2월 21일 - 23시,1
2016년 2월 22일 - 0시,1
2016년 2월 22일 - 1시,1
2016년 2월 22일 - 2시,1
2016년 2월 22일 - 3시,1
2016년 2월 22일 - 4시,1
2016년 2월 22일 - 5시,1
2016년 2월 22일 - 6시,1
2016년 2월 22일 - 7시,1
2016년 2월 22일 - 8시,1
2016년 2월 22일 - 9시,2
2016년 2월 22일 - 10시,1
2016년 2월 22일 - 11시,1
2016년 2월 22일 - 12시,1
2016년 2월 22일 - 13시,1
2016년 2월 22일 - 14시,1
2016년 2월 22일 - 15시,17
2016년 2월 22일 - 16시,20
2016년 2월 22일 - 17시,1
2016년 2월 22일 - 18시,16
2016년 2월 22일 - 19시,17
2016년 2월 22일 - 20시,17
2016년 2월 22일 - 21시,16
2016년 2월 22일 - 22시,22
2016년 2월 22일 - 23시,2
2016년 2월 23일 - 0시,1
2016년 2월 23일 - 1시,1
2016년 2월 23일 - 2시,1
2016년 2월 23일 - 3시,1
2016년 2월 23일 - 4시,1
2016년 2월 23일 - 5시,1
2016년 2월 23일 - 6시,1
2016년 2월 23일 - 7시,1
2016년 2월 23일 - 8시,1
2016년 2월 23일 - 9시,1
2016년 2월 23일 - 10시,2
2016년 2월 23일 - 11시,1
2016년 2월 23일 - 12시,1
2016년 2월 23일 - 13시,2
2016년 2월 23일 - 14시,2
2016년 2월 23일 - 15시,2
2016년 2월 23일 - 16시,1
2016년 2월 23일 - 17시,2
2016년 2월 23일 - 18시,17
2016년 2월 23일 - 19시,1
2016년 2월 23일 - 20시,1
2016년 2월 23일 - 21시,19
2016년 2월 23일 - 22시,24
2016년 2월 23일 - 23시,32
2016년 2월 24일 - 0시,1
2016년 2월 24일 - 1시,1
2016년 2월 24일 - 2시,1
2016년 2월 24일 - 3시,1
2016년 2월 24일 - 4시,1
2016년 2월 24일 - 5시,1
2016년 2월 24일 - 6시,1
2016년 2월 24일 - 7시,1
2016년 2월 24일 - 8시,2
2016년 2월 24일 - 9시,17
2016년 2월 24일 - 10시,17
2016년 2월 24일 - 11시,1
2016년 2월 24일 - 12시,2
2016년 2월 24일 - 13시,18
2016년 2월 24일 - 14시,17
2016년 2월 24일 - 15시,1
2016년 2월 24일 - 16시,24
2016년 2월 24일 - 17시,17
2016년 2월 24일 - 18시,17
2016년 2월 24일 - 19시,32
2016년 2월 24일 - 20시,17
2016년 2월 24일 - 21시,17
2016년 2월 24일 - 22시,17
2016년 2월 24일 - 23시,18
2016년 2월 25일 - 0시,1
2016년 2월 25일 - 1시,1
2016년 2월 25일 - 2시,1
2016년 2월 25일 - 3시,1
2016년 2월 25일 - 4시,1
2016년 2월 25일 - 5시,1
2016년 2월 25일 - 6시,1
2016년 2월 25일 - 7시,1
2016년 2월 25일 - 8시,1
2016년 2월 25일 - 9시,1
2016년 2월 25일 - 10시,1
2016년 2월 25일 - 11시,1
2016년 2월 25일 - 12시,17
2016년 2월 25일 - 13시,33
2016년 2월 25일 - 14시,17
2016년 2월 25일 - 15시,32
2016년 2월 25일 - 16시,17
2016년 2월 25일 - 17시,17
2016년 2월 25일 - 18시,18
2016년 2월 25일 - 19시,17
2016년 2월 25일 - 20시,18
2016년 2월 25일 - 21시,17
2016년 2월 25일 - 22시,19
2016년 2월 25일 - 23시,19
2016년 2월 26일 - 0시,1
2016년 2월 26일 - 1시,1
2016년 2월 26일 - 2시,2
2016년 2월 26일 - 3시,1
2016년 2월 26일 - 4시,1
2016년 2월 26일 - 5시,1
2016년 2월 26일 - 6시,1
2016년 2월 26일 - 7시,1
2016년 2월 26일 - 8시,1
2016년 2월 26일 - 9시,1
2016년 2월 26일 - 10시,1
2016년 2월 26일 - 11시,1
2016년 2월 26일 - 12시,17
2016년 2월 26일 - 13시,1
2016년 2월 26일 - 14시,1
2016년 2월 26일 - 15시,2
2016년 2월 26일 - 16시,1
2016년 2월 26일 - 17시,1
2016년 2월 26일 - 18시,1
2016년 2월 26일 - 19시,17
2016년 2월 26일 - 20시,27
2016년 2월 26일 - 21시,39
2016년 2월 26일 - 22시,38
2016년 2월 26일 - 23시,1
2016년 2월 27일 - 0시,1
2016년 2월 27일 - 1시,1
2016년 2월 27일 - 2시,1
2016년 2월 27일 - 3시,1
2016년 2월 27일 - 4시,1
2016년 2월 27일 - 5시,1
2016년 2월 27일 - 6시,1
2016년 2월 27일 - 7시,1
2016년 2월 27일 - 8시,1
2016년 2월 27일 - 9시,1
2016년 2월 27일 - 10시,1
2016년 2월 27일 - 11시,1
2016년 2월 27일 - 12시,2
2016년 2월 27일 - 13시,1
2016년 2월 27일 - 14시,1
2016년 2월 27일 - 15시,1
2016년 2월 27일 - 16시,1
2016년 2월 27일 - 17시,18
2016년 2월 27일 - 18시,18
2016년 2월 27일 - 19시,29
2016년 2월 27일 - 20시,17
2016년 2월 27일 - 21시,30
2016년 2월 27일 - 22시,32
2016년 2월 27일 - 23시,16
2016년 2월 28일 - 0시,1
2016년 2월 28일 - 1시,1
2016년 2월 28일 - 2시,2
2016년 2월 28일 - 3시,1
2016년 2월 28일 - 4시,1
2016년 2월 28일 - 5시,1
2016년 2월 28일 - 6시,1
2016년 2월 28일 - 7시,1
2016년 2월 28일 - 8시,1
2016년 2월 28일 - 9시,1
2016년 2월 28일 - 10시,2
2016년 2월 28일 - 11시,1
2016년 2월 28일 - 12시,1
2016년 2월 28일 - 13시,1
2016년 2월 28일 - 14시,16
2016년 2월 28일 - 15시,33
2016년 2월 28일 - 16시,32
2016년 2월 28일 - 17시,17
2016년 2월 28일 - 18시,18
2016년 2월 28일 - 19시,36
2016년 2월 28일 - 20시,25
2016년 2월 28일 - 21시,19
2016년 2월 28일 - 22시,1
2016년 2월 28일 - 23시,1
2016년 2월 29일 - 0시,1
2016년 2월 29일 - 1시,1
2016년 2월 29일 - 2시,1
2016년 2월 29일 - 3시,2
2016년 2월 29일 - 4시,1
2016년 2월 29일 - 5시,1
2016년 2월 29일 - 6시,1
2016년 2월 29일 - 7시,1
2016년 2월 29일 - 8시,1
2016년 2월 29일 - 9시,1
2016년 2월 29일 - 10시,1
2016년 2월 29일 - 11시,1
2016년 2월 29일 - 12시,1
2016년 2월 29일 - 13시,1
2016년 2월 29일 - 14시,1
2016년 2월 29일 - 15시,1
2016년 2월 29일 - 16시,1
2016년 2월 29일 - 17시,1
2016년 2월 29일 - 18시,1
2016년 2월 29일 - 19시,1
2016년 2월 29일 - 20시,1
2016년 2월 29일 - 21시,1
2016년 2월 29일 - 22시,1
2016년 2월 29일 - 23시,1
