2013,4,1,11:50 PM,1,1 ,¡ÆC
2013,4,1,12:20 AM,2,1 ,¡ÆC
2013,4,1,12:50 AM,3,1 ,¡ÆC
2013,4,1,1:20 AM,4,1 ,¡ÆC
2013,4,1,1:50 AM,5,1 ,¡ÆC
2013,4,1,2:20 AM,6,2 ,¡ÆC
2013,4,1,2:50 AM,7,1 ,¡ÆC
2013,4,1,3:20 AM,8,2 ,¡ÆC
2013,4,1,3:50 AM,9,2 ,¡ÆC
2013,4,1,4:20 AM,10,2 ,¡ÆC
2013,4,1,4:50 AM,11,2 ,¡ÆC
2013,4,1,5:20 AM,12,2 ,¡ÆC
2013,4,1,5:50 AM,13,2 ,¡ÆC
2013,4,1,6:20 AM,14,2 ,¡ÆC
2013,4,1,6:50 AM,15,2 ,¡ÆC
2013,4,1,7:20 AM,16,2 ,¡ÆC
2013,4,1,7:50 AM,17,2 ,¡ÆC
2013,4,1,8:20 AM,18,3 ,¡ÆC
2013,4,1,8:50 AM,19,3 ,¡ÆC
2013,4,1,9:20 AM,20,3 ,¡ÆC
2013,4,1,9:50 AM,21,3 ,¡ÆC
2013,4,1,10:20 AM,22,3 ,¡ÆC
2013,4,1,10:50 AM,23,4 ,¡ÆC
2013,4,1,11:20 AM,24,4 ,¡ÆC
2013,4,1,11:50 AM,25,3 ,¡ÆC
2013,4,1,12:20 PM,26,3 ,¡ÆC
2013,4,1,12:50 PM,27,4 ,¡ÆC
2013,4,1,1:20 PM,28,4 ,¡ÆC
2013,4,1,1:50 PM,29,5 ,¡ÆC
2013,4,1,2:20 PM,30,4 ,¡ÆC
2013,4,1,2:50 PM,31,4 ,¡ÆC
2013,4,1,3:20 PM,32,4 ,¡ÆC
2013,4,1,3:50 PM,33,4 ,¡ÆC
2013,4,1,4:20 PM,34,4 ,¡ÆC
2013,4,1,4:50 PM,35,4 ,¡ÆC
2013,4,1,5:20 PM,36,4 ,¡ÆC
2013,4,1,5:50 PM,37,4 ,¡ÆC
2013,4,1,6:20 PM,38,3 ,¡ÆC
2013,4,1,6:50 PM,39,3 ,¡ÆC
2013,4,1,7:20 PM,40,3 ,¡ÆC
2013,4,1,7:50 PM,41,2 ,¡ÆC
2013,4,1,8:20 PM,42,2 ,¡ÆC
2013,4,1,8:50 PM,43,2 ,¡ÆC
2013,4,1,9:20 PM,44,2 ,¡ÆC
2013,4,1,9:50 PM,45,1 ,¡ÆC
2013,4,1,10:20 PM,46,1 ,¡ÆC
2013,4,1,10:50 PM,47,1 ,¡ÆC
2013,4,1,11:20 PM,48,1 ,¡ÆC
2013,4,2,11:50 PM,1,1 ,¡ÆC
2013,4,2,12:20 AM,2,1 ,¡ÆC
2013,4,2,12:50 AM,3,1 ,¡ÆC
2013,4,2,1:20 AM,4,0 ,¡ÆC
2013,4,2,1:50 AM,5,0 ,¡ÆC
2013,4,2,2:20 AM,6,0 ,¡ÆC
2013,4,2,2:50 AM,7,0 ,¡ÆC
2013,4,2,3:20 AM,8,0 ,¡ÆC
2013,4,2,3:50 AM,9,0 ,¡ÆC
2013,4,2,4:20 AM,10,0 ,¡ÆC
2013,4,2,4:50 AM,11,-1, ¡ÆC
2013,4,2,5:20 AM,12,-1, ¡ÆC
2013,4,2,5:50 AM,13,0 ,¡ÆC
2013,4,2,6:20 AM,14,0 ,¡ÆC
2013,4,2,6:50 AM,15,1 ,¡ÆC
2013,4,2,7:20 AM,16,2 ,¡ÆC
2013,4,2,7:50 AM,17,2 ,¡ÆC
2013,4,2,8:20 AM,18,3 ,¡ÆC
2013,4,2,8:50 AM,19,4 ,¡ÆC
2013,4,2,9:20 AM,20,5 ,¡ÆC
2013,4,2,9:50 AM,21,5 ,¡ÆC
2013,4,2,10:20 AM,22,4 ,¡ÆC
2013,4,2,10:50 AM,23,5 ,¡ÆC
2013,4,2,11:20 AM,24,5 ,¡ÆC
2013,4,2,11:50 AM,25,6 ,¡ÆC
2013,4,2,12:20 PM,26,6 ,¡ÆC
2013,4,2,12:50 PM,27,6 ,¡ÆC
2013,4,2,1:20 PM,28,6 ,¡ÆC
2013,4,2,1:50 PM,29,6 ,¡ÆC
2013,4,2,2:20 PM,30,6 ,¡ÆC
2013,4,2,2:50 PM,31,6 ,¡ÆC
2013,4,2,3:20 PM,32,6 ,¡ÆC
2013,4,2,3:50 PM,33,6 ,¡ÆC
2013,4,2,4:20 PM,34,6 ,¡ÆC
2013,4,2,4:50 PM,35,6 ,¡ÆC
2013,4,2,5:20 PM,36,5 ,¡ÆC
2013,4,2,5:50 PM,37,5 ,¡ÆC
2013,4,2,6:20 PM,38,5 ,¡ÆC
2013,4,2,6:50 PM,39,4 ,¡ÆC
2013,4,2,7:20 PM,40,4 ,¡ÆC
2013,4,2,7:50 PM,41,4 ,¡ÆC
2013,4,2,8:20 PM,42,3 ,¡ÆC
2013,4,2,8:50 PM,43,3 ,¡ÆC
2013,4,2,9:20 PM,44,2 ,¡ÆC
2013,4,2,9:50 PM,45,2 ,¡ÆC
2013,4,2,10:20 PM,46,2 ,¡ÆC
2013,4,2,10:50 PM,47,2 ,¡ÆC
2013,4,2,11:20 PM,48,2 ,¡ÆC
2013,4,3,11:50 PM,1,1 ,¡ÆC
2013,4,3,12:20 AM,2,1 ,¡ÆC
2013,4,3,12:50 AM,3,1 ,¡ÆC
2013,4,3,1:20 AM,4,1 ,¡ÆC
2013,4,3,1:50 AM,5,1 ,¡ÆC
2013,4,3,2:20 AM,6,0 ,¡ÆC
2013,4,3,2:50 AM,7,0 ,¡ÆC
2013,4,3,3:20 AM,8,1 ,¡ÆC
2013,4,3,3:50 AM,9,0 ,¡ÆC
2013,4,3,4:20 AM,10,0 ,¡ÆC
2013,4,3,4:50 AM,11,0 ,¡ÆC
2013,4,3,5:20 AM,12,0 ,¡ÆC
2013,4,3,5:50 AM,13,0 ,¡ÆC
2013,4,3,6:20 AM,14,1 ,¡ÆC
2013,4,3,6:50 AM,15,1 ,¡ÆC
2013,4,3,7:20 AM,16,1 ,¡ÆC
2013,4,3,7:50 AM,17,2 ,¡ÆC
2013,4,3,8:20 AM,18,2 ,¡ÆC
2013,4,3,8:50 AM,19,2 ,¡ÆC
2013,4,3,9:20 AM,20,3 ,¡ÆC
2013,4,3,9:50 AM,21,3 ,¡ÆC
2013,4,3,10:20 AM,22,3 ,¡ÆC
2013,4,3,10:50 AM,23,3 ,¡ÆC
2013,4,3,11:20 AM,24,3 ,¡ÆC
2013,4,3,11:50 AM,25,3 ,¡ÆC
2013,4,3,12:20 PM,26,3 ,¡ÆC
2013,4,3,12:50 PM,27,3 ,¡ÆC
2013,4,3,1:20 PM,28,3 ,¡ÆC
2013,4,3,1:50 PM,29,3 ,¡ÆC
2013,4,3,2:20 PM,30,3 ,¡ÆC
2013,4,3,2:50 PM,31,3 ,¡ÆC
2013,4,3,3:20 PM,32,3 ,¡ÆC
2013,4,3,3:50 PM,33,3 ,¡ÆC
2013,4,3,4:20 PM,34,4 ,¡ÆC
2013,4,3,4:50 PM,35,4 ,¡ÆC
2013,4,3,5:20 PM,36,4 ,¡ÆC
2013,4,3,5:50 PM,37,4 ,¡ÆC
2013,4,3,6:20 PM,38,4 ,¡ÆC
2013,4,3,6:50 PM,39,4 ,¡ÆC
2013,4,3,7:20 PM,40,4 ,¡ÆC
2013,4,3,7:50 PM,41,4 ,¡ÆC
2013,4,3,8:20 PM,42,4 ,¡ÆC
2013,4,3,8:50 PM,43,3 ,¡ÆC
2013,4,3,9:20 PM,44,3 ,¡ÆC
2013,4,3,9:50 PM,45,3 ,¡ÆC
2013,4,3,10:20 PM,46,3 ,¡ÆC
2013,4,3,10:50 PM,47,3 ,¡ÆC
2013,4,3,11:20 PM,48,3 ,¡ÆC
2013,4,4,11:50 PM,1,2 ,¡ÆC
2013,4,4,12:20 AM,2,1 ,¡ÆC
2013,4,4,12:50 AM,3,1 ,¡ÆC
2013,4,4,1:20 AM,4,1 ,¡ÆC
2013,4,4,1:50 AM,5,2 ,¡ÆC
2013,4,4,2:20 AM,6,2 ,¡ÆC
2013,4,4,2:50 AM,7,1 ,¡ÆC
2013,4,4,3:20 AM,8,1 ,¡ÆC
2013,4,4,3:50 AM,9,1 ,¡ÆC
2013,4,4,4:20 AM,10,1 ,¡ÆC
2013,4,4,4:50 AM,11,1 ,¡ÆC
2013,4,4,5:20 AM,12,1 ,¡ÆC
2013,4,4,5:50 AM,13,2 ,¡ÆC
2013,4,4,6:20 AM,14,2 ,¡ÆC
2013,4,4,6:50 AM,15,2 ,¡ÆC
2013,4,4,7:20 AM,16,2 ,¡ÆC
2013,4,4,7:50 AM,17,2 ,¡ÆC
2013,4,4,8:20 AM,18,3 ,¡ÆC
2013,4,4,8:50 AM,19,2 ,¡ÆC
2013,4,4,9:20 AM,20,2 ,¡ÆC
2013,4,4,9:50 AM,21,2 ,¡ÆC
2013,4,4,10:20 AM,22,2 ,¡ÆC
2013,4,4,10:50 AM,23,1 ,¡ÆC
2013,4,4,11:20 AM,24,1 ,¡ÆC
2013,4,4,11:50 AM,25,1 ,¡ÆC
2013,4,4,12:20 PM,26,1 ,¡ÆC
2013,4,4,12:50 PM,27,2 ,¡ÆC
2013,4,4,1:20 PM,28,2 ,¡ÆC
2013,4,4,1:50 PM,29,2 ,¡ÆC
2013,4,4,2:20 PM,30,2 ,¡ÆC
2013,4,4,2:50 PM,31,1 ,¡ÆC
2013,4,4,3:20 PM,32,2 ,¡ÆC
2013,4,4,3:50 PM,33,2 ,¡ÆC
2013,4,4,4:20 PM,34,2 ,¡ÆC
2013,4,4,4:50 PM,35,3 ,¡ÆC
2013,4,4,5:20 PM,36,3 ,¡ÆC
2013,4,4,5:50 PM,37,3 ,¡ÆC
2013,4,4,6:20 PM,38,3 ,¡ÆC
2013,4,4,6:50 PM,39,3 ,¡ÆC
2013,4,4,7:20 PM,40,3 ,¡ÆC
2013,4,4,7:50 PM,41,2 ,¡ÆC
2013,4,4,8:20 PM,42,2 ,¡ÆC
2013,4,4,8:50 PM,43,2 ,¡ÆC
2013,4,4,9:20 PM,44,2 ,¡ÆC
2013,4,4,9:50 PM,45,2 ,¡ÆC
2013,4,4,10:20 PM,46,2 ,¡ÆC
2013,4,4,10:50 PM,47,2 ,¡ÆC
2013,4,4,11:20 PM,48,2 ,¡ÆC
2013,4,5,11:50 PM,1,2 ,¡ÆC
2013,4,5,12:20 AM,2,2 ,¡ÆC
2013,4,5,12:50 AM,3,2 ,¡ÆC
2013,4,5,1:20 AM,4,2 ,¡ÆC
2013,4,5,1:50 AM,5,2 ,¡ÆC
2013,4,5,2:20 AM,6,2 ,¡ÆC
2013,4,5,2:50 AM,7,2 ,¡ÆC
2013,4,5,3:20 AM,8,2 ,¡ÆC
2013,4,5,3:50 AM,9,2 ,¡ÆC
2013,4,5,4:20 AM,10,2 ,¡ÆC
2013,4,5,4:50 AM,11,3 ,¡ÆC
2013,4,5,5:20 AM,12,3 ,¡ÆC
2013,4,5,5:50 AM,13,3 ,¡ÆC
2013,4,5,6:20 AM,14,3 ,¡ÆC
2013,4,5,6:50 AM,15,3 ,¡ÆC
2013,4,5,7:20 AM,16,3 ,¡ÆC
2013,4,5,7:50 AM,17,3 ,¡ÆC
2013,4,5,8:20 AM,18,3 ,¡ÆC
2013,4,5,8:50 AM,19,3 ,¡ÆC
2013,4,5,9:20 AM,20,4 ,¡ÆC
2013,4,5,9:50 AM,21,4 ,¡ÆC
2013,4,5,10:20 AM,22,4 ,¡ÆC
2013,4,5,10:50 AM,23,5 ,¡ÆC
2013,4,5,11:20 AM,24,5 ,¡ÆC
2013,4,5,11:50 AM,25,5 ,¡ÆC
2013,4,5,12:20 PM,26,6 ,¡ÆC
2013,4,5,12:50 PM,27,6 ,¡ÆC
2013,4,5,1:20 PM,28,6 ,¡ÆC
2013,4,5,1:50 PM,29,6 ,¡ÆC
2013,4,5,2:20 PM,30,7 ,¡ÆC
2013,4,5,2:50 PM,31,6 ,¡ÆC
2013,4,5,3:20 PM,32,7 ,¡ÆC
2013,4,5,3:50 PM,33,7 ,¡ÆC
2013,4,5,4:20 PM,34,7 ,¡ÆC
2013,4,5,4:50 PM,35,7 ,¡ÆC
2013,4,5,5:20 PM,36,7 ,¡ÆC
2013,4,5,5:50 PM,37,6 ,¡ÆC
2013,4,5,6:20 PM,38,6 ,¡ÆC
2013,4,5,6:50 PM,39,5 ,¡ÆC
2013,4,5,7:20 PM,40,5 ,¡ÆC
2013,4,5,7:50 PM,41,5 ,¡ÆC
2013,4,5,8:20 PM,42,4 ,¡ÆC
2013,4,5,8:50 PM,43,4 ,¡ÆC
2013,4,5,9:20 PM,44,4 ,¡ÆC
2013,4,5,9:50 PM,45,3 ,¡ÆC
2013,4,5,10:20 PM,46,3 ,¡ÆC
2013,4,5,10:50 PM,47,3 ,¡ÆC
2013,4,5,11:20 PM,48,3 ,¡ÆC
2013,4,6,11:50 PM,1,2 ,¡ÆC
2013,4,6,12:20 AM,2,2 ,¡ÆC
2013,4,6,12:50 AM,3,2 ,¡ÆC
2013,4,6,1:20 AM,4,1 ,¡ÆC
2013,4,6,1:50 AM,5,1 ,¡ÆC
2013,4,6,2:20 AM,6,1 ,¡ÆC
2013,4,6,2:50 AM,7,1 ,¡ÆC
2013,4,6,3:20 AM,8,1 ,¡ÆC
2013,4,6,3:50 AM,9,1 ,¡ÆC
2013,4,6,4:20 AM,10,0 ,¡ÆC
2013,4,6,4:50 AM,11,0 ,¡ÆC
2013,4,6,5:20 AM,12,0 ,¡ÆC
2013,4,6,5:50 AM,13,0 ,¡ÆC
2013,4,6,6:20 AM,14,0 ,¡ÆC
2013,4,6,6:50 AM,15,0 ,¡ÆC
2013,4,6,7:20 AM,16,2 ,¡ÆC
2013,4,6,7:50 AM,17,3 ,¡ÆC
2013,4,6,8:20 AM,18,4 ,¡ÆC
2013,4,6,8:50 AM,19,4 ,¡ÆC
2013,4,6,9:20 AM,20,5 ,¡ÆC
2013,4,6,9:50 AM,21,6 ,¡ÆC
2013,4,6,10:20 AM,22,6 ,¡ÆC
2013,4,6,10:50 AM,23,6 ,¡ÆC
2013,4,6,11:20 AM,24,6 ,¡ÆC
2013,4,6,11:50 AM,25,7 ,¡ÆC
2013,4,6,12:20 PM,26,7 ,¡ÆC
2013,4,6,12:50 PM,27,8 ,¡ÆC
2013,4,6,1:20 PM,28,7 ,¡ÆC
2013,4,6,1:50 PM,29,8 ,¡ÆC
2013,4,6,2:20 PM,30,9 ,¡ÆC
2013,4,6,2:50 PM,31,8 ,¡ÆC
2013,4,6,3:20 PM,32,9 ,¡ÆC
2013,4,6,3:50 PM,33,9 ,¡ÆC
2013,4,6,4:20 PM,34,9 ,¡ÆC
2013,4,6,4:50 PM,35,9 ,¡ÆC
2013,4,6,5:20 PM,36,7 ,¡ÆC
2013,4,6,5:50 PM,37,7 ,¡ÆC
2013,4,6,6:20 PM,38,6 ,¡ÆC
2013,4,6,6:50 PM,39,5 ,¡ÆC
2013,4,6,7:20 PM,40,5 ,¡ÆC
2013,4,6,7:50 PM,41,4 ,¡ÆC
2013,4,6,8:20 PM,42,3 ,¡ÆC
2013,4,6,8:50 PM,43,4 ,¡ÆC
2013,4,6,9:20 PM,44,3 ,¡ÆC
2013,4,6,9:50 PM,45,2 ,¡ÆC
2013,4,6,10:20 PM,46,2 ,¡ÆC
2013,4,6,10:50 PM,47,2 ,¡ÆC
2013,4,6,11:20 PM,48,2 ,¡ÆC
2013,4,7,11:50 PM,1,1 ,¡ÆC
2013,4,7,12:20 AM,2,1 ,¡ÆC
2013,4,7,12:50 AM,3,2 ,¡ÆC
2013,4,7,1:20 AM,4,1 ,¡ÆC
2013,4,7,1:50 AM,5,1 ,¡ÆC
2013,4,7,2:20 AM,6,0 ,¡ÆC
2013,4,7,2:50 AM,7,1 ,¡ÆC
2013,4,7,3:20 AM,8,0 ,¡ÆC
2013,4,7,3:50 AM,9,0 ,¡ÆC
2013,4,7,4:20 AM,10,0 ,¡ÆC
2013,4,7,4:50 AM,11,0 ,¡ÆC
2013,4,7,5:20 AM,12,-1, ¡ÆC
2013,4,7,5:50 AM,13,-1, ¡ÆC
2013,4,7,6:20 AM,14,0 ,¡ÆC
2013,4,7,6:50 AM,15,1 ,¡ÆC
2013,4,7,7:20 AM,16,2 ,¡ÆC
2013,4,7,7:50 AM,17,3 ,¡ÆC
2013,4,7,8:20 AM,18,4 ,¡ÆC
2013,4,7,8:50 AM,19,5 ,¡ÆC
2013,4,7,9:20 AM,20,6 ,¡ÆC
2013,4,7,9:50 AM,21,7 ,¡ÆC
2013,4,7,10:20 AM,22,7 ,¡ÆC
2013,4,7,10:50 AM,23,8 ,¡ÆC
2013,4,7,11:20 AM,24,8 ,¡ÆC
2013,4,7,11:50 AM,25,9 ,¡ÆC
2013,4,7,12:20 PM,26,9 ,¡ÆC
2013,4,7,12:50 PM,27,9 ,¡ÆC
2013,4,7,1:20 PM,28,10, ¡ÆC
2013,4,7,1:50 PM,29,10, ¡ÆC
2013,4,7,2:20 PM,30,9 ,¡ÆC
2013,4,7,2:50 PM,31,10, ¡ÆC
2013,4,7,3:20 PM,32,9 ,¡ÆC
2013,4,7,3:50 PM,33,8 ,¡ÆC
2013,4,7,4:20 PM,34,8 ,¡ÆC
2013,4,7,4:50 PM,35,8 ,¡ÆC
2013,4,7,5:20 PM,36,7 ,¡ÆC
2013,4,7,5:50 PM,37,6 ,¡ÆC
2013,4,7,6:20 PM,38,6 ,¡ÆC
2013,4,7,6:50 PM,39,5 ,¡ÆC
2013,4,7,7:20 PM,40,4 ,¡ÆC
2013,4,7,7:50 PM,41,4 ,¡ÆC
2013,4,7,8:20 PM,42,4 ,¡ÆC
2013,4,7,8:50 PM,43,4 ,¡ÆC
2013,4,7,9:20 PM,44,4 ,¡ÆC
2013,4,7,9:50 PM,45,4 ,¡ÆC
2013,4,7,10:20 PM,46,3 ,¡ÆC
2013,4,7,10:50 PM,47,3 ,¡ÆC
2013,4,7,11:20 PM,48,3 ,¡ÆC
2013,4,8,11:50 PM,1,3 ,¡ÆC
2013,4,8,12:20 AM,2,3 ,¡ÆC
2013,4,8,12:50 AM,3,3 ,¡ÆC
2013,4,8,1:20 AM,4,3 ,¡ÆC
2013,4,8,1:50 AM,5,3 ,¡ÆC
2013,4,8,2:20 AM,6,3 ,¡ÆC
2013,4,8,2:50 AM,7,3 ,¡ÆC
2013,4,8,3:20 AM,8,3 ,¡ÆC
2013,4,8,3:50 AM,9,3 ,¡ÆC
2013,4,8,4:20 AM,10,3 ,¡ÆC
2013,4,8,4:50 AM,11,3 ,¡ÆC
2013,4,8,5:20 AM,12,3 ,¡ÆC
2013,4,8,5:50 AM,13,4 ,¡ÆC
2013,4,8,6:20 AM,14,4 ,¡ÆC
2013,4,8,6:50 AM,15,4 ,¡ÆC
2013,4,8,7:20 AM,16,4 ,¡ÆC
2013,4,8,7:50 AM,17,5 ,¡ÆC
2013,4,8,8:20 AM,18,5 ,¡ÆC
2013,4,8,8:50 AM,19,5 ,¡ÆC
2013,4,8,9:20 AM,20,7 ,¡ÆC
2013,4,8,9:50 AM,21,7 ,¡ÆC
2013,4,8,10:20 AM,22,6 ,¡ÆC
2013,4,8,10:50 AM,23,6 ,¡ÆC
2013,4,8,11:20 AM,24,7 ,¡ÆC
2013,4,8,11:50 AM,25,8 ,¡ÆC
2013,4,8,12:20 PM,26,8 ,¡ÆC
2013,4,8,12:50 PM,27,8 ,¡ÆC
2013,4,8,1:20 PM,28,9 ,¡ÆC
2013,4,8,1:50 PM,29,8 ,¡ÆC
2013,4,8,2:20 PM,30,9 ,¡ÆC
2013,4,8,2:50 PM,31,9 ,¡ÆC
2013,4,8,3:20 PM,32,9 ,¡ÆC
2013,4,8,3:50 PM,33,8 ,¡ÆC
2013,4,8,4:20 PM,34,8 ,¡ÆC
2013,4,8,4:50 PM,35,8 ,¡ÆC
2013,4,8,5:20 PM,36,7 ,¡ÆC
2013,4,8,5:50 PM,37,7 ,¡ÆC
2013,4,8,6:20 PM,38,6 ,¡ÆC
2013,4,8,6:50 PM,39,6 ,¡ÆC
2013,4,8,7:20 PM,40,5 ,¡ÆC
2013,4,8,7:50 PM,41,5 ,¡ÆC
2013,4,8,8:20 PM,42,4 ,¡ÆC
2013,4,8,8:50 PM,43,4 ,¡ÆC
2013,4,8,9:20 PM,44,4 ,¡ÆC
2013,4,8,9:50 PM,45,4 ,¡ÆC
2013,4,8,10:20 PM,46,4 ,¡ÆC
2013,4,8,10:50 PM,47,4 ,¡ÆC
2013,4,8,11:20 PM,48,4 ,¡ÆC
2013,4,9,11:50 PM,1,4 ,¡ÆC
2013,4,9,12:20 AM,2,4 ,¡ÆC
2013,4,9,12:50 AM,3,4 ,¡ÆC
2013,4,9,1:20 AM,4,4 ,¡ÆC
2013,4,9,1:50 AM,5,3 ,¡ÆC
2013,4,9,2:20 AM,6,3 ,¡ÆC
2013,4,9,2:50 AM,7,3 ,¡ÆC
2013,4,9,3:20 AM,8,4 ,¡ÆC
2013,4,9,3:50 AM,9,4 ,¡ÆC
2013,4,9,4:20 AM,10,4 ,¡ÆC
2013,4,9,4:50 AM,11,4 ,¡ÆC
2013,4,9,5:20 AM,12,4 ,¡ÆC
2013,4,9,5:50 AM,13,4 ,¡ÆC
2013,4,9,6:20 AM,14,4 ,¡ÆC
2013,4,9,6:50 AM,15,5 ,¡ÆC
2013,4,9,7:20 AM,16,5 ,¡ÆC
2013,4,9,7:50 AM,17,6 ,¡ÆC
2013,4,9,8:20 AM,18,5 ,¡ÆC
2013,4,9,8:50 AM,19,6 ,¡ÆC
2013,4,9,9:20 AM,20,5 ,¡ÆC
2013,4,9,9:50 AM,21,6 ,¡ÆC
2013,4,9,10:20 AM,22,6 ,¡ÆC
2013,4,9,10:50 AM,23,7 ,¡ÆC
2013,4,9,11:20 AM,24,7 ,¡ÆC
2013,4,9,11:50 AM,25,8 ,¡ÆC
2013,4,9,12:20 PM,26,8 ,¡ÆC
2013,4,9,12:50 PM,27,8 ,¡ÆC
2013,4,9,1:20 PM,28,8 ,¡ÆC
2013,4,9,1:50 PM,29,8 ,¡ÆC
2013,4,9,2:20 PM,30,8 ,¡ÆC
2013,4,9,2:50 PM,31,8 ,¡ÆC
2013,4,9,3:20 PM,32,8 ,¡ÆC
2013,4,9,3:50 PM,33,8 ,¡ÆC
2013,4,9,4:20 PM,34,7 ,¡ÆC
2013,4,9,4:50 PM,35,7 ,¡ÆC
2013,4,9,5:20 PM,36,7 ,¡ÆC
2013,4,9,5:50 PM,37,7 ,¡ÆC
2013,4,9,6:20 PM,38,7 ,¡ÆC
2013,4,9,6:50 PM,39,6 ,¡ÆC
2013,4,9,7:20 PM,40,6 ,¡ÆC
2013,4,9,7:50 PM,41,6 ,¡ÆC
2013,4,9,8:20 PM,42,6 ,¡ÆC
2013,4,9,8:50 PM,43,6 ,¡ÆC
2013,4,9,9:20 PM,44,6 ,¡ÆC
2013,4,9,9:50 PM,45,6 ,¡ÆC
2013,4,9,10:20 PM,46,6 ,¡ÆC
2013,4,9,10:50 PM,47,6 ,¡ÆC
2013,4,9,11:20 PM,48,6 ,¡ÆC
2013,4,10,11:50 PM,1,6 ,¡ÆC
2013,4,10,12:20 AM,2,6 ,¡ÆC
2013,4,10,12:50 AM,3,6 ,¡ÆC
2013,4,10,1:20 AM,4,5 ,¡ÆC
2013,4,10,1:50 AM,5,5 ,¡ÆC
2013,4,10,2:20 AM,6,5 ,¡ÆC
2013,4,10,2:50 AM,7,4 ,¡ÆC
2013,4,10,3:20 AM,8,4 ,¡ÆC
2013,4,10,3:50 AM,9,3 ,¡ÆC
2013,4,10,4:20 AM,10,3 ,¡ÆC
2013,4,10,4:50 AM,11,3 ,¡ÆC
2013,4,10,5:20 AM,12,3 ,¡ÆC
2013,4,10,5:50 AM,13,3 ,¡ÆC
2013,4,10,6:20 AM,14,3 ,¡ÆC
2013,4,10,6:50 AM,15,3 ,¡ÆC
2013,4,10,7:20 AM,16,3 ,¡ÆC
2013,4,10,7:50 AM,17,3 ,¡ÆC
2013,4,10,8:20 AM,18,3 ,¡ÆC
2013,4,10,8:50 AM,19,4 ,¡ÆC
2013,4,10,9:20 AM,20,4 ,¡ÆC
2013,4,10,9:50 AM,21,6 ,¡ÆC
2013,4,10,10:20 AM,22,7 ,¡ÆC
2013,4,10,10:50 AM,23,8 ,¡ÆC
2013,4,10,11:20 AM,24,10, ¡ÆC
2013,4,10,11:50 AM,25,10, ¡ÆC
2013,4,10,12:20 PM,26,10, ¡ÆC
2013,4,10,12:50 PM,27,11, ¡ÆC
2013,4,10,1:20 PM,28,11, ¡ÆC
2013,4,10,1:50 PM,29,11, ¡ÆC
2013,4,10,2:20 PM,30,10, ¡ÆC
2013,4,10,2:50 PM,31,10, ¡ÆC
2013,4,10,3:20 PM,32,10, ¡ÆC
2013,4,10,3:50 PM,33,10, ¡ÆC
2013,4,10,4:20 PM,34,10, ¡ÆC
2013,4,10,4:50 PM,35,10, ¡ÆC
2013,4,10,5:20 PM,36,9 ,¡ÆC
2013,4,10,5:50 PM,37,9 ,¡ÆC
2013,4,10,6:20 PM,38,8 ,¡ÆC
2013,4,10,6:50 PM,39,8 ,¡ÆC
2013,4,10,7:20 PM,40,7 ,¡ÆC
2013,4,10,7:50 PM,41,7 ,¡ÆC
2013,4,10,8:20 PM,42,6 ,¡ÆC
2013,4,10,8:50 PM,43,6 ,¡ÆC
2013,4,10,9:20 PM,44,6 ,¡ÆC
2013,4,10,9:50 PM,45,6 ,¡ÆC
2013,4,10,10:20 PM,46,6 ,¡ÆC
2013,4,10,10:50 PM,47,6 ,¡ÆC
2013,4,10,11:20 PM,48,6 ,¡ÆC
2013,4,11,11:50 PM,1,7 ,¡ÆC
2013,4,11,12:20 AM,2,6 ,¡ÆC
2013,4,11,12:50 AM,3,7 ,¡ÆC
2013,4,11,1:20 AM,4,6 ,¡ÆC
2013,4,11,1:50 AM,5,6 ,¡ÆC
2013,4,11,2:20 AM,6,6 ,¡ÆC
2013,4,11,2:50 AM,7,6 ,¡ÆC
2013,4,11,3:20 AM,8,6 ,¡ÆC
2013,4,11,3:50 AM,9,6 ,¡ÆC
2013,4,11,4:20 AM,10,6 ,¡ÆC
2013,4,11,4:50 AM,11,6 ,¡ÆC
2013,4,11,5:20 AM,12,6 ,¡ÆC
2013,4,11,5:50 AM,13,6 ,¡ÆC
2013,4,11,6:20 AM,14,6 ,¡ÆC
2013,4,11,6:50 AM,15,6 ,¡ÆC
2013,4,11,7:20 AM,16,6 ,¡ÆC
2013,4,11,7:50 AM,17,6 ,¡ÆC
2013,4,11,8:20 AM,18,6 ,¡ÆC
2013,4,11,8:50 AM,19,6 ,¡ÆC
2013,4,11,9:20 AM,20,6 ,¡ÆC
2013,4,11,9:50 AM,21,6 ,¡ÆC
2013,4,11,10:20 AM,22,6 ,¡ÆC
2013,4,11,10:50 AM,23,6 ,¡ÆC
2013,4,11,11:20 AM,24,6 ,¡ÆC
2013,4,11,11:50 AM,25,7 ,¡ÆC
2013,4,11,12:20 PM,26,7 ,¡ÆC
2013,4,11,12:50 PM,27,8 ,¡ÆC
2013,4,11,1:20 PM,28,8 ,¡ÆC
2013,4,11,1:50 PM,29,8 ,¡ÆC
2013,4,11,2:20 PM,30,9 ,¡ÆC
2013,4,11,2:50 PM,31,9 ,¡ÆC
2013,4,11,3:20 PM,32,9 ,¡ÆC
2013,4,11,3:50 PM,33,10, ¡ÆC
2013,4,11,4:20 PM,34,9 ,¡ÆC
2013,4,11,4:50 PM,35,8 ,¡ÆC
2013,4,11,5:20 PM,36,8 ,¡ÆC
2013,4,11,5:50 PM,37,8 ,¡ÆC
2013,4,11,6:20 PM,38,7 ,¡ÆC
2013,4,11,6:50 PM,39,7 ,¡ÆC
2013,4,11,7:20 PM,40,6 ,¡ÆC
2013,4,11,7:50 PM,41,6 ,¡ÆC
2013,4,11,8:20 PM,42,6 ,¡ÆC
2013,4,11,8:50 PM,43,6 ,¡ÆC
2013,4,11,9:20 PM,44,6 ,¡ÆC
2013,4,11,9:50 PM,45,8 ,¡ÆC
2013,4,11,10:20 PM,46,8 ,¡ÆC
2013,4,11,10:50 PM,47,8 ,¡ÆC
2013,4,11,11:20 PM,48,8 ,¡ÆC
2013,4,12,11:50 PM,1,8 ,¡ÆC
2013,4,12,12:20 AM,2,9 ,¡ÆC
2013,4,12,12:50 AM,3,8 ,¡ÆC
2013,4,12,1:20 AM,4,8 ,¡ÆC
2013,4,12,1:50 AM,5,8 ,¡ÆC
2013,4,12,2:20 AM,6,7 ,¡ÆC
2013,4,12,2:50 AM,7,7 ,¡ÆC
2013,4,12,3:20 AM,8,7 ,¡ÆC
2013,4,12,3:50 AM,9,8 ,¡ÆC
2013,4,12,4:20 AM,10,8 ,¡ÆC
2013,4,12,4:50 AM,11,8 ,¡ÆC
2013,4,12,5:20 AM,12,8 ,¡ÆC
2013,4,12,5:50 AM,13,8 ,¡ÆC
2013,4,12,6:20 AM,14,8 ,¡ÆC
2013,4,12,6:50 AM,15,8 ,¡ÆC
2013,4,12,7:20 AM,16,9 ,¡ÆC
2013,4,12,7:50 AM,17,9 ,¡ÆC
2013,4,12,8:20 AM,18,9 ,¡ÆC
2013,4,12,8:50 AM,19,10, ¡ÆC
2013,4,12,9:20 AM,20,10, ¡ÆC
2013,4,12,9:50 AM,21,10, ¡ÆC
2013,4,12,10:20 AM,22,11, ¡ÆC
2013,4,12,10:50 AM,23,9 ,¡ÆC
2013,4,12,11:20 AM,24,9 ,¡ÆC
2013,4,12,11:50 AM,25,11, ¡ÆC
2013,4,12,12:20 PM,26,11, ¡ÆC
2013,4,12,12:50 PM,27,10, ¡ÆC
2013,4,12,1:20 PM,28,10, ¡ÆC
2013,4,12,1:50 PM,29,11, ¡ÆC
2013,4,12,2:20 PM,30,10, ¡ÆC
2013,4,12,2:50 PM,31,11, ¡ÆC
2013,4,12,3:20 PM,32,11, ¡ÆC
2013,4,12,3:50 PM,33,11, ¡ÆC
2013,4,12,4:20 PM,34,11, ¡ÆC
2013,4,12,4:50 PM,35,11, ¡ÆC
2013,4,12,5:20 PM,36,11, ¡ÆC
2013,4,12,5:50 PM,37,10, ¡ÆC
2013,4,12,6:20 PM,38,10, ¡ÆC
2013,4,12,6:50 PM,39,9 ,¡ÆC
2013,4,12,7:20 PM,40,9 ,¡ÆC
2013,4,12,7:50 PM,41,9 ,¡ÆC
2013,4,12,8:20 PM,42,9 ,¡ÆC
2013,4,12,8:50 PM,43,9 ,¡ÆC
2013,4,12,9:20 PM,44,8 ,¡ÆC
2013,4,12,9:50 PM,45,8 ,¡ÆC
2013,4,12,10:20 PM,46,8 ,¡ÆC
2013,4,12,10:50 PM,47,8 ,¡ÆC
2013,4,12,11:20 PM,48,8 ,¡ÆC
2013,4,13,11:50 PM,1,8 ,¡ÆC
2013,4,13,12:20 AM,2,8 ,¡ÆC
2013,4,13,12:50 AM,3,8 ,¡ÆC
2013,4,13,1:20 AM,4,8 ,¡ÆC
2013,4,13,1:50 AM,5,7 ,¡ÆC
2013,4,13,2:20 AM,6,7 ,¡ÆC
2013,4,13,2:50 AM,7,7 ,¡ÆC
2013,4,13,3:20 AM,8,6 ,¡ÆC
2013,4,13,3:50 AM,9,6 ,¡ÆC
2013,4,13,4:20 AM,10,6 ,¡ÆC
2013,4,13,4:50 AM,11,6 ,¡ÆC
2013,4,13,5:20 AM,12,6 ,¡ÆC
2013,4,13,5:50 AM,13,6 ,¡ÆC
2013,4,13,6:20 AM,14,7 ,¡ÆC
2013,4,13,6:50 AM,15,8 ,¡ÆC
2013,4,13,7:20 AM,16,8 ,¡ÆC
2013,4,13,7:50 AM,17,7 ,¡ÆC
2013,4,13,8:20 AM,18,8 ,¡ÆC
2013,4,13,8:50 AM,19,9 ,¡ÆC
2013,4,13,9:20 AM,20,10, ¡ÆC
2013,4,13,9:50 AM,21,11, ¡ÆC
2013,4,13,10:20 AM,22,11, ¡ÆC
2013,4,13,10:50 AM,23,12, ¡ÆC
2013,4,13,11:20 AM,24,11, ¡ÆC
2013,4,13,11:50 AM,25,11, ¡ÆC
2013,4,13,12:20 PM,26,11, ¡ÆC
2013,4,13,12:50 PM,27,11, ¡ÆC
2013,4,13,1:20 PM,28,10, ¡ÆC
2013,4,13,1:50 PM,29,11, ¡ÆC
2013,4,13,2:20 PM,30,11, ¡ÆC
2013,4,13,2:50 PM,31,10, ¡ÆC
2013,4,13,3:20 PM,32,10, ¡ÆC
2013,4,13,3:50 PM,33,11, ¡ÆC
2013,4,13,4:20 PM,34,11, ¡ÆC
2013,4,13,4:50 PM,35,11, ¡ÆC
2013,4,13,5:20 PM,36,11, ¡ÆC
2013,4,13,5:50 PM,37,11, ¡ÆC
2013,4,13,6:20 PM,38,11, ¡ÆC
2013,4,13,6:50 PM,39,11, ¡ÆC
2013,4,13,7:20 PM,40,11, ¡ÆC
2013,4,13,7:50 PM,41,11, ¡ÆC
2013,4,13,8:20 PM,42,11, ¡ÆC
2013,4,13,8:50 PM,43,11, ¡ÆC
2013,4,13,9:20 PM,44,11, ¡ÆC
2013,4,13,9:50 PM,45,11, ¡ÆC
2013,4,13,10:20 PM,46,11, ¡ÆC
2013,4,13,10:50 PM,47,11, ¡ÆC
2013,4,13,11:20 PM,48,11, ¡ÆC
2013,4,14,11:50 PM,1,11, ¡ÆC
2013,4,14,12:20 AM,2,12, ¡ÆC
2013,4,14,12:50 AM,3,11, ¡ÆC
2013,4,14,1:20 AM,4,12, ¡ÆC
2013,4,14,1:50 AM,5,12, ¡ÆC
2013,4,14,2:20 AM,6,12, ¡ÆC
2013,4,14,2:50 AM,7,12, ¡ÆC
2013,4,14,3:20 AM,8,12, ¡ÆC
2013,4,14,3:50 AM,9,12, ¡ÆC
2013,4,14,4:20 AM,10,12, ¡ÆC
2013,4,14,4:50 AM,11,12, ¡ÆC
2013,4,14,5:20 AM,12,12, ¡ÆC
2013,4,14,5:50 AM,13,12, ¡ÆC
2013,4,14,6:20 AM,14,12, ¡ÆC
2013,4,14,6:50 AM,15,13, ¡ÆC
2013,4,14,7:20 AM,16,14, ¡ÆC
2013,4,14,7:50 AM,17,14, ¡ÆC
2013,4,14,8:20 AM,18,15, ¡ÆC
2013,4,14,8:50 AM,19,16, ¡ÆC
2013,4,14,9:20 AM,20,16, ¡ÆC
2013,4,14,9:50 AM,21,17, ¡ÆC
2013,4,14,10:20 AM,22,18, ¡ÆC
2013,4,14,10:50 AM,23,18, ¡ÆC
2013,4,14,11:20 AM,24,19, ¡ÆC
2013,4,14,11:50 AM,25,19, ¡ÆC
2013,4,14,12:20 PM,26,20, ¡ÆC
2013,4,14,12:50 PM,27,20, ¡ÆC
2013,4,14,1:20 PM,28,19, ¡ÆC
2013,4,14,1:50 PM,29,20, ¡ÆC
2013,4,14,2:20 PM,30,20, ¡ÆC
2013,4,14,2:50 PM,31,19, ¡ÆC
2013,4,14,3:20 PM,32,18, ¡ÆC
2013,4,14,3:50 PM,33,18, ¡ÆC
2013,4,14,4:20 PM,34,18, ¡ÆC
2013,4,14,4:50 PM,35,18, ¡ÆC
2013,4,14,5:20 PM,36,18, ¡ÆC
2013,4,14,5:50 PM,37,18, ¡ÆC
2013,4,14,6:20 PM,38,17, ¡ÆC
2013,4,14,6:50 PM,39,16, ¡ÆC
2013,4,14,7:20 PM,40,15, ¡ÆC
2013,4,14,7:50 PM,41,15, ¡ÆC
2013,4,14,8:20 PM,42,14, ¡ÆC
2013,4,14,8:50 PM,43,14, ¡ÆC
2013,4,14,9:20 PM,44,14, ¡ÆC
2013,4,14,9:50 PM,45,14, ¡ÆC
2013,4,14,10:20 PM,46,14, ¡ÆC
2013,4,14,10:50 PM,47,14, ¡ÆC
2013,4,14,11:20 PM,48,14, ¡ÆC
2013,4,15,11:50 PM,1,13, ¡ÆC
2013,4,15,12:20 AM,2,13, ¡ÆC
2013,4,15,12:50 AM,3,12, ¡ÆC
2013,4,15,1:20 AM,4,12, ¡ÆC
2013,4,15,1:50 AM,5,11, ¡ÆC
2013,4,15,2:20 AM,6,11, ¡ÆC
2013,4,15,2:50 AM,7,11, ¡ÆC
2013,4,15,3:20 AM,8,11, ¡ÆC
2013,4,15,3:50 AM,9,11, ¡ÆC
2013,4,15,4:20 AM,10,11, ¡ÆC
2013,4,15,4:50 AM,11,11, ¡ÆC
2013,4,15,5:20 AM,12,11, ¡ÆC
2013,4,15,5:50 AM,13,11, ¡ÆC
2013,4,15,6:20 AM,14,12, ¡ÆC
2013,4,15,6:50 AM,15,12, ¡ÆC
2013,4,15,7:20 AM,16,12, ¡ÆC
2013,4,15,7:50 AM,17,13, ¡ÆC
2013,4,15,8:20 AM,18,13, ¡ÆC
2013,4,15,8:50 AM,19,14, ¡ÆC
2013,4,15,9:20 AM,20,14, ¡ÆC
2013,4,15,9:50 AM,21,15, ¡ÆC
2013,4,15,10:20 AM,22,15, ¡ÆC
2013,4,15,10:50 AM,23,16, ¡ÆC
2013,4,15,11:20 AM,24,15, ¡ÆC
2013,4,15,11:50 AM,25,15, ¡ÆC
2013,4,15,12:20 PM,26,15, ¡ÆC
2013,4,15,12:50 PM,27,15, ¡ÆC
2013,4,15,1:20 PM,28,15, ¡ÆC
2013,4,15,1:50 PM,29,15, ¡ÆC
2013,4,15,2:20 PM,30,15, ¡ÆC
2013,4,15,2:50 PM,31,15, ¡ÆC
2013,4,15,3:20 PM,32,15, ¡ÆC
2013,4,15,3:50 PM,33,15, ¡ÆC
2013,4,15,4:20 PM,34,15, ¡ÆC
2013,4,15,4:50 PM,35,14, ¡ÆC
2013,4,15,5:20 PM,36,14, ¡ÆC
2013,4,15,5:50 PM,37,14, ¡ÆC
2013,4,15,6:20 PM,38,14, ¡ÆC
2013,4,15,6:50 PM,39,13, ¡ÆC
2013,4,15,7:20 PM,40,13, ¡ÆC
2013,4,15,7:50 PM,41,12, ¡ÆC
2013,4,15,8:20 PM,42,12, ¡ÆC
2013,4,15,8:50 PM,43,11, ¡ÆC
2013,4,15,9:20 PM,44,11, ¡ÆC
2013,4,15,9:50 PM,45,11, ¡ÆC
2013,4,15,10:20 PM,46,11, ¡ÆC
2013,4,15,10:50 PM,47,11, ¡ÆC
2013,4,15,11:20 PM,48,11, ¡ÆC
2013,4,16,11:50 PM,1,10, ¡ÆC
2013,4,16,12:20 AM,2,10, ¡ÆC
2013,4,16,12:50 AM,3,10, ¡ÆC
2013,4,16,1:20 AM,4,10, ¡ÆC
2013,4,16,1:50 AM,5,10, ¡ÆC
2013,4,16,2:20 AM,6,10, ¡ÆC
2013,4,16,2:50 AM,7,11, ¡ÆC
2013,4,16,3:20 AM,8,11, ¡ÆC
2013,4,16,3:50 AM,9,11, ¡ÆC
2013,4,16,4:20 AM,10,11, ¡ÆC
2013,4,16,4:50 AM,11,11, ¡ÆC
2013,4,16,5:20 AM,12,10, ¡ÆC
2013,4,16,5:50 AM,13,10, ¡ÆC
2013,4,16,6:20 AM,14,10, ¡ÆC
2013,4,16,6:50 AM,15,11, ¡ÆC
2013,4,16,7:20 AM,16,11, ¡ÆC
2013,4,16,7:50 AM,17,12, ¡ÆC
2013,4,16,8:20 AM,18,12, ¡ÆC
2013,4,16,8:50 AM,19,13, ¡ÆC
2013,4,16,9:20 AM,20,13, ¡ÆC
2013,4,16,9:50 AM,21,14, ¡ÆC
2013,4,16,10:20 AM,22,14, ¡ÆC
2013,4,16,10:50 AM,23,14, ¡ÆC
2013,4,16,11:20 AM,24,14, ¡ÆC
2013,4,16,11:50 AM,25,14, ¡ÆC
2013,4,16,12:20 PM,26,14, ¡ÆC
2013,4,16,12:50 PM,27,15, ¡ÆC
2013,4,16,1:20 PM,28,15, ¡ÆC
2013,4,16,1:50 PM,29,15, ¡ÆC
2013,4,16,2:20 PM,30,16, ¡ÆC
2013,4,16,2:50 PM,31,16, ¡ÆC
2013,4,16,3:20 PM,32,16, ¡ÆC
2013,4,16,3:50 PM,33,16, ¡ÆC
2013,4,16,4:20 PM,34,16, ¡ÆC
2013,4,16,4:50 PM,35,16, ¡ÆC
2013,4,16,5:20 PM,36,15, ¡ÆC
2013,4,16,5:50 PM,37,15, ¡ÆC
2013,4,16,6:20 PM,38,14, ¡ÆC
2013,4,16,6:50 PM,39,13, ¡ÆC
2013,4,16,7:20 PM,40,13, ¡ÆC
2013,4,16,7:50 PM,41,12, ¡ÆC
2013,4,16,8:20 PM,42,12, ¡ÆC
2013,4,16,8:50 PM,43,11, ¡ÆC
2013,4,16,9:20 PM,44,11, ¡ÆC
2013,4,16,9:50 PM,45,11, ¡ÆC
2013,4,16,10:20 PM,46,11, ¡ÆC
2013,4,16,10:50 PM,47,11, ¡ÆC
2013,4,16,11:20 PM,48,11, ¡ÆC
2013,4,17,11:50 PM,1,10, ¡ÆC
2013,4,17,12:20 AM,2,10, ¡ÆC
2013,4,17,12:50 AM,3,9 ,¡ÆC
2013,4,17,1:20 AM,4,10, ¡ÆC
2013,4,17,1:50 AM,5,10, ¡ÆC
2013,4,17,2:20 AM,6,10, ¡ÆC
2013,4,17,2:50 AM,7,10, ¡ÆC
2013,4,17,3:20 AM,8,10, ¡ÆC
2013,4,17,3:50 AM,9,10, ¡ÆC
2013,4,17,4:20 AM,10,10, ¡ÆC
2013,4,17,4:50 AM,11,10, ¡ÆC
2013,4,17,5:20 AM,12,11, ¡ÆC
2013,4,17,5:50 AM,13,11, ¡ÆC
2013,4,17,6:20 AM,14,11, ¡ÆC
2013,4,17,6:50 AM,15,12, ¡ÆC
2013,4,17,7:20 AM,16,12, ¡ÆC
2013,4,17,7:50 AM,17,12, ¡ÆC
2013,4,17,8:20 AM,18,12, ¡ÆC
2013,4,17,8:50 AM,19,12, ¡ÆC
2013,4,17,9:20 AM,20,12, ¡ÆC
2013,4,17,9:50 AM,21,13, ¡ÆC
2013,4,17,10:20 AM,22,13, ¡ÆC
2013,4,17,10:50 AM,23,14, ¡ÆC
2013,4,17,11:20 AM,24,14, ¡ÆC
2013,4,17,11:50 AM,25,15, ¡ÆC
2013,4,17,12:20 PM,26,15, ¡ÆC
2013,4,17,12:50 PM,27,16, ¡ÆC
2013,4,17,1:20 PM,28,16, ¡ÆC
2013,4,17,1:50 PM,29,16, ¡ÆC
2013,4,17,2:20 PM,30,16, ¡ÆC
2013,4,17,2:50 PM,31,16, ¡ÆC
2013,4,17,3:20 PM,32,17, ¡ÆC
2013,4,17,3:50 PM,33,17, ¡ÆC
2013,4,17,4:20 PM,34,18, ¡ÆC
2013,4,17,4:50 PM,35,18, ¡ÆC
2013,4,17,5:20 PM,36,18, ¡ÆC
2013,4,17,5:50 PM,37,18, ¡ÆC
2013,4,17,6:20 PM,38,18, ¡ÆC
2013,4,17,6:50 PM,39,18, ¡ÆC
2013,4,17,7:20 PM,40,17, ¡ÆC
2013,4,17,7:50 PM,41,16, ¡ÆC
2013,4,17,8:20 PM,42,16, ¡ÆC
2013,4,17,8:50 PM,43,14, ¡ÆC
2013,4,17,9:20 PM,44,14, ¡ÆC
2013,4,17,9:50 PM,45,13, ¡ÆC
2013,4,17,10:20 PM,46,12, ¡ÆC
2013,4,17,10:50 PM,47,12, ¡ÆC
2013,4,17,11:20 PM,48,12, ¡ÆC
2013,4,18,11:50 PM,1,11, ¡ÆC
2013,4,18,12:20 AM,2,11, ¡ÆC
2013,4,18,12:50 AM,3,11, ¡ÆC
2013,4,18,1:20 AM,4,10, ¡ÆC
2013,4,18,1:50 AM,5,10, ¡ÆC
2013,4,18,2:20 AM,6,10, ¡ÆC
2013,4,18,2:50 AM,7,10, ¡ÆC
2013,4,18,3:20 AM,8,10, ¡ÆC
2013,4,18,3:50 AM,9,9 ,¡ÆC
2013,4,18,4:20 AM,10,10, ¡ÆC
2013,4,18,4:50 AM,11,9 ,¡ÆC
2013,4,18,5:20 AM,12,9 ,¡ÆC
2013,4,18,5:50 AM,13,9 ,¡ÆC
2013,4,18,6:20 AM,14,10, ¡ÆC
2013,4,18,6:50 AM,15,10, ¡ÆC
2013,4,18,7:20 AM,16,10, ¡ÆC
2013,4,18,7:50 AM,17,11, ¡ÆC
2013,4,18,8:20 AM,18,11, ¡ÆC
2013,4,18,8:50 AM,19,11, ¡ÆC
2013,4,18,9:20 AM,20,12, ¡ÆC
2013,4,18,9:50 AM,21,12, ¡ÆC
2013,4,18,10:20 AM,22,12, ¡ÆC
2013,4,18,10:50 AM,23,13, ¡ÆC
2013,4,18,11:20 AM,24,13, ¡ÆC
2013,4,18,11:50 AM,25,14, ¡ÆC
2013,4,18,12:20 PM,26,14, ¡ÆC
2013,4,18,12:50 PM,27,14, ¡ÆC
2013,4,18,1:20 PM,28,14, ¡ÆC
2013,4,18,1:50 PM,29,9 ,¡ÆC
2013,4,18,2:20 PM,30,9 ,¡ÆC
2013,4,18,2:50 PM,31,10, ¡ÆC
2013,4,18,3:20 PM,32,10, ¡ÆC
2013,4,18,3:50 PM,33,11, ¡ÆC
2013,4,18,4:20 PM,34,12, ¡ÆC
2013,4,18,4:50 PM,35,12, ¡ÆC
2013,4,18,5:20 PM,36,12, ¡ÆC
2013,4,18,5:50 PM,37,12, ¡ÆC
2013,4,18,6:20 PM,38,12, ¡ÆC
2013,4,18,6:50 PM,39,11, ¡ÆC
2013,4,18,7:20 PM,40,11, ¡ÆC
2013,4,18,7:50 PM,41,10, ¡ÆC
2013,4,18,8:20 PM,42,10, ¡ÆC
2013,4,18,8:50 PM,43,9 ,¡ÆC
2013,4,18,9:20 PM,44,9 ,¡ÆC
2013,4,18,9:50 PM,45,9 ,¡ÆC
2013,4,18,10:20 PM,46,9 ,¡ÆC
2013,4,18,10:50 PM,47,9 ,¡ÆC
2013,4,18,11:20 PM,48,9 ,¡ÆC
2013,4,19,11:50 PM,1,8 ,¡ÆC
2013,4,19,12:20 AM,2,8 ,¡ÆC
2013,4,19,12:50 AM,3,8 ,¡ÆC
2013,4,19,1:20 AM,4,8 ,¡ÆC
2013,4,19,1:50 AM,5,7 ,¡ÆC
2013,4,19,2:20 AM,6,7 ,¡ÆC
2013,4,19,2:50 AM,7,8 ,¡ÆC
2013,4,19,3:20 AM,8,8 ,¡ÆC
2013,4,19,3:50 AM,9,8 ,¡ÆC
2013,4,19,4:20 AM,10,8 ,¡ÆC
2013,4,19,4:50 AM,11,8 ,¡ÆC
2013,4,19,5:20 AM,12,8 ,¡ÆC
2013,4,19,5:50 AM,13,9 ,¡ÆC
2013,4,19,6:20 AM,14,9 ,¡ÆC
2013,4,19,6:50 AM,15,9 ,¡ÆC
2013,4,19,7:20 AM,16,9 ,¡ÆC
2013,4,19,7:50 AM,17,9 ,¡ÆC
2013,4,19,8:20 AM,18,9 ,¡ÆC
2013,4,19,8:50 AM,19,9 ,¡ÆC
2013,4,19,9:20 AM,20,10, ¡ÆC
2013,4,19,9:50 AM,21,10, ¡ÆC
2013,4,19,10:20 AM,22,10, ¡ÆC
2013,4,19,10:50 AM,23,10, ¡ÆC
2013,4,19,11:20 AM,24,10, ¡ÆC
2013,4,19,11:50 AM,25,10, ¡ÆC
2013,4,19,12:20 PM,26,10, ¡ÆC
2013,4,19,12:50 PM,27,11, ¡ÆC
2013,4,19,1:20 PM,28,11, ¡ÆC
2013,4,19,1:50 PM,29,11, ¡ÆC
2013,4,19,2:20 PM,30,11, ¡ÆC
2013,4,19,2:50 PM,31,11, ¡ÆC
2013,4,19,3:20 PM,32,11, ¡ÆC
2013,4,19,3:50 PM,33,11, ¡ÆC
2013,4,19,4:20 PM,34,11, ¡ÆC
2013,4,19,4:50 PM,35,11, ¡ÆC
2013,4,19,5:20 PM,36,11, ¡ÆC
2013,4,19,5:50 PM,37,10, ¡ÆC
2013,4,19,6:20 PM,38,9 ,¡ÆC
2013,4,19,6:50 PM,39,8 ,¡ÆC
2013,4,19,7:20 PM,40,8 ,¡ÆC
2013,4,19,7:50 PM,41,8 ,¡ÆC
2013,4,19,8:20 PM,42,8 ,¡ÆC
2013,4,19,8:50 PM,43,6 ,¡ÆC
2013,4,19,9:20 PM,44,6 ,¡ÆC
2013,4,19,9:50 PM,45,6 ,¡ÆC
2013,4,19,10:20 PM,46,6 ,¡ÆC
2013,4,19,10:50 PM,47,6 ,¡ÆC
2013,4,19,11:20 PM,48,6 ,¡ÆC
2013,4,20,11:50 PM,1,5 ,¡ÆC
2013,4,20,12:20 AM,2,5 ,¡ÆC
2013,4,20,12:50 AM,3,5 ,¡ÆC
2013,4,20,1:20 AM,4,5 ,¡ÆC
2013,4,20,1:50 AM,5,5 ,¡ÆC
2013,4,20,2:20 AM,6,4 ,¡ÆC
2013,4,20,2:50 AM,7,4 ,¡ÆC
2013,4,20,3:20 AM,8,4 ,¡ÆC
2013,4,20,3:50 AM,9,3 ,¡ÆC
2013,4,20,4:20 AM,10,3 ,¡ÆC
2013,4,20,4:50 AM,11,3 ,¡ÆC
2013,4,20,5:20 AM,12,3 ,¡ÆC
2013,4,20,5:50 AM,13,3 ,¡ÆC
2013,4,20,6:20 AM,14,4 ,¡ÆC
2013,4,20,6:50 AM,15,4 ,¡ÆC
2013,4,20,7:20 AM,16,5 ,¡ÆC
2013,4,20,7:50 AM,17,6 ,¡ÆC
2013,4,20,8:20 AM,18,7 ,¡ÆC
2013,4,20,8:50 AM,19,7 ,¡ÆC
2013,4,20,9:20 AM,20,8 ,¡ÆC
2013,4,20,9:50 AM,21,9 ,¡ÆC
2013,4,20,10:20 AM,22,9 ,¡ÆC
2013,4,20,10:50 AM,23,9 ,¡ÆC
2013,4,20,11:20 AM,24,10, ¡ÆC
2013,4,20,11:50 AM,25,10, ¡ÆC
2013,4,20,12:20 PM,26,11, ¡ÆC
2013,4,20,12:50 PM,27,11, ¡ÆC
2013,4,20,1:20 PM,28,12, ¡ÆC
2013,4,20,1:50 PM,29,11, ¡ÆC
2013,4,20,2:20 PM,30,12, ¡ÆC
2013,4,20,2:50 PM,31,11, ¡ÆC
2013,4,20,3:20 PM,32,11, ¡ÆC
2013,4,20,3:50 PM,33,11, ¡ÆC
2013,4,20,4:20 PM,34,10, ¡ÆC
2013,4,20,4:50 PM,35,10, ¡ÆC
2013,4,20,5:20 PM,36,9 ,¡ÆC
2013,4,20,5:50 PM,37,9 ,¡ÆC
2013,4,20,6:20 PM,38,8 ,¡ÆC
2013,4,20,6:50 PM,39,7 ,¡ÆC
2013,4,20,7:20 PM,40,7 ,¡ÆC
2013,4,20,7:50 PM,41,6 ,¡ÆC
2013,4,20,8:20 PM,42,6 ,¡ÆC
2013,4,20,8:50 PM,43,5 ,¡ÆC
2013,4,20,9:20 PM,44,5 ,¡ÆC
2013,4,20,9:50 PM,45,5 ,¡ÆC
2013,4,20,10:20 PM,46,4 ,¡ÆC
2013,4,20,10:50 PM,47,4 ,¡ÆC
2013,4,20,11:20 PM,48,4 ,¡ÆC
2013,4,21,11:50 PM,1,5 ,¡ÆC
2013,4,21,12:20 AM,2,4 ,¡ÆC
2013,4,21,12:50 AM,3,4 ,¡ÆC
2013,4,21,1:20 AM,4,4 ,¡ÆC
2013,4,21,1:50 AM,5,4 ,¡ÆC
2013,4,21,2:20 AM,6,4 ,¡ÆC
2013,4,21,2:50 AM,7,3 ,¡ÆC
2013,4,21,3:20 AM,8,3 ,¡ÆC
2013,4,21,3:50 AM,9,3 ,¡ÆC
2013,4,21,4:20 AM,10,3 ,¡ÆC
2013,4,21,4:50 AM,11,3 ,¡ÆC
2013,4,21,5:20 AM,12,3 ,¡ÆC
2013,4,21,5:50 AM,13,3 ,¡ÆC
2013,4,21,6:20 AM,14,4 ,¡ÆC
2013,4,21,6:50 AM,15,6 ,¡ÆC
2013,4,21,7:20 AM,16,5 ,¡ÆC
2013,4,21,7:50 AM,17,6 ,¡ÆC
2013,4,21,8:20 AM,18,7 ,¡ÆC
2013,4,21,8:50 AM,19,8 ,¡ÆC
2013,4,21,9:20 AM,20,9 ,¡ÆC
2013,4,21,9:50 AM,21,10, ¡ÆC
2013,4,21,10:20 AM,22,11, ¡ÆC
2013,4,21,10:50 AM,23,11, ¡ÆC
2013,4,21,11:20 AM,24,12, ¡ÆC
2013,4,21,11:50 AM,25,13, ¡ÆC
2013,4,21,12:20 PM,26,13, ¡ÆC
2013,4,21,12:50 PM,27,14, ¡ÆC
2013,4,21,1:20 PM,28,13, ¡ÆC
2013,4,21,1:50 PM,29,13, ¡ÆC
2013,4,21,2:20 PM,30,14, ¡ÆC
2013,4,21,2:50 PM,31,14, ¡ÆC
2013,4,21,3:20 PM,32,14, ¡ÆC
2013,4,21,3:50 PM,33,13, ¡ÆC
2013,4,21,4:20 PM,34,13, ¡ÆC
2013,4,21,4:50 PM,35,13, ¡ÆC
2013,4,21,5:20 PM,36,13, ¡ÆC
2013,4,21,5:50 PM,37,12, ¡ÆC
2013,4,21,6:20 PM,38,12, ¡ÆC
2013,4,21,6:50 PM,39,11, ¡ÆC
2013,4,21,7:20 PM,40,11, ¡ÆC
2013,4,21,7:50 PM,41,11, ¡ÆC
2013,4,21,8:20 PM,42,11, ¡ÆC
2013,4,21,8:50 PM,43,10, ¡ÆC
2013,4,21,9:20 PM,44,9 ,¡ÆC
2013,4,21,9:50 PM,45,9 ,¡ÆC
2013,4,21,10:20 PM,46,8 ,¡ÆC
2013,4,21,10:50 PM,47,8 ,¡ÆC
2013,4,21,11:20 PM,48,8 ,¡ÆC
2013,4,22,11:50 PM,1,8 ,¡ÆC
2013,4,22,12:20 AM,2,7 ,¡ÆC
2013,4,22,12:50 AM,3,7 ,¡ÆC
2013,4,22,1:20 AM,4,7 ,¡ÆC
2013,4,22,1:50 AM,5,7 ,¡ÆC
2013,4,22,2:20 AM,6,7 ,¡ÆC
2013,4,22,2:50 AM,7,7 ,¡ÆC
2013,4,22,3:20 AM,8,7 ,¡ÆC
2013,4,22,3:50 AM,9,8 ,¡ÆC
2013,4,22,4:20 AM,10,8 ,¡ÆC
2013,4,22,4:50 AM,11,8 ,¡ÆC
2013,4,22,5:20 AM,12,8 ,¡ÆC
2013,4,22,5:50 AM,13,8 ,¡ÆC
2013,4,22,6:20 AM,14,9 ,¡ÆC
2013,4,22,6:50 AM,15,9 ,¡ÆC
2013,4,22,7:20 AM,16,9 ,¡ÆC
2013,4,22,7:50 AM,17,9 ,¡ÆC
2013,4,22,8:20 AM,18,10, ¡ÆC
2013,4,22,8:50 AM,19,10, ¡ÆC
2013,4,22,9:20 AM,20,11, ¡ÆC
2013,4,22,9:50 AM,21,12, ¡ÆC
2013,4,22,10:20 AM,22,12, ¡ÆC
2013,4,22,10:50 AM,23,13, ¡ÆC
2013,4,22,11:20 AM,24,13, ¡ÆC
2013,4,22,11:50 AM,25,13, ¡ÆC
2013,4,22,12:20 PM,26,14, ¡ÆC
2013,4,22,12:50 PM,27,14, ¡ÆC
2013,4,22,1:20 PM,28,14, ¡ÆC
2013,4,22,1:50 PM,29,14, ¡ÆC
2013,4,22,2:20 PM,30,14, ¡ÆC
2013,4,22,2:50 PM,31,14, ¡ÆC
2013,4,22,3:20 PM,32,14, ¡ÆC
2013,4,22,3:50 PM,33,13, ¡ÆC
2013,4,22,4:20 PM,34,13, ¡ÆC
2013,4,22,4:50 PM,35,13, ¡ÆC
2013,4,22,5:20 PM,36,13, ¡ÆC
2013,4,22,5:50 PM,37,12, ¡ÆC
2013,4,22,6:20 PM,38,12, ¡ÆC
2013,4,22,6:50 PM,39,12, ¡ÆC
2013,4,22,7:20 PM,40,12, ¡ÆC
2013,4,22,7:50 PM,41,11, ¡ÆC
2013,4,22,8:20 PM,42,11, ¡ÆC
2013,4,22,8:50 PM,43,11, ¡ÆC
2013,4,22,9:20 PM,44,11, ¡ÆC
2013,4,22,9:50 PM,45,11, ¡ÆC
2013,4,22,10:20 PM,46,11, ¡ÆC
2013,4,22,10:50 PM,47,11, ¡ÆC
2013,4,22,11:20 PM,48,11, ¡ÆC
2013,4,23,11:50 PM,1,11, ¡ÆC
2013,4,23,12:20 AM,2,11, ¡ÆC
2013,4,23,12:50 AM,3,10, ¡ÆC
2013,4,23,1:20 AM,4,11, ¡ÆC
2013,4,23,1:50 AM,5,11, ¡ÆC
2013,4,23,2:20 AM,6,11, ¡ÆC
2013,4,23,2:50 AM,7,11, ¡ÆC
2013,4,23,3:20 AM,8,11, ¡ÆC
2013,4,23,3:50 AM,9,11, ¡ÆC
2013,4,23,4:20 AM,10,11, ¡ÆC
2013,4,23,4:50 AM,11,10, ¡ÆC
2013,4,23,5:20 AM,12,10, ¡ÆC
2013,4,23,5:50 AM,13,11, ¡ÆC
2013,4,23,6:20 AM,14,11, ¡ÆC
2013,4,23,6:50 AM,15,11, ¡ÆC
2013,4,23,7:20 AM,16,12, ¡ÆC
2013,4,23,7:50 AM,17,12, ¡ÆC
2013,4,23,8:20 AM,18,13, ¡ÆC
2013,4,23,8:50 AM,19,13, ¡ÆC
2013,4,23,9:20 AM,20,14, ¡ÆC
2013,4,23,9:50 AM,21,15, ¡ÆC
2013,4,23,10:20 AM,22,15, ¡ÆC
2013,4,23,10:50 AM,23,16, ¡ÆC
2013,4,23,11:20 AM,24,16, ¡ÆC
2013,4,23,11:50 AM,25,16, ¡ÆC
2013,4,23,12:20 PM,26,17, ¡ÆC
2013,4,23,12:50 PM,27,18, ¡ÆC
2013,4,23,1:20 PM,28,18, ¡ÆC
2013,4,23,1:50 PM,29,18, ¡ÆC
2013,4,23,2:20 PM,30,18, ¡ÆC
2013,4,23,2:50 PM,31,19, ¡ÆC
2013,4,23,3:20 PM,32,19, ¡ÆC
2013,4,23,3:50 PM,33,20, ¡ÆC
2013,4,23,4:20 PM,34,20, ¡ÆC
2013,4,23,4:50 PM,35,20, ¡ÆC
2013,4,23,5:20 PM,36,20, ¡ÆC
2013,4,23,5:50 PM,37,20, ¡ÆC
2013,4,23,6:20 PM,38,19, ¡ÆC
2013,4,23,6:50 PM,39,18, ¡ÆC
2013,4,23,7:20 PM,40,18, ¡ÆC
2013,4,23,7:50 PM,41,17, ¡ÆC
2013,4,23,8:20 PM,42,16, ¡ÆC
2013,4,23,8:50 PM,43,16, ¡ÆC
2013,4,23,9:20 PM,44,15, ¡ÆC
2013,4,23,9:50 PM,45,15, ¡ÆC
2013,4,23,10:20 PM,46,15, ¡ÆC
2013,4,23,10:50 PM,47,15, ¡ÆC
2013,4,23,11:20 PM,48,15, ¡ÆC
2013,4,24,11:50 PM,1,14, ¡ÆC
2013,4,24,12:20 AM,2,13, ¡ÆC
2013,4,24,12:50 AM,3,13, ¡ÆC
2013,4,24,1:20 AM,4,12, ¡ÆC
2013,4,24,1:50 AM,5,12, ¡ÆC
2013,4,24,2:20 AM,6,12, ¡ÆC
2013,4,24,2:50 AM,7,12, ¡ÆC
2013,4,24,3:20 AM,8,11, ¡ÆC
2013,4,24,3:50 AM,9,11, ¡ÆC
2013,4,24,4:20 AM,10,11, ¡ÆC
2013,4,24,4:50 AM,11,11, ¡ÆC
2013,4,24,5:20 AM,12,11, ¡ÆC
2013,4,24,5:50 AM,13,11, ¡ÆC
2013,4,24,6:20 AM,14,11, ¡ÆC
2013,4,24,6:50 AM,15,12, ¡ÆC
2013,4,24,7:20 AM,16,13, ¡ÆC
2013,4,24,7:50 AM,17,14, ¡ÆC
2013,4,24,8:20 AM,18,15, ¡ÆC
2013,4,24,8:50 AM,19,14, ¡ÆC
2013,4,24,9:20 AM,20,15, ¡ÆC
2013,4,24,9:50 AM,21,16, ¡ÆC
2013,4,24,10:20 AM,22,17, ¡ÆC
2013,4,24,10:50 AM,23,17, ¡ÆC
2013,4,24,11:20 AM,24,18, ¡ÆC
2013,4,24,11:50 AM,25,18, ¡ÆC
2013,4,24,12:20 PM,26,18, ¡ÆC
2013,4,24,12:50 PM,27,17, ¡ÆC
2013,4,24,1:20 PM,28,19, ¡ÆC
2013,4,24,1:50 PM,29,19, ¡ÆC
2013,4,24,2:20 PM,30,19, ¡ÆC
2013,4,24,2:50 PM,31,19, ¡ÆC
2013,4,24,3:20 PM,32,19, ¡ÆC
2013,4,24,3:50 PM,33,18, ¡ÆC
2013,4,24,4:20 PM,34,18, ¡ÆC
2013,4,24,4:50 PM,35,18, ¡ÆC
2013,4,24,5:20 PM,36,18, ¡ÆC
2013,4,24,5:50 PM,37,19, ¡ÆC
2013,4,24,6:20 PM,38,17, ¡ÆC
2013,4,24,6:50 PM,39,17, ¡ÆC
2013,4,24,7:20 PM,40,16, ¡ÆC
2013,4,24,7:50 PM,41,16, ¡ÆC
2013,4,24,8:20 PM,42,15, ¡ÆC
2013,4,24,8:50 PM,43,15, ¡ÆC
2013,4,24,9:20 PM,44,15, ¡ÆC
2013,4,24,9:50 PM,45,15, ¡ÆC
2013,4,24,10:20 PM,46,14, ¡ÆC
2013,4,24,10:50 PM,47,14, ¡ÆC
2013,4,24,11:20 PM,48,14, ¡ÆC
2013,4,25,11:50 PM,1,14, ¡ÆC
2013,4,25,12:20 AM,2,14, ¡ÆC
2013,4,25,12:50 AM,3,13, ¡ÆC
2013,4,25,1:20 AM,4,13, ¡ÆC
2013,4,25,1:50 AM,5,13, ¡ÆC
2013,4,25,2:20 AM,6,13, ¡ÆC
2013,4,25,2:50 AM,7,12, ¡ÆC
2013,4,25,3:20 AM,8,12, ¡ÆC
2013,4,25,3:50 AM,9,12, ¡ÆC
2013,4,25,4:20 AM,10,12, ¡ÆC
2013,4,25,4:50 AM,11,12, ¡ÆC
2013,4,25,5:20 AM,12,12, ¡ÆC
2013,4,25,5:50 AM,13,12, ¡ÆC
2013,4,25,6:20 AM,14,12, ¡ÆC
2013,4,25,6:50 AM,15,13, ¡ÆC
2013,4,25,7:20 AM,16,13, ¡ÆC
2013,4,25,7:50 AM,17,13, ¡ÆC
2013,4,25,8:20 AM,18,14, ¡ÆC
2013,4,25,8:50 AM,19,15, ¡ÆC
2013,4,25,9:20 AM,20,16, ¡ÆC
2013,4,25,9:50 AM,21,17, ¡ÆC
2013,4,25,10:20 AM,22,18, ¡ÆC
2013,4,25,10:50 AM,23,19, ¡ÆC
2013,4,25,11:20 AM,24,20, ¡ÆC
2013,4,25,11:50 AM,25,20, ¡ÆC
2013,4,25,12:20 PM,26,21, ¡ÆC
2013,4,25,12:50 PM,27,21, ¡ÆC
2013,4,25,1:20 PM,28,21, ¡ÆC
2013,4,25,1:50 PM,29,21, ¡ÆC
2013,4,25,2:20 PM,30,22, ¡ÆC
2013,4,25,2:50 PM,31,22, ¡ÆC
2013,4,25,3:20 PM,32,22, ¡ÆC
2013,4,25,3:50 PM,33,22, ¡ÆC
2013,4,25,4:20 PM,34,22, ¡ÆC
2013,4,25,4:50 PM,35,21, ¡ÆC
2013,4,25,5:20 PM,36,21, ¡ÆC
2013,4,25,5:50 PM,37,21, ¡ÆC
2013,4,25,6:20 PM,38,19, ¡ÆC
2013,4,25,6:50 PM,39,17, ¡ÆC
2013,4,25,7:20 PM,40,16, ¡ÆC
2013,4,25,7:50 PM,41,15, ¡ÆC
2013,4,25,8:20 PM,42,15, ¡ÆC
2013,4,25,8:50 PM,43,14, ¡ÆC
2013,4,25,9:20 PM,44,14, ¡ÆC
2013,4,25,9:50 PM,45,14, ¡ÆC
2013,4,25,10:20 PM,46,14, ¡ÆC
2013,4,25,10:50 PM,47,14, ¡ÆC
2013,4,25,11:20 PM,48,14, ¡ÆC
2013,4,26,11:50 PM,1,13, ¡ÆC
2013,4,26,12:20 AM,2,13, ¡ÆC
2013,4,26,12:50 AM,3,13, ¡ÆC
2013,4,26,1:20 AM,4,12, ¡ÆC
2013,4,26,1:50 AM,5,11, ¡ÆC
2013,4,26,2:20 AM,6,10, ¡ÆC
2013,4,26,2:50 AM,7,9 ,¡ÆC
2013,4,26,3:20 AM,8,8 ,¡ÆC
2013,4,26,3:50 AM,9,8 ,¡ÆC
2013,4,26,4:20 AM,10,8 ,¡ÆC
2013,4,26,4:50 AM,11,8 ,¡ÆC
2013,4,26,5:20 AM,12,7 ,¡ÆC
2013,4,26,5:50 AM,13,7 ,¡ÆC
2013,4,26,6:20 AM,14,7 ,¡ÆC
2013,4,26,6:50 AM,15,7 ,¡ÆC
2013,4,26,7:20 AM,16,7 ,¡ÆC
2013,4,26,7:50 AM,17,7 ,¡ÆC
2013,4,26,8:20 AM,18,8 ,¡ÆC
2013,4,26,8:50 AM,19,8 ,¡ÆC
2013,4,26,9:20 AM,20,9 ,¡ÆC
2013,4,26,9:50 AM,21,9 ,¡ÆC
2013,4,26,10:20 AM,22,9 ,¡ÆC
2013,4,26,10:50 AM,23,10, ¡ÆC
2013,4,26,11:20 AM,24,10, ¡ÆC
2013,4,26,11:50 AM,25,10, ¡ÆC
2013,4,26,12:20 PM,26,10, ¡ÆC
2013,4,26,12:50 PM,27,11, ¡ÆC
2013,4,26,1:20 PM,28,11, ¡ÆC
2013,4,26,1:50 PM,29,11, ¡ÆC
2013,4,26,2:20 PM,30,10, ¡ÆC
2013,4,26,2:50 PM,31,11, ¡ÆC
2013,4,26,3:20 PM,32,12, ¡ÆC
2013,4,26,3:50 PM,33,11, ¡ÆC
2013,4,26,4:20 PM,34,10, ¡ÆC
2013,4,26,4:50 PM,35,11, ¡ÆC
2013,4,26,5:20 PM,36,11, ¡ÆC
2013,4,26,5:50 PM,37,11, ¡ÆC
2013,4,26,6:20 PM,38,11, ¡ÆC
2013,4,26,6:50 PM,39,9 ,¡ÆC
2013,4,26,7:20 PM,40,8 ,¡ÆC
2013,4,26,7:50 PM,41,8 ,¡ÆC
2013,4,26,8:20 PM,42,9 ,¡ÆC
2013,4,26,8:50 PM,43,9 ,¡ÆC
2013,4,26,9:20 PM,44,9 ,¡ÆC
2013,4,26,9:50 PM,45,8 ,¡ÆC
2013,4,26,10:20 PM,46,8 ,¡ÆC
2013,4,26,10:50 PM,47,8 ,¡ÆC
2013,4,26,11:20 PM,48,8 ,¡ÆC
2013,4,27,11:50 PM,1,7 ,¡ÆC
2013,4,27,12:20 AM,2,7 ,¡ÆC
2013,4,27,12:50 AM,3,6 ,¡ÆC
2013,4,27,1:20 AM,4,6 ,¡ÆC
2013,4,27,1:50 AM,5,6 ,¡ÆC
2013,4,27,2:20 AM,6,6 ,¡ÆC
2013,4,27,2:50 AM,7,5 ,¡ÆC
2013,4,27,3:20 AM,8,5 ,¡ÆC
2013,4,27,3:50 AM,9,5 ,¡ÆC
2013,4,27,4:20 AM,10,5 ,¡ÆC
2013,4,27,4:50 AM,11,5 ,¡ÆC
2013,4,27,5:20 AM,12,5 ,¡ÆC
2013,4,27,5:50 AM,13,5 ,¡ÆC
2013,4,27,6:20 AM,14,5 ,¡ÆC
2013,4,27,6:50 AM,15,5 ,¡ÆC
2013,4,27,7:20 AM,16,5 ,¡ÆC
2013,4,27,7:50 AM,17,6 ,¡ÆC
2013,4,27,8:20 AM,18,6 ,¡ÆC
2013,4,27,8:50 AM,19,6 ,¡ÆC
2013,4,27,9:20 AM,20,6 ,¡ÆC
2013,4,27,9:50 AM,21,7 ,¡ÆC
2013,4,27,10:20 AM,22,7 ,¡ÆC
2013,4,27,10:50 AM,23,7 ,¡ÆC
2013,4,27,11:20 AM,24,8 ,¡ÆC
2013,4,27,11:50 AM,25,8 ,¡ÆC
2013,4,27,12:20 PM,26,9 ,¡ÆC
2013,4,27,12:50 PM,27,9 ,¡ÆC
2013,4,27,1:20 PM,28,9 ,¡ÆC
2013,4,27,1:50 PM,29,9 ,¡ÆC
2013,4,27,2:20 PM,30,10, ¡ÆC
2013,4,27,2:50 PM,31,8 ,¡ÆC
2013,4,27,3:20 PM,32,8 ,¡ÆC
2013,4,27,3:50 PM,33,8 ,¡ÆC
2013,4,27,4:20 PM,34,8 ,¡ÆC
2013,4,27,4:50 PM,35,9 ,¡ÆC
2013,4,27,5:20 PM,36,9 ,¡ÆC
2013,4,27,5:50 PM,37,9 ,¡ÆC
2013,4,27,6:20 PM,38,8 ,¡ÆC
2013,4,27,6:50 PM,39,7 ,¡ÆC
2013,4,27,7:20 PM,40,7 ,¡ÆC
2013,4,27,7:50 PM,41,7 ,¡ÆC
2013,4,27,8:20 PM,42,7 ,¡ÆC
2013,4,27,8:50 PM,43,7 ,¡ÆC
2013,4,27,9:20 PM,44,7 ,¡ÆC
2013,4,27,9:50 PM,45,6 ,¡ÆC
2013,4,27,10:20 PM,46,6 ,¡ÆC
2013,4,27,10:50 PM,47,6 ,¡ÆC
2013,4,27,11:20 PM,48,6 ,¡ÆC
2013,4,28,11:50 PM,1,5 ,¡ÆC
2013,4,28,12:20 AM,2,5 ,¡ÆC
2013,4,28,12:50 AM,3,5 ,¡ÆC
2013,4,28,1:20 AM,4,4 ,¡ÆC
2013,4,28,1:50 AM,5,4 ,¡ÆC
2013,4,28,2:20 AM,6,4 ,¡ÆC
2013,4,28,2:50 AM,7,3 ,¡ÆC
2013,4,28,3:20 AM,8,3 ,¡ÆC
2013,4,28,3:50 AM,9,3 ,¡ÆC
2013,4,28,4:20 AM,10,3 ,¡ÆC
2013,4,28,4:50 AM,11,3 ,¡ÆC
2013,4,28,5:20 AM,12,3 ,¡ÆC
2013,4,28,5:50 AM,13,4 ,¡ÆC
2013,4,28,6:20 AM,14,4 ,¡ÆC
2013,4,28,6:50 AM,15,4 ,¡ÆC
2013,4,28,7:20 AM,16,5 ,¡ÆC
2013,4,28,7:50 AM,17,6 ,¡ÆC
2013,4,28,8:20 AM,18,7 ,¡ÆC
2013,4,28,8:50 AM,19,8 ,¡ÆC
2013,4,28,9:20 AM,20,9 ,¡ÆC
2013,4,28,9:50 AM,21,10, ¡ÆC
2013,4,28,10:20 AM,22,11, ¡ÆC
2013,4,28,10:50 AM,23,11, ¡ÆC
2013,4,28,11:20 AM,24,11, ¡ÆC
2013,4,28,11:50 AM,25,11, ¡ÆC
2013,4,28,12:20 PM,26,12, ¡ÆC
2013,4,28,12:50 PM,27,11, ¡ÆC
2013,4,28,1:20 PM,28,12, ¡ÆC
2013,4,28,1:50 PM,29,11, ¡ÆC
2013,4,28,2:20 PM,30,12, ¡ÆC
2013,4,28,2:50 PM,31,11, ¡ÆC
2013,4,28,3:20 PM,32,11, ¡ÆC
2013,4,28,3:50 PM,33,11, ¡ÆC
2013,4,28,4:20 PM,34,11, ¡ÆC
2013,4,28,4:50 PM,35,11, ¡ÆC
2013,4,28,5:20 PM,36,11, ¡ÆC
2013,4,28,5:50 PM,37,11, ¡ÆC
2013,4,28,6:20 PM,38,10, ¡ÆC
2013,4,28,6:50 PM,39,10, ¡ÆC
2013,4,28,7:20 PM,40,10, ¡ÆC
2013,4,28,7:50 PM,41,9 ,¡ÆC
2013,4,28,8:20 PM,42,9 ,¡ÆC
2013,4,28,8:50 PM,43,9 ,¡ÆC
2013,4,28,9:20 PM,44,9 ,¡ÆC
2013,4,28,9:50 PM,45,9 ,¡ÆC
2013,4,28,10:20 PM,46,9 ,¡ÆC
2013,4,28,10:50 PM,47,9 ,¡ÆC
2013,4,28,11:20 PM,48,9 ,¡ÆC
2013,4,29,11:50 PM,1,9 ,¡ÆC
2013,4,29,12:20 AM,2,8 ,¡ÆC
2013,4,29,12:50 AM,3,8 ,¡ÆC
2013,4,29,1:20 AM,4,8 ,¡ÆC
2013,4,29,1:50 AM,5,8 ,¡ÆC
2013,4,29,2:20 AM,6,8 ,¡ÆC
2013,4,29,2:50 AM,7,8 ,¡ÆC
2013,4,29,3:20 AM,8,8 ,¡ÆC
2013,4,29,3:50 AM,9,8 ,¡ÆC
2013,4,29,4:20 AM,10,8 ,¡ÆC
2013,4,29,4:50 AM,11,8 ,¡ÆC
2013,4,29,5:20 AM,12,9 ,¡ÆC
2013,4,29,5:50 AM,13,9 ,¡ÆC
2013,4,29,6:20 AM,14,8 ,¡ÆC
2013,4,29,6:50 AM,15,8 ,¡ÆC
2013,4,29,7:20 AM,16,9 ,¡ÆC
2013,4,29,7:50 AM,17,9 ,¡ÆC
2013,4,29,8:20 AM,18,10, ¡ÆC
2013,4,29,8:50 AM,19,10, ¡ÆC
2013,4,29,9:20 AM,20,11, ¡ÆC
2013,4,29,9:50 AM,21,12, ¡ÆC
2013,4,29,10:20 AM,22,12, ¡ÆC
2013,4,29,10:50 AM,23,12, ¡ÆC
2013,4,29,11:20 AM,24,12, ¡ÆC
2013,4,29,11:50 AM,25,12, ¡ÆC
2013,4,29,12:20 PM,26,12, ¡ÆC
2013,4,29,12:50 PM,27,13, ¡ÆC
2013,4,29,1:20 PM,28,13, ¡ÆC
2013,4,29,1:50 PM,29,13, ¡ÆC
2013,4,29,2:20 PM,30,13, ¡ÆC
2013,4,29,2:50 PM,31,13, ¡ÆC
2013,4,29,3:20 PM,32,13, ¡ÆC
2013,4,29,3:50 PM,33,13, ¡ÆC
2013,4,29,4:20 PM,34,13, ¡ÆC
2013,4,29,4:50 PM,35,14, ¡ÆC
2013,4,29,5:20 PM,36,14, ¡ÆC
2013,4,29,5:50 PM,37,13, ¡ÆC
2013,4,29,6:20 PM,38,13, ¡ÆC
2013,4,29,6:50 PM,39,13, ¡ÆC
2013,4,29,7:20 PM,40,13, ¡ÆC
2013,4,29,7:50 PM,41,13, ¡ÆC
2013,4,29,8:20 PM,42,13, ¡ÆC
2013,4,29,8:50 PM,43,11, ¡ÆC
2013,4,29,9:20 PM,44,11, ¡ÆC
2013,4,29,9:50 PM,45,11, ¡ÆC
2013,4,29,10:20 PM,46,9 ,¡ÆC
2013,4,29,10:50 PM,47,9 ,¡ÆC
2013,4,29,11:20 PM,48,9 ,¡ÆC
2013,4,30,11:50 PM,1,10, ¡ÆC
2013,4,30,12:20 AM,2,9 ,¡ÆC
2013,4,30,12:50 AM,3,8 ,¡ÆC
2013,4,30,1:20 AM,4,8 ,¡ÆC
2013,4,30,1:50 AM,5,8 ,¡ÆC
2013,4,30,2:20 AM,6,8 ,¡ÆC
2013,4,30,2:50 AM,7,8 ,¡ÆC
2013,4,30,3:20 AM,8,7 ,¡ÆC
2013,4,30,3:50 AM,9,7 ,¡ÆC
2013,4,30,4:20 AM,10,6 ,¡ÆC
2013,4,30,4:50 AM,11,6 ,¡ÆC
2013,4,30,5:20 AM,12,6 ,¡ÆC
2013,4,30,5:50 AM,13,7 ,¡ÆC
2013,4,30,6:20 AM,14,7 ,¡ÆC
2013,4,30,6:50 AM,15,7 ,¡ÆC
2013,4,30,7:20 AM,16,8 ,¡ÆC
2013,4,30,7:50 AM,17,9 ,¡ÆC
2013,4,30,8:20 AM,18,9 ,¡ÆC
2013,4,30,8:50 AM,19,10, ¡ÆC
2013,4,30,9:20 AM,20,10, ¡ÆC
2013,4,30,9:50 AM,21,10, ¡ÆC
2013,4,30,10:20 AM,22,11, ¡ÆC
2013,4,30,10:50 AM,23,11, ¡ÆC
2013,4,30,11:20 AM,24,12, ¡ÆC
2013,4,30,11:50 AM,25,11, ¡ÆC
2013,4,30,12:20 PM,26,11, ¡ÆC
2013,4,30,12:50 PM,27,12, ¡ÆC
2013,4,30,1:20 PM,28,13, ¡ÆC
2013,4,30,1:50 PM,29,13, ¡ÆC
2013,4,30,2:20 PM,30,13, ¡ÆC
2013,4,30,2:50 PM,31,13, ¡ÆC
2013,4,30,3:20 PM,32,12, ¡ÆC
2013,4,30,3:50 PM,33,12, ¡ÆC
2013,4,30,4:20 PM,34,11, ¡ÆC
2013,4,30,4:50 PM,35,11, ¡ÆC
2013,4,30,5:20 PM,36,11, ¡ÆC
2013,4,30,5:50 PM,37,10, ¡ÆC
2013,4,30,6:20 PM,38,9 ,¡ÆC
2013,4,30,6:50 PM,39,9 ,¡ÆC
2013,4,30,7:20 PM,40,8 ,¡ÆC
2013,4,30,7:50 PM,41,8 ,¡ÆC
2013,4,30,8:20 PM,42,7 ,¡ÆC
2013,4,30,8:50 PM,43,7 ,¡ÆC
2013,4,30,9:20 PM,44,7 ,¡ÆC
2013,4,30,9:50 PM,45,7 ,¡ÆC
2013,4,30,10:20 PM,46,6 ,¡ÆC
2013,4,30,10:50 PM,47,6 ,¡ÆC
2013,4,30,11:20 PM,48,6 ,¡ÆC
