2014년 12월 1일 - 0시,2803
2014년 12월 1일 - 1시,2675
2014년 12월 1일 - 2시,2650
2014년 12월 1일 - 3시,245
2014년 12월 1일 - 4시,332
2014년 12월 1일 - 5시,1962
2014년 12월 1일 - 6시,400
2014년 12월 1일 - 7시,2799
2014년 12월 1일 - 8시,2798
2014년 12월 1일 - 9시,3521
2014년 12월 1일 - 10시,2593
2014년 12월 1일 - 11시,523
2014년 12월 1일 - 12시,1973
2014년 12월 1일 - 13시,2597
2014년 12월 1일 - 14시,1914
2014년 12월 1일 - 15시,497
2014년 12월 1일 - 16시,2072
2014년 12월 1일 - 17시,3014
2014년 12월 1일 - 18시,2011
2014년 12월 1일 - 19시,4839
2014년 12월 1일 - 20시,650
2014년 12월 1일 - 21시,2146
2014년 12월 1일 - 22시,400
2014년 12월 1일 - 23시,253
2014년 12월 2일 - 0시,335
2014년 12월 2일 - 1시,257
2014년 12월 2일 - 2시,239
2014년 12월 2일 - 3시,333
2014년 12월 2일 - 4시,310
2014년 12월 2일 - 5시,253
2014년 12월 2일 - 6시,334
2014년 12월 2일 - 7시,4624
2014년 12월 2일 - 8시,1980
2014년 12월 2일 - 9시,415
2014년 12월 2일 - 10시,4531
2014년 12월 2일 - 11시,1968
2014년 12월 2일 - 12시,2013
2014년 12월 2일 - 13시,1944
2014년 12월 2일 - 14시,262
2014년 12월 2일 - 15시,2015
2014년 12월 2일 - 16시,2933
2014년 12월 2일 - 17시,3075
2014년 12월 2일 - 18시,2961
2014년 12월 2일 - 19시,2851
2014년 12월 2일 - 20시,1301
2014년 12월 2일 - 21시,570
2014년 12월 2일 - 22시,4687
2014년 12월 2일 - 23시,276
2014년 12월 3일 - 0시,446
2014년 12월 3일 - 1시,790
2014년 12월 3일 - 2시,371
2014년 12월 3일 - 3시,320
2014년 12월 3일 - 4시,224
2014년 12월 3일 - 5시,247
2014년 12월 3일 - 6시,221
2014년 12월 3일 - 7시,3137
2014년 12월 3일 - 8시,2002
2014년 12월 3일 - 9시,1978
2014년 12월 3일 - 10시,2737
2014년 12월 3일 - 11시,1389
2014년 12월 3일 - 12시,3393
2014년 12월 3일 - 13시,2710
2014년 12월 3일 - 14시,1900
2014년 12월 3일 - 15시,1999
2014년 12월 3일 - 16시,815
2014년 12월 3일 - 17시,702
2014년 12월 3일 - 18시,2175
2014년 12월 3일 - 19시,1993
2014년 12월 3일 - 20시,6477
2014년 12월 3일 - 21시,1827
2014년 12월 3일 - 22시,2670
2014년 12월 3일 - 23시,2638
2014년 12월 4일 - 0시,2620
2014년 12월 4일 - 1시,249
2014년 12월 4일 - 2시,812
2014년 12월 4일 - 3시,240
2014년 12월 4일 - 4시,366
2014년 12월 4일 - 5시,242
2014년 12월 4일 - 6시,261
2014년 12월 4일 - 7시,2706
2014년 12월 4일 - 8시,3777
2014년 12월 4일 - 9시,2864
2014년 12월 4일 - 10시,2426
2014년 12월 4일 - 11시,2767
2014년 12월 4일 - 12시,2273
2014년 12월 4일 - 13시,2986
2014년 12월 4일 - 14시,1323
2014년 12월 4일 - 15시,600
2014년 12월 4일 - 16시,2979
2014년 12월 4일 - 17시,4627
2014년 12월 4일 - 18시,2253
2014년 12월 4일 - 19시,5316
2014년 12월 4일 - 20시,2790
2014년 12월 4일 - 21시,3013
2014년 12월 4일 - 22시,3488
2014년 12월 4일 - 23시,1346
2014년 12월 5일 - 0시,223
2014년 12월 5일 - 1시,224
2014년 12월 5일 - 2시,319
2014년 12월 5일 - 3시,223
2014년 12월 5일 - 4시,291
2014년 12월 5일 - 5시,301
2014년 12월 5일 - 6시,225
2014년 12월 5일 - 7시,2923
2014년 12월 5일 - 8시,4845
2014년 12월 5일 - 9시,2651
2014년 12월 5일 - 10시,2589
2014년 12월 5일 - 11시,2849
2014년 12월 5일 - 12시,2862
2014년 12월 5일 - 13시,417
2014년 12월 5일 - 14시,2106
2014년 12월 5일 - 15시,2028
2014년 12월 5일 - 16시,2107
2014년 12월 5일 - 17시,4512
2014년 12월 5일 - 18시,2848
2014년 12월 5일 - 19시,2179
2014년 12월 5일 - 20시,2146
2014년 12월 5일 - 21시,806
2014년 12월 5일 - 22시,2590
2014년 12월 5일 - 23시,2567
2014년 12월 6일 - 0시,301
2014년 12월 6일 - 1시,241
2014년 12월 6일 - 2시,306
2014년 12월 6일 - 3시,239
2014년 12월 6일 - 4시,487
2014년 12월 6일 - 5시,298
2014년 12월 6일 - 6시,251
2014년 12월 6일 - 7시,531
2014년 12월 6일 - 8시,3764
2014년 12월 6일 - 9시,3547
2014년 12월 6일 - 10시,2861
2014년 12월 6일 - 11시,370
2014년 12월 6일 - 12시,2758
2014년 12월 6일 - 13시,2046
2014년 12월 6일 - 14시,1980
2014년 12월 6일 - 15시,355
2014년 12월 6일 - 16시,511
2014년 12월 6일 - 17시,2748
2014년 12월 6일 - 18시,4742
2014년 12월 6일 - 19시,2725
2014년 12월 6일 - 20시,2154
2014년 12월 6일 - 21시,569
2014년 12월 6일 - 22시,340
2014년 12월 6일 - 23시,343
2014년 12월 7일 - 0시,317
2014년 12월 7일 - 1시,274
2014년 12월 7일 - 2시,237
2014년 12월 7일 - 3시,336
2014년 12월 7일 - 4시,313
2014년 12월 7일 - 5시,239
2014년 12월 7일 - 6시,305
2014년 12월 7일 - 7시,250
2014년 12월 7일 - 8시,2851
2014년 12월 7일 - 9시,3846
2014년 12월 7일 - 10시,510
2014년 12월 7일 - 11시,392
2014년 12월 7일 - 12시,2802
2014년 12월 7일 - 13시,2138
2014년 12월 7일 - 14시,332
2014년 12월 7일 - 15시,554
2014년 12월 7일 - 16시,365
2014년 12월 7일 - 17시,4608
2014년 12월 7일 - 18시,2250
2014년 12월 7일 - 19시,2927
2014년 12월 7일 - 20시,2911
2014년 12월 7일 - 21시,667
2014년 12월 7일 - 22시,2599
2014년 12월 7일 - 23시,2603
2014년 12월 8일 - 0시,2551
2014년 12월 8일 - 1시,399
2014년 12월 8일 - 2시,346
2014년 12월 8일 - 3시,249
2014년 12월 8일 - 4시,339
2014년 12월 8일 - 5시,375
2014년 12월 8일 - 6시,812
2014년 12월 8일 - 7시,2864
2014년 12월 8일 - 8시,2067
2014년 12월 8일 - 9시,6480
2014년 12월 8일 - 10시,2877
2014년 12월 8일 - 11시,1643
2014년 12월 8일 - 12시,2780
2014년 12월 8일 - 13시,447
2014년 12월 8일 - 14시,2786
2014년 12월 8일 - 15시,4559
2014년 12월 8일 - 16시,3224
2014년 12월 8일 - 17시,2278
2014년 12월 8일 - 18시,2071
2014년 12월 8일 - 19시,4601
2014년 12월 8일 - 20시,657
2014년 12월 8일 - 21시,572
2014년 12월 8일 - 22시,971
2014년 12월 8일 - 23시,1980
2014년 12월 9일 - 0시,784
2014년 12월 9일 - 1시,324
2014년 12월 9일 - 2시,335
2014년 12월 9일 - 3시,312
2014년 12월 9일 - 4시,305
2014년 12월 9일 - 5시,243
2014년 12월 9일 - 6시,964
2014년 12월 9일 - 7시,4649
2014년 12월 9일 - 8시,2025
2014년 12월 9일 - 9시,2929
2014년 12월 9일 - 10시,3258
2014년 12월 9일 - 11시,2974
2014년 12월 9일 - 12시,3969
2014년 12월 9일 - 13시,480
2014년 12월 9일 - 14시,383
2014년 12월 9일 - 15시,4644
2014년 12월 9일 - 16시,3257
2014년 12월 9일 - 17시,740
2014년 12월 9일 - 18시,2168
2014년 12월 9일 - 19시,3277
2014년 12월 9일 - 20시,4671
2014년 12월 9일 - 21시,729
2014년 12월 9일 - 22시,429
2014년 12월 9일 - 23시,379
2014년 12월 10일 - 0시,245
2014년 12월 10일 - 1시,249
2014년 12월 10일 - 2시,339
2014년 12월 10일 - 3시,241
2014년 12월 10일 - 4시,313
2014년 12월 10일 - 5시,286
2014년 12월 10일 - 6시,281
2014년 12월 10일 - 7시,297
2014년 12월 10일 - 8시,4721
2014년 12월 10일 - 9시,2110
2014년 12월 10일 - 10시,355
2014년 12월 10일 - 11시,383
2014년 12월 10일 - 12시,4760
2014년 12월 10일 - 13시,2044
2014년 12월 10일 - 14시,347
2014년 12월 10일 - 15시,456
2014년 12월 10일 - 16시,2061
2014년 12월 10일 - 17시,3377
2014년 12월 10일 - 18시,2167
2014년 12월 10일 - 19시,4716
2014년 12월 10일 - 20시,785
2014년 12월 10일 - 21시,3009
2014년 12월 10일 - 22시,2337
2014년 12월 10일 - 23시,2632
2014년 12월 11일 - 0시,2631
2014년 12월 11일 - 1시,391
2014년 12월 11일 - 2시,234
2014년 12월 11일 - 3시,381
2014년 12월 11일 - 4시,324
2014년 12월 11일 - 5시,236
2014년 12월 11일 - 6시,291
2014년 12월 11일 - 7시,380
2014년 12월 11일 - 8시,3043
2014년 12월 11일 - 9시,2063
2014년 12월 11일 - 10시,2748
2014년 12월 11일 - 11시,911
2014년 12월 11일 - 12시,4902
2014년 12월 11일 - 13시,2926
2014년 12월 11일 - 14시,2839
2014년 12월 11일 - 15시,2130
2014년 12월 11일 - 16시,3520
2014년 12월 11일 - 17시,3536
2014년 12월 11일 - 18시,2361
2014년 12월 11일 - 19시,7112
2014년 12월 11일 - 20시,3048
2014년 12월 11일 - 21시,1882
2014년 12월 11일 - 22시,319
2014년 12월 11일 - 23시,304
2014년 12월 12일 - 0시,257
2014년 12월 12일 - 1시,234
2014년 12월 12일 - 2시,1973
2014년 12월 12일 - 3시,247
2014년 12월 12일 - 4시,297
2014년 12월 12일 - 5시,238
2014년 12월 12일 - 6시,248
2014년 12월 12일 - 7시,2884
2014년 12월 12일 - 8시,2966
2014년 12월 12일 - 9시,1855
2014년 12월 12일 - 10시,514
2014년 12월 12일 - 11시,2597
2014년 12월 12일 - 12시,2602
2014년 12월 12일 - 13시,334
2014년 12월 12일 - 14시,2041
2014년 12월 12일 - 15시,340
2014년 12월 12일 - 16시,526
2014년 12월 12일 - 17시,4794
2014년 12월 12일 - 18시,2827
2014년 12월 12일 - 19시,2716
2014년 12월 12일 - 20시,2211
2014년 12월 12일 - 21시,697
2014년 12월 12일 - 22시,601
2014년 12월 12일 - 23시,459
2014년 12월 13일 - 0시,342
2014년 12월 13일 - 1시,708
2014년 12월 13일 - 2시,907
2014년 12월 13일 - 3시,318
2014년 12월 13일 - 4시,305
2014년 12월 13일 - 5시,224
2014년 12월 13일 - 6시,311
2014년 12월 13일 - 7시,283
2014년 12월 13일 - 8시,3606
2014년 12월 13일 - 9시,3733
2014년 12월 13일 - 10시,2813
2014년 12월 13일 - 11시,518
2014년 12월 13일 - 12시,2775
2014년 12월 13일 - 13시,388
2014년 12월 13일 - 14시,388
2014년 12월 13일 - 15시,312
2014년 12월 13일 - 16시,609
2014년 12월 13일 - 17시,2079
2014년 12월 13일 - 18시,2195
2014년 12월 13일 - 19시,5036
2014년 12월 13일 - 20시,1962
2014년 12월 13일 - 21시,702
2014년 12월 13일 - 22시,2956
2014년 12월 13일 - 23시,5257
2014년 12월 14일 - 0시,3638
2014년 12월 14일 - 1시,240
2014년 12월 14일 - 2시,310
2014년 12월 14일 - 3시,229
2014년 12월 14일 - 4시,449
2014년 12월 14일 - 5시,332
2014년 12월 14일 - 6시,293
2014년 12월 14일 - 7시,2909
2014년 12월 14일 - 8시,2067
2014년 12월 14일 - 9시,4665
2014년 12월 14일 - 10시,307
2014년 12월 14일 - 11시,378
2014년 12월 14일 - 12시,306
2014년 12월 14일 - 13시,269
2014년 12월 14일 - 14시,257
2014년 12월 14일 - 15시,465
2014년 12월 14일 - 16시,2174
2014년 12월 14일 - 17시,2997
2014년 12월 14일 - 18시,2416
2014년 12월 14일 - 19시,808
2014년 12월 14일 - 20시,724
2014년 12월 14일 - 21시,553
2014년 12월 14일 - 22시,347
2014년 12월 14일 - 23시,334
2014년 12월 15일 - 0시,226
2014년 12월 15일 - 1시,934
2014년 12월 15일 - 2시,250
2014년 12월 15일 - 3시,232
2014년 12월 15일 - 4시,245
2014년 12월 15일 - 5시,243
2014년 12월 15일 - 6시,2696
2014년 12월 15일 - 7시,4608
2014년 12월 15일 - 8시,2003
2014년 12월 15일 - 9시,2002
2014년 12월 15일 - 10시,6548
2014년 12월 15일 - 11시,2329
2014년 12월 15일 - 12시,2372
2014년 12월 15일 - 13시,649
2014년 12월 15일 - 14시,540
2014년 12월 15일 - 15시,3043
2014년 12월 15일 - 16시,4836
2014년 12월 15일 - 17시,3568
2014년 12월 15일 - 18시,2489
2014년 12월 15일 - 19시,764
2014년 12월 15일 - 20시,887
2014년 12월 15일 - 21시,964
2014년 12월 15일 - 22시,841
2014년 12월 15일 - 23시,701
2014년 12월 16일 - 0시,655
2014년 12월 16일 - 1시,519
2014년 12월 16일 - 2시,286
2014년 12월 16일 - 3시,374
2014년 12월 16일 - 4시,310
2014년 12월 16일 - 5시,285
2014년 12월 16일 - 6시,375
2014년 12월 16일 - 7시,4963
2014년 12월 16일 - 8시,3116
2014년 12월 16일 - 9시,506
2014년 12월 16일 - 10시,467
2014년 12월 16일 - 11시,773
2014년 12월 16일 - 12시,4738
2014년 12월 16일 - 13시,2933
2014년 12월 16일 - 14시,3793
2014년 12월 16일 - 15시,4568
2014년 12월 16일 - 16시,3377
2014년 12월 16일 - 17시,3371
2014년 12월 16일 - 18시,3288
2014년 12월 16일 - 19시,2308
2014년 12월 16일 - 20시,786
2014년 12월 16일 - 21시,685
2014년 12월 16일 - 22시,2816
2014년 12월 16일 - 23시,2811
2014년 12월 17일 - 0시,416
2014년 12월 17일 - 1시,321
2014년 12월 17일 - 2시,909
2014년 12월 17일 - 3시,404
2014년 12월 17일 - 4시,390
2014년 12월 17일 - 5시,330
2014년 12월 17일 - 6시,472
2014년 12월 17일 - 7시,2844
2014년 12월 17일 - 8시,4677
2014년 12월 17일 - 9시,401
2014년 12월 17일 - 10시,2860
2014년 12월 17일 - 11시,469
2014년 12월 17일 - 12시,4580
2014년 12월 17일 - 13시,4420
2014년 12월 17일 - 14시,801
2014년 12월 17일 - 15시,499
2014년 12월 17일 - 16시,4674
2014년 12월 17일 - 17시,2047
2014년 12월 17일 - 18시,3969
2014년 12월 17일 - 19시,4217
2014년 12월 17일 - 20시,2418
2014년 12월 17일 - 21시,794
2014년 12월 17일 - 22시,637
2014년 12월 17일 - 23시,844
2014년 12월 18일 - 0시,320
2014년 12월 18일 - 1시,246
2014년 12월 18일 - 2시,243
2014년 12월 18일 - 3시,240
2014년 12월 18일 - 4시,321
2014년 12월 18일 - 5시,335
2014년 12월 18일 - 6시,4518
2014년 12월 18일 - 7시,2618
2014년 12월 18일 - 8시,2036
2014년 12월 18일 - 9시,451
2014년 12월 18일 - 10시,2542
2014년 12월 18일 - 11시,2537
2014년 12월 18일 - 12시,2713
2014년 12월 18일 - 13시,2034
2014년 12월 18일 - 14시,2082
2014년 12월 18일 - 15시,637
2014년 12월 18일 - 16시,1097
2014년 12월 18일 - 17시,3244
2014년 12월 18일 - 18시,4569
2014년 12월 18일 - 19시,678
2014년 12월 18일 - 20시,2750
2014년 12월 18일 - 21시,3036
2014년 12월 18일 - 22시,4838
2014년 12월 18일 - 23시,685
2014년 12월 19일 - 0시,2915
2014년 12월 19일 - 1시,2807
2014년 12월 19일 - 2시,1035
2014년 12월 19일 - 3시,342
2014년 12월 19일 - 4시,343
2014년 12월 19일 - 5시,354
2014년 12월 19일 - 6시,2665
2014년 12월 19일 - 7시,4556
2014년 12월 19일 - 8시,2081
2014년 12월 19일 - 9시,4734
2014년 12월 19일 - 10시,5434
2014년 12월 19일 - 11시,3700
2014년 12월 19일 - 12시,3427
2014년 12월 19일 - 13시,467
2014년 12월 19일 - 14시,361
2014년 12월 19일 - 15시,2773
2014년 12월 19일 - 16시,2307
2014년 12월 19일 - 17시,2049
2014년 12월 19일 - 18시,4845
2014년 12월 19일 - 19시,3005
2014년 12월 19일 - 20시,1888
2014년 12월 19일 - 21시,838
2014년 12월 19일 - 22시,588
2014년 12월 19일 - 23시,502
2014년 12월 20일 - 0시,310
2014년 12월 20일 - 1시,315
2014년 12월 20일 - 2시,324
2014년 12월 20일 - 3시,249
2014년 12월 20일 - 4시,693
2014년 12월 20일 - 5시,1490
2014년 12월 20일 - 6시,834
2014년 12월 20일 - 7시,3740
2014년 12월 20일 - 8시,1975
2014년 12월 20일 - 9시,6918
2014년 12월 20일 - 10시,4083
2014년 12월 20일 - 11시,1897
2014년 12월 20일 - 12시,2978
2014년 12월 20일 - 13시,2716
2014년 12월 20일 - 14시,313
2014년 12월 20일 - 15시,2050
2014년 12월 20일 - 16시,644
2014년 12월 20일 - 17시,437
2014년 12월 20일 - 18시,2119
2014년 12월 20일 - 19시,3016
2014년 12월 20일 - 20시,2211
2014년 12월 20일 - 21시,3238
2014년 12월 20일 - 22시,981
2014년 12월 20일 - 23시,868
2014년 12월 21일 - 0시,374
2014년 12월 21일 - 1시,275
2014년 12월 21일 - 2시,237
2014년 12월 21일 - 3시,717
2014년 12월 21일 - 4시,305
2014년 12월 21일 - 5시,229
2014년 12월 21일 - 6시,256
2014년 12월 21일 - 7시,7233
2014년 12월 21일 - 8시,5242
2014년 12월 21일 - 9시,4674
2014년 12월 21일 - 10시,2956
2014년 12월 21일 - 11시,1699
2014년 12월 21일 - 12시,3369
2014년 12월 21일 - 13시,742
2014년 12월 21일 - 14시,3531
2014년 12월 21일 - 15시,730
2014년 12월 21일 - 16시,3419
2014년 12월 21일 - 17시,4813
2014년 12월 21일 - 18시,4677
2014년 12월 21일 - 19시,2372
2014년 12월 21일 - 20시,3377
2014년 12월 21일 - 21시,781
2014년 12월 21일 - 22시,681
2014년 12월 21일 - 23시,3193
2014년 12월 22일 - 0시,507
2014년 12월 22일 - 1시,499
2014년 12월 22일 - 2시,423
2014년 12월 22일 - 3시,423
2014년 12월 22일 - 4시,610
2014년 12월 22일 - 5시,386
2014년 12월 22일 - 6시,273
2014년 12월 22일 - 7시,270
2014년 12월 22일 - 8시,3146
2014년 12월 22일 - 9시,4391
2014년 12월 22일 - 10시,2725
2014년 12월 22일 - 11시,1652
2014년 12월 22일 - 12시,2975
2014년 12월 22일 - 13시,2469
2014년 12월 22일 - 14시,410
2014년 12월 22일 - 15시,2024
2014년 12월 22일 - 16시,2890
2014년 12월 22일 - 17시,2039
2014년 12월 22일 - 18시,3156
2014년 12월 22일 - 19시,5195
2014년 12월 22일 - 20시,2825
2014년 12월 22일 - 21시,1254
2014년 12월 22일 - 22시,669
2014년 12월 22일 - 23시,2642
2014년 12월 23일 - 0시,2602
2014년 12월 23일 - 1시,2564
2014년 12월 23일 - 2시,228
2014년 12월 23일 - 3시,235
2014년 12월 23일 - 4시,323
2014년 12월 23일 - 5시,229
2014년 12월 23일 - 6시,240
2014년 12월 23일 - 7시,234
2014년 12월 23일 - 8시,5357
2014년 12월 23일 - 9시,2897
2014년 12월 23일 - 10시,3039
2014년 12월 23일 - 11시,3147
2014년 12월 23일 - 12시,2025
2014년 12월 23일 - 13시,356
2014년 12월 23일 - 14시,1961
2014년 12월 23일 - 15시,518
2014년 12월 23일 - 16시,623
2014년 12월 23일 - 17시,3027
2014년 12월 23일 - 18시,2541
2014년 12월 23일 - 19시,2761
2014년 12월 23일 - 20시,2336
2014년 12월 23일 - 21시,3034
2014년 12월 23일 - 22시,718
2014년 12월 23일 - 23시,701
2014년 12월 24일 - 0시,321
2014년 12월 24일 - 1시,467
2014년 12월 24일 - 2시,352
2014년 12월 24일 - 3시,321
2014년 12월 24일 - 4시,331
2014년 12월 24일 - 5시,334
2014년 12월 24일 - 6시,243
2014년 12월 24일 - 7시,1266
2014년 12월 24일 - 8시,5445
2014년 12월 24일 - 9시,1936
2014년 12월 24일 - 10시,429
2014년 12월 24일 - 11시,847
2014년 12월 24일 - 12시,2002
2014년 12월 24일 - 13시,377
2014년 12월 24일 - 14시,410
2014년 12월 24일 - 15시,2085
2014년 12월 24일 - 16시,2194
2014년 12월 24일 - 17시,481
2014년 12월 24일 - 18시,2963
2014년 12월 24일 - 19시,3844
2014년 12월 24일 - 20시,4802
2014년 12월 24일 - 21시,4801
2014년 12월 24일 - 22시,2627
2014년 12월 24일 - 23시,2599
2014년 12월 25일 - 0시,404
2014년 12월 25일 - 1시,1266
2014년 12월 25일 - 2시,324
2014년 12월 25일 - 3시,307
2014년 12월 25일 - 4시,381
2014년 12월 25일 - 5시,366
2014년 12월 25일 - 6시,339
2014년 12월 25일 - 7시,4807
2014년 12월 25일 - 8시,5051
2014년 12월 25일 - 9시,2388
2014년 12월 25일 - 10시,1811
2014년 12월 25일 - 11시,5071
2014년 12월 25일 - 12시,2778
2014년 12월 25일 - 13시,1090
2014년 12월 25일 - 14시,1205
2014년 12월 25일 - 15시,402
2014년 12월 25일 - 16시,515
2014년 12월 25일 - 17시,352
2014년 12월 25일 - 18시,359
2014년 12월 25일 - 19시,2137
2014년 12월 25일 - 20시,5346
2014년 12월 25일 - 21시,1486
2014년 12월 25일 - 22시,1132
2014년 12월 25일 - 23시,621
2014년 12월 26일 - 0시,301
2014년 12월 26일 - 1시,356
2014년 12월 26일 - 2시,300
2014년 12월 26일 - 3시,351
2014년 12월 26일 - 4시,365
2014년 12월 26일 - 5시,382
2014년 12월 26일 - 6시,382
2014년 12월 26일 - 7시,294
2014년 12월 26일 - 8시,2928
2014년 12월 26일 - 9시,2182
2014년 12월 26일 - 10시,1803
2014년 12월 26일 - 11시,3154
2014년 12월 26일 - 12시,4858
2014년 12월 26일 - 13시,653
2014년 12월 26일 - 14시,2142
2014년 12월 26일 - 15시,639
2014년 12월 26일 - 16시,340
2014년 12월 26일 - 17시,316
2014년 12월 26일 - 18시,413
2014년 12월 26일 - 19시,328
2014년 12월 26일 - 20시,529
2014년 12월 26일 - 21시,345
2014년 12월 26일 - 22시,339
2014년 12월 26일 - 23시,389
2014년 12월 27일 - 0시,347
2014년 12월 27일 - 1시,288
2014년 12월 27일 - 2시,258
2014년 12월 27일 - 3시,388
2014년 12월 27일 - 4시,304
2014년 12월 27일 - 5시,238
2014년 12월 27일 - 6시,262
2014년 12월 27일 - 7시,277
2014년 12월 27일 - 8시,257
2014년 12월 27일 - 9시,280
2014년 12월 27일 - 10시,320
2014년 12월 27일 - 11시,247
2014년 12월 27일 - 12시,267
2014년 12월 27일 - 13시,274
2014년 12월 27일 - 14시,260
2014년 12월 27일 - 15시,272
2014년 12월 27일 - 16시,294
2014년 12월 27일 - 17시,270
2014년 12월 27일 - 18시,412
2014년 12월 27일 - 19시,258
2014년 12월 27일 - 20시,299
2014년 12월 27일 - 21시,293
2014년 12월 27일 - 22시,265
2014년 12월 27일 - 23시,276
2014년 12월 28일 - 0시,252
2014년 12월 28일 - 1시,235
2014년 12월 28일 - 2시,248
2014년 12월 28일 - 3시,375
2014년 12월 28일 - 4시,253
2014년 12월 28일 - 5시,273
2014년 12월 28일 - 6시,234
2014년 12월 28일 - 7시,316
2014년 12월 28일 - 8시,251
2014년 12월 28일 - 9시,425
2014년 12월 28일 - 10시,226
2014년 12월 28일 - 11시,293
2014년 12월 28일 - 12시,285
2014년 12월 28일 - 13시,260
2014년 12월 28일 - 14시,266
2014년 12월 28일 - 15시,258
2014년 12월 28일 - 16시,271
2014년 12월 28일 - 17시,248
2014년 12월 28일 - 18시,271
2014년 12월 28일 - 19시,903
2014년 12월 28일 - 20시,305
2014년 12월 28일 - 21시,232
2014년 12월 28일 - 22시,285
2014년 12월 28일 - 23시,293
2014년 12월 29일 - 0시,437
2014년 12월 29일 - 1시,234
2014년 12월 29일 - 2시,222
2014년 12월 29일 - 3시,234
2014년 12월 29일 - 4시,236
2014년 12월 29일 - 5시,262
2014년 12월 29일 - 6시,297
2014년 12월 29일 - 7시,326
2014년 12월 29일 - 8시,391
2014년 12월 29일 - 9시,281
2014년 12월 29일 - 10시,239
2014년 12월 29일 - 11시,943
2014년 12월 29일 - 12시,326
2014년 12월 29일 - 13시,247
2014년 12월 29일 - 14시,397
2014년 12월 29일 - 15시,266
2014년 12월 29일 - 16시,238
2014년 12월 29일 - 17시,243
2014년 12월 29일 - 18시,256
2014년 12월 29일 - 19시,308
2014년 12월 29일 - 20시,307
2014년 12월 29일 - 21시,276
2014년 12월 29일 - 22시,264
2014년 12월 29일 - 23시,252
2014년 12월 30일 - 0시,276
2014년 12월 30일 - 1시,278
2014년 12월 30일 - 2시,307
2014년 12월 30일 - 3시,237
2014년 12월 30일 - 4시,251
2014년 12월 30일 - 5시,404
2014년 12월 30일 - 6시,282
2014년 12월 30일 - 7시,274
2014년 12월 30일 - 8시,291
2014년 12월 30일 - 9시,283
2014년 12월 30일 - 10시,236
2014년 12월 30일 - 11시,287
2014년 12월 30일 - 12시,280
2014년 12월 30일 - 13시,833
2014년 12월 30일 - 14시,251
2014년 12월 30일 - 15시,551
2014년 12월 30일 - 16시,270
2014년 12월 30일 - 17시,256
2014년 12월 30일 - 18시,254
2014년 12월 30일 - 19시,289
2014년 12월 30일 - 20시,810
2014년 12월 30일 - 21시,302
2014년 12월 30일 - 22시,283
2014년 12월 30일 - 23시,236
2014년 12월 31일 - 0시,264
2014년 12월 31일 - 1시,216
2014년 12월 31일 - 2시,930
2014년 12월 31일 - 3시,232
2014년 12월 31일 - 4시,252
2014년 12월 31일 - 5시,963
2014년 12월 31일 - 6시,236
2014년 12월 31일 - 7시,300
2014년 12월 31일 - 8시,265
2014년 12월 31일 - 9시,235
2014년 12월 31일 - 10시,404
2014년 12월 31일 - 11시,404
2014년 12월 31일 - 12시,240
2014년 12월 31일 - 13시,311
2014년 12월 31일 - 14시,247
2014년 12월 31일 - 15시,238
2014년 12월 31일 - 16시,589
2014년 12월 31일 - 17시,225
2014년 12월 31일 - 18시,713
2014년 12월 31일 - 19시,249
2014년 12월 31일 - 20시,306
2014년 12월 31일 - 21시,297
2014년 12월 31일 - 22시,283
2014년 12월 31일 - 23시,266
