2014,4,1,11:50 PM,1,11,กษ,88 ,%
2014,4,1,12:20 AM,2,11,กษ,88 ,%
2014,4,1,12:50 AM,3,12,กษ,82 ,%
2014,4,1,1:20 AM,4,11,กษ,88 ,%
2014,4,1,1:50 AM,5,11,กษ,88 ,%
2014,4,1,2:20 AM,6,10,กษ,94 ,%
2014,4,1,2:50 AM,7,10,กษ,94 ,%
2014,4,1,3:20 AM,8,10,กษ,94 ,%
2014,4,1,3:50 AM,9,9 ,กษ,93 ,%
2014,4,1,4:20 AM,10,10,กษ,94 ,%
2014,4,1,4:50 AM,11,9 ,กษ,93 ,%
2014,4,1,5:20 AM,12,9 ,กษ,100,%
2014,4,1,5:50 AM,13,9 ,กษ,100,%
2014,4,1,6:20 AM,14,10,กษ,94 ,%
2014,4,1,6:50 AM,15,10,กษ,94 ,%
2014,4,1,7:20 AM,16,10,กษ,94 ,%
2014,4,1,7:50 AM,17,11,กษ,94 ,%
2014,4,1,8:20 AM,18,12,กษ,88 ,%
2014,4,1,8:50 AM,19,13,กษ,82 ,%
2014,4,1,9:20 AM,20,14,กษ,77 ,%
2014,4,1,9:50 AM,21,15,กษ,72 ,%
2014,4,1,10:20 AM,22,16,กษ,68 ,%
2014,4,1,10:50 AM,23,17,กษ,63 ,%
2014,4,1,11:20 AM,24,17,กษ,63 ,%
2014,4,1,11:50 AM,25,17,กษ,63 ,%
2014,4,1,12:20 PM,26,18,กษ,56 ,%
2014,4,1,12:50 PM,27,18,กษ,52 ,%
2014,4,1,1:20 PM,28,18,กษ,52 ,%
2014,4,1,1:50 PM,29,18,กษ,52 ,%
2014,4,1,2:20 PM,30,19,กษ,49 ,%
2014,4,1,2:50 PM,31,19,กษ,46 ,%
2014,4,1,3:20 PM,32,19,กษ,49 ,%
2014,4,1,3:50 PM,33,19,กษ,46 ,%
2014,4,1,4:20 PM,34,20,กษ,43 ,%
2014,4,1,4:50 PM,35,19,กษ,49 ,%
2014,4,1,5:20 PM,36,18,กษ,56 ,%
2014,4,1,5:50 PM,37,17,กษ,59 ,%
2014,4,1,6:20 PM,38,17,กษ,59 ,%
2014,4,1,6:50 PM,39,16,กษ,63 ,%
2014,4,1,7:20 PM,40,15,กษ,67 ,%
2014,4,1,7:50 PM,41,14,กษ,77 ,%
2014,4,1,8:20 PM,42,13,กษ,82 ,%
2014,4,1,8:50 PM,43,13,กษ,77 ,%
2014,4,1,9:20 PM,44,12,กษ,82 ,%
2014,4,1,9:50 PM,45,12,กษ,82 ,%
2014,4,1,10:20 PM,46,12,กษ,82 ,%
2014,4,1,10:50 PM,47,11,กษ,88 ,%
2014,4,1,11:20 PM,48,11,กษ,88 ,%
2014,4,2,11:50 PM,1,11,กษ,88 ,%
2014,4,2,12:20 AM,2,10,กษ,94 ,%
2014,4,2,12:50 AM,3,10,กษ,94 ,%
2014,4,2,1:20 AM,4,10,กษ,87 ,%
2014,4,2,1:50 AM,5,10,กษ,87 ,%
2014,4,2,2:20 AM,6,10,กษ,87 ,%
2014,4,2,2:50 AM,7,10,กษ,87 ,%
2014,4,2,3:20 AM,8,10,กษ,87 ,%
2014,4,2,3:50 AM,9,10,กษ,87 ,%
2014,4,2,4:20 AM,10,10,กษ,87 ,%
2014,4,2,4:50 AM,11,10,กษ,87 ,%
2014,4,2,5:20 AM,12,10,กษ,87 ,%
2014,4,2,5:50 AM,13,10,กษ,87 ,%
2014,4,2,6:20 AM,14,10,กษ,87 ,%
2014,4,2,6:50 AM,15,10,กษ,94 ,%
2014,4,2,7:20 AM,16,11,กษ,88 ,%
2014,4,2,7:50 AM,17,11,กษ,88 ,%
2014,4,2,8:20 AM,18,13,กษ,82 ,%
2014,4,2,8:50 AM,19,13,กษ,82 ,%
2014,4,2,9:20 AM,20,13,กษ,82 ,%
2014,4,2,9:50 AM,21,14,กษ,77 ,%
2014,4,2,10:20 AM,22,15,กษ,72 ,%
2014,4,2,10:50 AM,23,16,กษ,68 ,%
2014,4,2,11:20 AM,24,16,กษ,68 ,%
2014,4,2,11:50 AM,25,17,กษ,68 ,%
2014,4,2,12:20 PM,26,17,กษ,63 ,%
2014,4,2,12:50 PM,27,18,กษ,64 ,%
2014,4,2,1:20 PM,28,18,กษ,59 ,%
2014,4,2,1:50 PM,29,18,กษ,59 ,%
2014,4,2,2:20 PM,30,17,กษ,63 ,%
2014,4,2,2:50 PM,31,16,กษ,68 ,%
2014,4,2,3:20 PM,32,16,กษ,68 ,%
2014,4,2,3:50 PM,33,16,กษ,68 ,%
2014,4,2,4:20 PM,34,15,กษ,72 ,%
2014,4,2,4:50 PM,35,15,กษ,72 ,%
2014,4,2,5:20 PM,36,14,กษ,77 ,%
2014,4,2,5:50 PM,37,14,กษ,77 ,%
2014,4,2,6:20 PM,38,14,กษ,77 ,%
2014,4,2,6:50 PM,39,13,กษ,82 ,%
2014,4,2,7:20 PM,40,13,กษ,82 ,%
2014,4,2,7:50 PM,41,13,กษ,82 ,%
2014,4,2,8:20 PM,42,13,กษ,82 ,%
2014,4,2,8:50 PM,43,13,กษ,82 ,%
2014,4,2,9:20 PM,44,12,กษ,88 ,%
2014,4,2,9:50 PM,45,12,กษ,88 ,%
2014,4,2,10:20 PM,46,12,กษ,88 ,%
2014,4,2,10:50 PM,47,12,กษ,88 ,%
2014,4,2,11:20 PM,48,12,กษ,88 ,%
2014,4,3,11:50 PM,1,12,กษ,88 ,%
2014,4,3,12:20 AM,2,12,กษ,88 ,%
2014,4,3,12:50 AM,3,12,กษ,88 ,%
2014,4,3,1:20 AM,4,12,กษ,88 ,%
2014,4,3,1:50 AM,5,12,กษ,88 ,%
2014,4,3,2:20 AM,6,11,กษ,88 ,%
2014,4,3,2:50 AM,7,11,กษ,94 ,%
2014,4,3,3:20 AM,8,11,กษ,94 ,%
2014,4,3,3:50 AM,9,11,กษ,94 ,%
2014,4,3,4:20 AM,10,11,กษ,94 ,%
2014,4,3,4:50 AM,11,11,กษ,88 ,%
2014,4,3,5:20 AM,12,11,กษ,94 ,%
2014,4,3,5:50 AM,13,11,กษ,94 ,%
2014,4,3,6:20 AM,14,11,กษ,94 ,%
2014,4,3,6:50 AM,15,11,กษ,94 ,%
2014,4,3,7:20 AM,16,11,กษ,94 ,%
2014,4,3,7:50 AM,17,12,กษ,88 ,%
2014,4,3,8:20 AM,18,13,กษ,82 ,%
2014,4,3,8:50 AM,19,13,กษ,82 ,%
2014,4,3,9:20 AM,20,14,กษ,77 ,%
2014,4,3,9:50 AM,21,14,กษ,77 ,%
2014,4,3,10:20 AM,22,15,กษ,72 ,%
2014,4,3,10:50 AM,23,16,กษ,68 ,%
2014,4,3,11:20 AM,24,16,กษ,72 ,%
2014,4,3,11:50 AM,25,17,กษ,68 ,%
2014,4,3,12:20 PM,26,17,กษ,68 ,%
2014,4,3,12:50 PM,27,18,กษ,64 ,%
2014,4,3,1:20 PM,28,18,กษ,64 ,%
2014,4,3,1:50 PM,29,18,กษ,59 ,%
2014,4,3,2:20 PM,30,18,กษ,59 ,%
2014,4,3,2:50 PM,31,18,กษ,59 ,%
2014,4,3,3:20 PM,32,17,กษ,63 ,%
2014,4,3,3:50 PM,33,16,กษ,68 ,%
2014,4,3,4:20 PM,34,16,กษ,68 ,%
2014,4,3,4:50 PM,35,16,กษ,68 ,%
2014,4,3,5:20 PM,36,16,กษ,68 ,%
2014,4,3,5:50 PM,37,15,กษ,72 ,%
2014,4,3,6:20 PM,38,15,กษ,72 ,%
2014,4,3,6:50 PM,39,14,กษ,77 ,%
2014,4,3,7:20 PM,40,13,กษ,82 ,%
2014,4,3,7:50 PM,41,13,กษ,82 ,%
2014,4,3,8:20 PM,42,12,กษ,82 ,%
2014,4,3,8:50 PM,43,12,กษ,82 ,%
2014,4,3,9:20 PM,44,12,กษ,82 ,%
2014,4,3,9:50 PM,45,12,กษ,82 ,%
2014,4,3,10:20 PM,46,12,กษ,88 ,%
2014,4,3,10:50 PM,47,12,กษ,88 ,%
2014,4,3,11:20 PM,48,12,กษ,88 ,%
2014,4,4,11:50 PM,1,12,กษ,82 ,%
2014,4,4,12:20 AM,2,12,กษ,88 ,%
2014,4,4,12:50 AM,3,12,กษ,88 ,%
2014,4,4,1:20 AM,4,12,กษ,88 ,%
2014,4,4,1:50 AM,5,13,กษ,88 ,%
2014,4,4,2:20 AM,6,13,กษ,82 ,%
2014,4,4,2:50 AM,7,13,กษ,82 ,%
2014,4,4,3:20 AM,8,12,กษ,82 ,%
2014,4,4,3:50 AM,9,12,กษ,82 ,%
2014,4,4,4:20 AM,10,12,กษ,82 ,%
2014,4,4,4:50 AM,11,12,กษ,82 ,%
2014,4,4,5:20 AM,12,12,กษ,82 ,%
2014,4,4,5:50 AM,13,12,กษ,82 ,%
2014,4,4,6:20 AM,14,12,กษ,88 ,%
2014,4,4,6:50 AM,15,13,กษ,77 ,%
2014,4,4,7:20 AM,16,13,กษ,82 ,%
2014,4,4,7:50 AM,17,13,กษ,82 ,%
2014,4,4,8:20 AM,18,13,กษ,82 ,%
2014,4,4,8:50 AM,19,13,กษ,77 ,%
2014,4,4,9:20 AM,20,13,กษ,77 ,%
2014,4,4,9:50 AM,21,13,กษ,77 ,%
2014,4,4,10:20 AM,22,14,กษ,72 ,%
2014,4,4,10:50 AM,23,14,กษ,72 ,%
2014,4,4,11:20 AM,24,14,กษ,72 ,%
2014,4,4,11:50 AM,25,15,กษ,67 ,%
2014,4,4,12:20 PM,26,15,กษ,63 ,%
2014,4,4,12:50 PM,27,15,กษ,63 ,%
2014,4,4,1:20 PM,28,15,กษ,59 ,%
2014,4,4,1:50 PM,29,15,กษ,59 ,%
2014,4,4,2:20 PM,30,15,กษ,59 ,%
2014,4,4,2:50 PM,31,15,กษ,59 ,%
2014,4,4,3:20 PM,32,15,กษ,59 ,%
2014,4,4,3:50 PM,33,15,กษ,55 ,%
2014,4,4,4:20 PM,34,15,กษ,55 ,%
2014,4,4,4:50 PM,35,14,กษ,59 ,%
2014,4,4,5:20 PM,36,14,กษ,59 ,%
2014,4,4,5:50 PM,37,15,กษ,51 ,%
2014,4,4,6:20 PM,38,15,กษ,51 ,%
2014,4,4,6:50 PM,39,15,กษ,51 ,%
2014,4,4,7:20 PM,40,14,กษ,55 ,%
2014,4,4,7:50 PM,41,13,กษ,63 ,%
2014,4,4,8:20 PM,42,13,กษ,63 ,%
2014,4,4,8:50 PM,43,13,กษ,67 ,%
2014,4,4,9:20 PM,44,13,กษ,67 ,%
2014,4,4,9:50 PM,45,12,กษ,72 ,%
2014,4,4,10:20 PM,46,12,กษ,72 ,%
2014,4,4,10:50 PM,47,12,กษ,72 ,%
2014,4,4,11:20 PM,48,12,กษ,72 ,%
2014,4,5,11:50 PM,1,11,กษ,76 ,%
2014,4,5,12:20 AM,2,10,กษ,82 ,%
2014,4,5,12:50 AM,3,10,กษ,82 ,%
2014,4,5,1:20 AM,4,10,กษ,76 ,%
2014,4,5,1:50 AM,5,9 ,กษ,82 ,%
2014,4,5,2:20 AM,6,9 ,กษ,82 ,%
2014,4,5,2:50 AM,7,9 ,กษ,82 ,%
2014,4,5,3:20 AM,8,8 ,กษ,87 ,%
2014,4,5,3:50 AM,9,8 ,กษ,87 ,%
2014,4,5,4:20 AM,10,8 ,กษ,81 ,%
2014,4,5,4:50 AM,11,8 ,กษ,81 ,%
2014,4,5,5:20 AM,12,8 ,กษ,81 ,%
2014,4,5,5:50 AM,13,8 ,กษ,87 ,%
2014,4,5,6:20 AM,14,9 ,กษ,82 ,%
2014,4,5,6:50 AM,15,9 ,กษ,82 ,%
2014,4,5,7:20 AM,16,10,กษ,82 ,%
2014,4,5,7:50 AM,17,11,กษ,76 ,%
2014,4,5,8:20 AM,18,12,กษ,77 ,%
2014,4,5,8:50 AM,19,13,กษ,72 ,%
2014,4,5,9:20 AM,20,14,กษ,67 ,%
2014,4,5,9:50 AM,21,14,กษ,67 ,%
2014,4,5,10:20 AM,22,14,กษ,63 ,%
2014,4,5,10:50 AM,23,16,กษ,59 ,%
2014,4,5,11:20 AM,24,16,กษ,59 ,%
2014,4,5,11:50 AM,25,16,กษ,63 ,%
2014,4,5,12:20 PM,26,15,กษ,67 ,%
2014,4,5,12:50 PM,27,15,กษ,67 ,%
2014,4,5,1:20 PM,28,16,กษ,63 ,%
2014,4,5,1:50 PM,29,15,กษ,67 ,%
2014,4,5,2:20 PM,30,16,กษ,68 ,%
2014,4,5,2:50 PM,31,15,กษ,72 ,%
2014,4,5,3:20 PM,32,15,กษ,72 ,%
2014,4,5,3:50 PM,33,15,กษ,72 ,%
2014,4,5,4:20 PM,34,14,กษ,77 ,%
2014,4,5,4:50 PM,35,14,กษ,82 ,%
2014,4,5,5:20 PM,36,14,กษ,82 ,%
2014,4,5,5:50 PM,37,14,กษ,82 ,%
2014,4,5,6:20 PM,38,14,กษ,82 ,%
2014,4,5,6:50 PM,39,14,กษ,82 ,%
2014,4,5,7:20 PM,40,14,กษ,82 ,%
2014,4,5,7:50 PM,41,14,กษ,88 ,%
2014,4,5,8:20 PM,42,14,กษ,88 ,%
2014,4,5,8:50 PM,43,14,กษ,88 ,%
2014,4,5,9:20 PM,44,14,กษ,88 ,%
2014,4,5,9:50 PM,45,14,กษ,88 ,%
2014,4,5,10:20 PM,46,14,กษ,88 ,%
2014,4,5,10:50 PM,47,14,กษ,88 ,%
2014,4,5,11:20 PM,48,14,กษ,88 ,%
2014,4,6,11:50 PM,1,14,กษ,88 ,%
2014,4,6,12:20 AM,2,14,กษ,88 ,%
2014,4,6,12:50 AM,3,14,กษ,88 ,%
2014,4,6,1:20 AM,4,14,กษ,88 ,%
2014,4,6,1:50 AM,5,14,กษ,88 ,%
2014,4,6,2:20 AM,6,14,กษ,94 ,%
2014,4,6,2:50 AM,7,14,กษ,88 ,%
2014,4,6,3:20 AM,8,14,กษ,88 ,%
2014,4,6,3:50 AM,9,14,กษ,88 ,%
2014,4,6,4:20 AM,10,14,กษ,88 ,%
2014,4,6,4:50 AM,11,13,กษ,94 ,%
2014,4,6,5:20 AM,12,13,กษ,94 ,%
2014,4,6,5:50 AM,13,13,กษ,94 ,%
2014,4,6,6:20 AM,14,13,กษ,94 ,%
2014,4,6,6:50 AM,15,13,กษ,94 ,%
2014,4,6,7:20 AM,16,14,กษ,88 ,%
2014,4,6,7:50 AM,17,13,กษ,94 ,%
2014,4,6,8:20 AM,18,13,กษ,94 ,%
2014,4,6,8:50 AM,19,14,กษ,88 ,%
2014,4,6,9:20 AM,20,14,กษ,88 ,%
2014,4,6,9:50 AM,21,14,กษ,88 ,%
2014,4,6,10:20 AM,22,15,กษ,82 ,%
2014,4,6,10:50 AM,23,15,กษ,82 ,%
2014,4,6,11:20 AM,24,15,กษ,82 ,%
2014,4,6,11:50 AM,25,15,กษ,82 ,%
2014,4,6,12:20 PM,26,15,กษ,82 ,%
2014,4,6,12:50 PM,27,15,กษ,82 ,%
2014,4,6,1:20 PM,28,15,กษ,82 ,%
2014,4,6,1:50 PM,29,16,กษ,77 ,%
2014,4,6,2:20 PM,30,16,กษ,72 ,%
2014,4,6,2:50 PM,31,16,กษ,72 ,%
2014,4,6,3:20 PM,32,16,กษ,72 ,%
2014,4,6,3:50 PM,33,16,กษ,72 ,%
2014,4,6,4:20 PM,34,16,กษ,72 ,%
2014,4,6,4:50 PM,35,16,กษ,72 ,%
2014,4,6,5:20 PM,36,15,กษ,82 ,%
2014,4,6,5:50 PM,37,15,กษ,82 ,%
2014,4,6,6:20 PM,38,15,กษ,82 ,%
2014,4,6,6:50 PM,39,14,กษ,88 ,%
2014,4,6,7:20 PM,40,15,กษ,82 ,%
2014,4,6,7:50 PM,41,14,กษ,88 ,%
2014,4,6,8:20 PM,42,14,กษ,88 ,%
2014,4,6,8:50 PM,43,14,กษ,88 ,%
2014,4,6,9:20 PM,44,14,กษ,88 ,%
2014,4,6,9:50 PM,45,14,กษ,88 ,%
2014,4,6,10:20 PM,46,14,กษ,88 ,%
2014,4,6,10:50 PM,47,14,กษ,82 ,%
2014,4,6,11:20 PM,48,14,กษ,82 ,%
2014,4,7,11:50 PM,1,14,กษ,82 ,%
2014,4,7,12:20 AM,2,14,กษ,82 ,%
2014,4,7,12:50 AM,3,14,กษ,82 ,%
2014,4,7,1:20 AM,4,14,กษ,82 ,%
2014,4,7,1:50 AM,5,14,กษ,82 ,%
2014,4,7,2:20 AM,6,14,กษ,82 ,%
2014,4,7,2:50 AM,7,14,กษ,82 ,%
2014,4,7,3:20 AM,8,14,กษ,82 ,%
2014,4,7,3:50 AM,9,14,กษ,77 ,%
2014,4,7,4:20 AM,10,14,กษ,82 ,%
2014,4,7,4:50 AM,11,14,กษ,82 ,%
2014,4,7,5:20 AM,12,13,กษ,88 ,%
2014,4,7,5:50 AM,13,13,กษ,88 ,%
2014,4,7,6:20 AM,14,13,กษ,88 ,%
2014,4,7,6:50 AM,15,14,กษ,82 ,%
2014,4,7,7:20 AM,16,14,กษ,82 ,%
2014,4,7,7:50 AM,17,14,กษ,82 ,%
2014,4,7,8:20 AM,18,14,กษ,82 ,%
2014,4,7,8:50 AM,19,14,กษ,88 ,%
2014,4,7,9:20 AM,20,14,กษ,88 ,%
2014,4,7,9:50 AM,21,14,กษ,88 ,%
2014,4,7,10:20 AM,22,15,กษ,82 ,%
2014,4,7,10:50 AM,23,15,กษ,82 ,%
2014,4,7,11:20 AM,24,15,กษ,82 ,%
2014,4,7,11:50 AM,25,15,กษ,77 ,%
2014,4,7,12:20 PM,26,15,กษ,82 ,%
2014,4,7,12:50 PM,27,15,กษ,82 ,%
2014,4,7,1:20 PM,28,15,กษ,82 ,%
2014,4,7,1:50 PM,29,14,กษ,88 ,%
2014,4,7,2:20 PM,30,14,กษ,88 ,%
2014,4,7,2:50 PM,31,14,กษ,88 ,%
2014,4,7,3:20 PM,32,14,กษ,88 ,%
2014,4,7,3:50 PM,33,14,กษ,94 ,%
2014,4,7,4:20 PM,34,14,กษ,88 ,%
2014,4,7,4:50 PM,35,14,กษ,88 ,%
2014,4,7,5:20 PM,36,14,กษ,88 ,%
2014,4,7,5:50 PM,37,14,กษ,82 ,%
2014,4,7,6:20 PM,38,14,กษ,88 ,%
2014,4,7,6:50 PM,39,13,กษ,94 ,%
2014,4,7,7:20 PM,40,13,กษ,94 ,%
2014,4,7,7:50 PM,41,12,กษ,88 ,%
2014,4,7,8:20 PM,42,12,กษ,88 ,%
2014,4,7,8:50 PM,43,12,กษ,82 ,%
2014,4,7,9:20 PM,44,12,กษ,72 ,%
2014,4,7,9:50 PM,45,11,กษ,82 ,%
2014,4,7,10:20 PM,46,10,กษ,82 ,%
2014,4,7,10:50 PM,47,9 ,กษ,82 ,%
2014,4,7,11:20 PM,48,9 ,กษ,82 ,%
2014,4,8,11:50 PM,1,9 ,กษ,82 ,%
2014,4,8,12:20 AM,2,9 ,กษ,82 ,%
2014,4,8,12:50 AM,3,9 ,กษ,82 ,%
2014,4,8,1:20 AM,4,9 ,กษ,82 ,%
2014,4,8,1:50 AM,5,8 ,กษ,87 ,%
2014,4,8,2:20 AM,6,8 ,กษ,87 ,%
2014,4,8,2:50 AM,7,8 ,กษ,81 ,%
2014,4,8,3:20 AM,8,8 ,กษ,81 ,%
2014,4,8,3:50 AM,9,8 ,กษ,81 ,%
2014,4,8,4:20 AM,10,8 ,กษ,81 ,%
2014,4,8,4:50 AM,11,7 ,กษ,81 ,%
2014,4,8,5:20 AM,12,7 ,กษ,81 ,%
2014,4,8,5:50 AM,13,7 ,กษ,76 ,%
2014,4,8,6:20 AM,14,7 ,กษ,76 ,%
2014,4,8,6:50 AM,15,8 ,กษ,71 ,%
2014,4,8,7:20 AM,16,8 ,กษ,71 ,%
2014,4,8,7:50 AM,17,9 ,กษ,66 ,%
2014,4,8,8:20 AM,18,9 ,กษ,66 ,%
2014,4,8,8:50 AM,19,10,กษ,62 ,%
2014,4,8,9:20 AM,20,10,กษ,62 ,%
2014,4,8,9:50 AM,21,11,กษ,54 ,%
2014,4,8,10:20 AM,22,11,กษ,50 ,%
2014,4,8,10:50 AM,23,11,กษ,54 ,%
2014,4,8,11:20 AM,24,13,กษ,47 ,%
2014,4,8,11:50 AM,25,12,กษ,47 ,%
2014,4,8,12:20 PM,26,13,กษ,44 ,%
2014,4,8,12:50 PM,27,12,กษ,47 ,%
2014,4,8,1:20 PM,28,13,กษ,44 ,%
2014,4,8,1:50 PM,29,13,กษ,44 ,%
2014,4,8,2:20 PM,30,13,กษ,47 ,%
2014,4,8,2:50 PM,31,13,กษ,41 ,%
2014,4,8,3:20 PM,32,13,กษ,47 ,%
2014,4,8,3:50 PM,33,13,กษ,44 ,%
2014,4,8,4:20 PM,34,13,กษ,44 ,%
2014,4,8,4:50 PM,35,13,กษ,44 ,%
2014,4,8,5:20 PM,36,13,กษ,44 ,%
2014,4,8,5:50 PM,37,13,กษ,44 ,%
2014,4,8,6:20 PM,38,12,กษ,47 ,%
2014,4,8,6:50 PM,39,12,กษ,47 ,%
2014,4,8,7:20 PM,40,12,กษ,47 ,%
2014,4,8,7:50 PM,41,12,กษ,51 ,%
2014,4,8,8:20 PM,42,11,กษ,50 ,%
2014,4,8,8:50 PM,43,11,กษ,54 ,%
2014,4,8,9:20 PM,44,11,กษ,54 ,%
2014,4,8,9:50 PM,45,9 ,กษ,62 ,%
2014,4,8,10:20 PM,46,10,กษ,71 ,%
2014,4,8,10:50 PM,47,9 ,กษ,76 ,%
2014,4,8,11:20 PM,48,9 ,กษ,76 ,%
2014,4,9,11:50 PM,1,9 ,กษ,76 ,%
2014,4,9,12:20 AM,2,8 ,กษ,81 ,%
2014,4,9,12:50 AM,3,8 ,กษ,81 ,%
2014,4,9,1:20 AM,4,8 ,กษ,81 ,%
2014,4,9,1:50 AM,5,7 ,กษ,87 ,%
2014,4,9,2:20 AM,6,7 ,กษ,87 ,%
2014,4,9,2:50 AM,7,7 ,กษ,87 ,%
2014,4,9,3:20 AM,8,7 ,กษ,87 ,%
2014,4,9,3:50 AM,9,7 ,กษ,87 ,%
2014,4,9,4:20 AM,10,7 ,กษ,87 ,%
2014,4,9,4:50 AM,11,7 ,กษ,87 ,%
2014,4,9,5:20 AM,12,7 ,กษ,87 ,%
2014,4,9,5:50 AM,13,6 ,กษ,93 ,%
2014,4,9,6:20 AM,14,7 ,กษ,93 ,%
2014,4,9,6:50 AM,15,7 ,กษ,93 ,%
2014,4,9,7:20 AM,16,8 ,กษ,87 ,%
2014,4,9,7:50 AM,17,9 ,กษ,82 ,%
2014,4,9,8:20 AM,18,10,กษ,76 ,%
2014,4,9,8:50 AM,19,11,กษ,71 ,%
2014,4,9,9:20 AM,20,12,กษ,67 ,%
2014,4,9,9:50 AM,21,13,กษ,58 ,%
2014,4,9,10:20 AM,22,14,กษ,55 ,%
2014,4,9,10:50 AM,23,14,กษ,55 ,%
2014,4,9,11:20 AM,24,14,กษ,55 ,%
2014,4,9,11:50 AM,25,16,กษ,45 ,%
2014,4,9,12:20 PM,26,15,กษ,51 ,%
2014,4,9,12:50 PM,27,16,กษ,48 ,%
2014,4,9,1:20 PM,28,16,กษ,48 ,%
2014,4,9,1:50 PM,29,17,กษ,45 ,%
2014,4,9,2:20 PM,30,17,กษ,48 ,%
2014,4,9,2:50 PM,31,17,กษ,45 ,%
2014,4,9,3:20 PM,32,17,กษ,45 ,%
2014,4,9,3:50 PM,33,17,กษ,45 ,%
2014,4,9,4:20 PM,34,17,กษ,45 ,%
2014,4,9,4:50 PM,35,16,กษ,52 ,%
2014,4,9,5:20 PM,36,16,กษ,52 ,%
2014,4,9,5:50 PM,37,16,กษ,52 ,%
2014,4,9,6:20 PM,38,15,กษ,55 ,%
2014,4,9,6:50 PM,39,15,กษ,55 ,%
2014,4,9,7:20 PM,40,14,กษ,59 ,%
2014,4,9,7:50 PM,41,14,กษ,59 ,%
2014,4,9,8:20 PM,42,13,กษ,63 ,%
2014,4,9,8:50 PM,43,13,กษ,63 ,%
2014,4,9,9:20 PM,44,13,กษ,63 ,%
2014,4,9,9:50 PM,45,12,กษ,67 ,%
2014,4,9,10:20 PM,46,12,กษ,67 ,%
2014,4,9,10:50 PM,47,11,กษ,71 ,%
2014,4,9,11:20 PM,48,11,กษ,71 ,%
2014,4,10,11:50 PM,1,11,กษ,71 ,%
2014,4,10,12:20 AM,2,11,กษ,71 ,%
2014,4,10,12:50 AM,3,10,กษ,76 ,%
2014,4,10,1:20 AM,4,10,กษ,76 ,%
2014,4,10,1:50 AM,5,10,กษ,76 ,%
2014,4,10,2:20 AM,6,9 ,กษ,82 ,%
2014,4,10,2:50 AM,7,9 ,กษ,82 ,%
2014,4,10,3:20 AM,8,9 ,กษ,82 ,%
2014,4,10,3:50 AM,9,9 ,กษ,82 ,%
2014,4,10,4:20 AM,10,8 ,กษ,87 ,%
2014,4,10,4:50 AM,11,8 ,กษ,87 ,%
2014,4,10,5:20 AM,12,8 ,กษ,87 ,%
2014,4,10,5:50 AM,13,8 ,กษ,87 ,%
2014,4,10,6:20 AM,14,8 ,กษ,87 ,%
2014,4,10,6:50 AM,15,9 ,กษ,82 ,%
2014,4,10,7:20 AM,16,10,กษ,76 ,%
2014,4,10,7:50 AM,17,11,กษ,71 ,%
2014,4,10,8:20 AM,18,11,กษ,71 ,%
2014,4,10,8:50 AM,19,12,กษ,62 ,%
2014,4,10,9:20 AM,20,13,กษ,54 ,%
2014,4,10,9:50 AM,21,14,กษ,55 ,%
2014,4,10,10:20 AM,22,14,กษ,51 ,%
2014,4,10,10:50 AM,23,14,กษ,51 ,%
2014,4,10,11:20 AM,24,14,กษ,51 ,%
2014,4,10,11:50 AM,25,15,กษ,48 ,%
2014,4,10,12:20 PM,26,16,กษ,45 ,%
2014,4,10,12:50 PM,27,15,กษ,45 ,%
2014,4,10,1:20 PM,28,16,กษ,42 ,%
2014,4,10,1:50 PM,29,16,กษ,42 ,%
2014,4,10,2:20 PM,30,17,กษ,39 ,%
2014,4,10,2:50 PM,31,16,กษ,39 ,%
2014,4,10,3:20 PM,32,17,กษ,39 ,%
2014,4,10,3:50 PM,33,16,กษ,42 ,%
2014,4,10,4:20 PM,34,16,กษ,45 ,%
2014,4,10,4:50 PM,35,15,กษ,48 ,%
2014,4,10,5:20 PM,36,15,กษ,48 ,%
2014,4,10,5:50 PM,37,15,กษ,48 ,%
2014,4,10,6:20 PM,38,15,กษ,48 ,%
2014,4,10,6:50 PM,39,14,กษ,55 ,%
2014,4,10,7:20 PM,40,14,กษ,55 ,%
2014,4,10,7:50 PM,41,14,กษ,55 ,%
2014,4,10,8:20 PM,42,14,กษ,55 ,%
2014,4,10,8:50 PM,43,14,กษ,55 ,%
2014,4,10,9:20 PM,44,14,กษ,59 ,%
2014,4,10,9:50 PM,45,13,กษ,63 ,%
2014,4,10,10:20 PM,46,13,กษ,63 ,%
2014,4,10,10:50 PM,47,13,กษ,58 ,%
2014,4,10,11:20 PM,48,13,กษ,58 ,%
2014,4,11,11:50 PM,1,13,กษ,58 ,%
2014,4,11,12:20 AM,2,13,กษ,58 ,%
2014,4,11,12:50 AM,3,12,กษ,62 ,%
2014,4,11,1:20 AM,4,12,กษ,62 ,%
2014,4,11,1:50 AM,5,12,กษ,62 ,%
2014,4,11,2:20 AM,6,12,กษ,62 ,%
2014,4,11,2:50 AM,7,12,กษ,62 ,%
2014,4,11,3:20 AM,8,12,กษ,62 ,%
2014,4,11,3:50 AM,9,12,กษ,62 ,%
2014,4,11,4:20 AM,10,11,กษ,67 ,%
2014,4,11,4:50 AM,11,11,กษ,71 ,%
2014,4,11,5:20 AM,12,11,กษ,67 ,%
2014,4,11,5:50 AM,13,11,กษ,71 ,%
2014,4,11,6:20 AM,14,11,กษ,71 ,%
2014,4,11,6:50 AM,15,11,กษ,71 ,%
2014,4,11,7:20 AM,16,11,กษ,67 ,%
2014,4,11,7:50 AM,17,12,กษ,62 ,%
2014,4,11,8:20 AM,18,12,กษ,58 ,%
2014,4,11,8:50 AM,19,12,กษ,58 ,%
2014,4,11,9:20 AM,20,12,กษ,54 ,%
2014,4,11,9:50 AM,21,13,กษ,54 ,%
2014,4,11,10:20 AM,22,13,กษ,54 ,%
2014,4,11,10:50 AM,23,13,กษ,54 ,%
2014,4,11,11:20 AM,24,14,กษ,51 ,%
2014,4,11,11:50 AM,25,14,กษ,51 ,%
2014,4,11,12:20 PM,26,15,กษ,45 ,%
2014,4,11,12:50 PM,27,15,กษ,45 ,%
2014,4,11,1:20 PM,28,15,กษ,45 ,%
2014,4,11,1:50 PM,29,15,กษ,42 ,%
2014,4,11,2:20 PM,30,15,กษ,42 ,%
2014,4,11,2:50 PM,31,16,กษ,39 ,%
2014,4,11,3:20 PM,32,16,กษ,36 ,%
2014,4,11,3:50 PM,33,16,กษ,36 ,%
2014,4,11,4:20 PM,34,15,กษ,42 ,%
2014,4,11,4:50 PM,35,15,กษ,42 ,%
2014,4,11,5:20 PM,36,15,กษ,45 ,%
2014,4,11,5:50 PM,37,15,กษ,45 ,%
2014,4,11,6:20 PM,38,15,กษ,45 ,%
2014,4,11,6:50 PM,39,15,กษ,45 ,%
2014,4,11,7:20 PM,40,14,กษ,48 ,%
2014,4,11,7:50 PM,41,14,กษ,48 ,%
2014,4,11,8:20 PM,42,12,กษ,77 ,%
2014,4,11,8:50 PM,43,11,กษ,82 ,%
2014,4,11,9:20 PM,44,11,กษ,82 ,%
2014,4,11,9:50 PM,45,10,กษ,87 ,%
2014,4,11,10:20 PM,46,10,กษ,87 ,%
2014,4,11,10:50 PM,47,10,กษ,87 ,%
2014,4,11,11:20 PM,48,10,กษ,87 ,%
2014,4,12,11:50 PM,1,9 ,กษ,93 ,%
2014,4,12,12:20 AM,2,9 ,กษ,93 ,%
2014,4,12,12:50 AM,3,9 ,กษ,93 ,%
2014,4,12,1:20 AM,4,10,กษ,76 ,%
2014,4,12,1:50 AM,5,9 ,กษ,82 ,%
2014,4,12,2:20 AM,6,9 ,กษ,76 ,%
2014,4,12,2:50 AM,7,9 ,กษ,76 ,%
2014,4,12,3:20 AM,8,9 ,กษ,76 ,%
2014,4,12,3:50 AM,9,9 ,กษ,82 ,%
2014,4,12,4:20 AM,10,9 ,กษ,82 ,%
2014,4,12,4:50 AM,11,10,กษ,71 ,%
2014,4,12,5:20 AM,12,9 ,กษ,76 ,%
2014,4,12,5:50 AM,13,9 ,กษ,76 ,%
2014,4,12,6:20 AM,14,10,กษ,71 ,%
2014,4,12,6:50 AM,15,10,กษ,76 ,%
2014,4,12,7:20 AM,16,11,กษ,67 ,%
2014,4,12,7:50 AM,17,12,กษ,62 ,%
2014,4,12,8:20 AM,18,12,กษ,58 ,%
2014,4,12,8:50 AM,19,13,กษ,54 ,%
2014,4,12,9:20 AM,20,14,กษ,51 ,%
2014,4,12,9:50 AM,21,13,กษ,54 ,%
2014,4,12,10:20 AM,22,14,กษ,51 ,%
2014,4,12,10:50 AM,23,14,กษ,51 ,%
2014,4,12,11:20 AM,24,14,กษ,51 ,%
2014,4,12,11:50 AM,25,15,กษ,48 ,%
2014,4,12,12:20 PM,26,15,กษ,51 ,%
2014,4,12,12:50 PM,27,15,กษ,48 ,%
2014,4,12,1:20 PM,28,14,กษ,51 ,%
2014,4,12,1:50 PM,29,14,กษ,51 ,%
2014,4,12,2:20 PM,30,14,กษ,48 ,%
2014,4,12,2:50 PM,31,14,กษ,55 ,%
2014,4,12,3:20 PM,32,14,กษ,51 ,%
2014,4,12,3:50 PM,33,14,กษ,51 ,%
2014,4,12,4:20 PM,34,14,กษ,55 ,%
2014,4,12,4:50 PM,35,14,กษ,55 ,%
2014,4,12,5:20 PM,36,14,กษ,55 ,%
2014,4,12,5:50 PM,37,13,กษ,58 ,%
2014,4,12,6:20 PM,38,13,กษ,58 ,%
2014,4,12,6:50 PM,39,12,กษ,62 ,%
2014,4,12,7:20 PM,40,12,กษ,62 ,%
2014,4,12,7:50 PM,41,12,กษ,67 ,%
2014,4,12,8:20 PM,42,12,กษ,67 ,%
2014,4,12,8:50 PM,43,11,กษ,71 ,%
2014,4,12,9:20 PM,44,11,กษ,71 ,%
2014,4,12,9:50 PM,45,11,กษ,71 ,%
2014,4,12,10:20 PM,46,11,กษ,76 ,%
2014,4,12,10:50 PM,47,10,กษ,82 ,%
2014,4,12,11:20 PM,48,10,กษ,82 ,%
2014,4,13,11:50 PM,1,10,กษ,82 ,%
2014,4,13,12:20 AM,2,10,กษ,87 ,%
2014,4,13,12:50 AM,3,10,กษ,87 ,%
2014,4,13,1:20 AM,4,10,กษ,87 ,%
2014,4,13,1:50 AM,5,10,กษ,87 ,%
2014,4,13,2:20 AM,6,10,กษ,87 ,%
2014,4,13,2:50 AM,7,10,กษ,87 ,%
2014,4,13,3:20 AM,8,10,กษ,87 ,%
2014,4,13,3:50 AM,9,10,กษ,87 ,%
2014,4,13,4:20 AM,10,10,กษ,87 ,%
2014,4,13,4:50 AM,11,10,กษ,87 ,%
2014,4,13,5:20 AM,12,10,กษ,87 ,%
2014,4,13,5:50 AM,13,10,กษ,76 ,%
2014,4,13,6:20 AM,14,10,กษ,71 ,%
2014,4,13,6:50 AM,15,10,กษ,62 ,%
2014,4,13,7:20 AM,16,10,กษ,62 ,%
2014,4,13,7:50 AM,17,11,กษ,58 ,%
2014,4,13,8:20 AM,18,11,กษ,54 ,%
2014,4,13,8:50 AM,19,11,กษ,54 ,%
2014,4,13,9:20 AM,20,11,กษ,54 ,%
2014,4,13,9:50 AM,21,12,กษ,51 ,%
2014,4,13,10:20 AM,22,12,กษ,51 ,%
2014,4,13,10:50 AM,23,13,กษ,47 ,%
2014,4,13,11:20 AM,24,13,กษ,44 ,%
2014,4,13,11:50 AM,25,15,กษ,42 ,%
2014,4,13,12:20 PM,26,14,กษ,44 ,%
2014,4,13,12:50 PM,27,15,กษ,42 ,%
2014,4,13,1:20 PM,28,15,กษ,42 ,%
2014,4,13,1:50 PM,29,16,กษ,42 ,%
2014,4,13,2:20 PM,30,16,กษ,45 ,%
2014,4,13,2:50 PM,31,16,กษ,42 ,%
2014,4,13,3:20 PM,32,16,กษ,45 ,%
2014,4,13,3:50 PM,33,16,กษ,45 ,%
2014,4,13,4:20 PM,34,16,กษ,45 ,%
2014,4,13,4:50 PM,35,16,กษ,45 ,%
2014,4,13,5:20 PM,36,16,กษ,48 ,%
2014,4,13,5:50 PM,37,16,กษ,45 ,%
2014,4,13,6:20 PM,38,15,กษ,48 ,%
2014,4,13,6:50 PM,39,15,กษ,51 ,%
2014,4,13,7:20 PM,40,15,กษ,51 ,%
2014,4,13,7:50 PM,41,14,กษ,59 ,%
2014,4,13,8:20 PM,42,14,กษ,59 ,%
2014,4,13,8:50 PM,43,13,กษ,63 ,%
2014,4,13,9:20 PM,44,13,กษ,63 ,%
2014,4,13,9:50 PM,45,13,กษ,67 ,%
2014,4,13,10:20 PM,46,12,กษ,67 ,%
2014,4,13,10:50 PM,47,12,กษ,67 ,%
2014,4,13,11:20 PM,48,12,กษ,67 ,%
2014,4,14,11:50 PM,1,11,กษ,67 ,%
2014,4,14,12:20 AM,2,11,กษ,67 ,%
2014,4,14,12:50 AM,3,10,กษ,71 ,%
2014,4,14,1:20 AM,4,10,กษ,71 ,%
2014,4,14,1:50 AM,5,10,กษ,71 ,%
2014,4,14,2:20 AM,6,10,กษ,71 ,%
2014,4,14,2:50 AM,7,9 ,กษ,76 ,%
2014,4,14,3:20 AM,8,9 ,กษ,76 ,%
2014,4,14,3:50 AM,9,9 ,กษ,76 ,%
2014,4,14,4:20 AM,10,9 ,กษ,76 ,%
2014,4,14,4:50 AM,11,9 ,กษ,71 ,%
2014,4,14,5:20 AM,12,9 ,กษ,66 ,%
2014,4,14,5:50 AM,13,9 ,กษ,71 ,%
2014,4,14,6:20 AM,14,9 ,กษ,66 ,%
2014,4,14,6:50 AM,15,10,กษ,62 ,%
2014,4,14,7:20 AM,16,10,กษ,66 ,%
2014,4,14,7:50 AM,17,10,กษ,66 ,%
2014,4,14,8:20 AM,18,11,กษ,58 ,%
2014,4,14,8:50 AM,19,11,กษ,58 ,%
2014,4,14,9:20 AM,20,11,กษ,58 ,%
2014,4,14,9:50 AM,21,12,กษ,54 ,%
2014,4,14,10:20 AM,22,12,กษ,54 ,%
2014,4,14,10:50 AM,23,13,กษ,51 ,%
2014,4,14,11:20 AM,24,13,กษ,47 ,%
2014,4,14,11:50 AM,25,13,กษ,47 ,%
2014,4,14,12:20 PM,26,14,กษ,48 ,%
2014,4,14,12:50 PM,27,14,กษ,44 ,%
2014,4,14,1:20 PM,28,14,กษ,44 ,%
2014,4,14,1:50 PM,29,15,กษ,42 ,%
2014,4,14,2:20 PM,30,14,กษ,41 ,%
2014,4,14,2:50 PM,31,14,กษ,41 ,%
2014,4,14,3:20 PM,32,14,กษ,41 ,%
2014,4,14,3:50 PM,33,15,กษ,39 ,%
2014,4,14,4:20 PM,34,15,กษ,36 ,%
2014,4,14,4:50 PM,35,15,กษ,36 ,%
2014,4,14,5:20 PM,36,15,กษ,36 ,%
2014,4,14,5:50 PM,37,14,กษ,38 ,%
2014,4,14,6:20 PM,38,14,กษ,38 ,%
2014,4,14,6:50 PM,39,14,กษ,38 ,%
2014,4,14,7:20 PM,40,13,กษ,47 ,%
2014,4,14,7:50 PM,41,12,กษ,51 ,%
2014,4,14,8:20 PM,42,10,กษ,76 ,%
2014,4,14,8:50 PM,43,10,กษ,76 ,%
2014,4,14,9:20 PM,44,10,กษ,76 ,%
2014,4,14,9:50 PM,45,9 ,กษ,82 ,%
2014,4,14,10:20 PM,46,9 ,กษ,82 ,%
2014,4,14,10:50 PM,47,9 ,กษ,76 ,%
2014,4,14,11:20 PM,48,9 ,กษ,76 ,%
2014,4,15,11:50 PM,1,8 ,กษ,71 ,%
2014,4,15,12:20 AM,2,8 ,กษ,66 ,%
2014,4,15,12:50 AM,3,8 ,กษ,66 ,%
2014,4,15,1:20 AM,4,7 ,กษ,71 ,%
2014,4,15,1:50 AM,5,7 ,กษ,71 ,%
2014,4,15,2:20 AM,6,6 ,กษ,76 ,%
2014,4,15,2:50 AM,7,6 ,กษ,76 ,%
2014,4,15,3:20 AM,8,6 ,กษ,76 ,%
2014,4,15,3:50 AM,9,6 ,กษ,76 ,%
2014,4,15,4:20 AM,10,6 ,กษ,76 ,%
2014,4,15,4:50 AM,11,5 ,กษ,81 ,%
2014,4,15,5:20 AM,12,5 ,กษ,81 ,%
2014,4,15,5:50 AM,13,6 ,กษ,76 ,%
2014,4,15,6:20 AM,14,6 ,กษ,76 ,%
2014,4,15,6:50 AM,15,7 ,กษ,76 ,%
2014,4,15,7:20 AM,16,7 ,กษ,76 ,%
2014,4,15,7:50 AM,17,8 ,กษ,71 ,%
2014,4,15,8:20 AM,18,9 ,กษ,66 ,%
2014,4,15,8:50 AM,19,9 ,กษ,62 ,%
2014,4,15,9:20 AM,20,10,กษ,58 ,%
2014,4,15,9:50 AM,21,10,กษ,58 ,%
2014,4,15,10:20 AM,22,11,กษ,50 ,%
2014,4,15,10:50 AM,23,12,กษ,47 ,%
2014,4,15,11:20 AM,24,12,กษ,51 ,%
2014,4,15,11:50 AM,25,12,กษ,47 ,%
2014,4,15,12:20 PM,26,13,กษ,44 ,%
2014,4,15,12:50 PM,27,13,กษ,47 ,%
2014,4,15,1:20 PM,28,13,กษ,41 ,%
2014,4,15,1:50 PM,29,14,กษ,41 ,%
2014,4,15,2:20 PM,30,14,กษ,44 ,%
2014,4,15,2:50 PM,31,13,กษ,51 ,%
2014,4,15,3:20 PM,32,13,กษ,51 ,%
2014,4,15,3:50 PM,33,13,กษ,51 ,%
2014,4,15,4:20 PM,34,12,กษ,54 ,%
2014,4,15,4:50 PM,35,12,กษ,54 ,%
2014,4,15,5:20 PM,36,11,กษ,58 ,%
2014,4,15,5:50 PM,37,10,กษ,62 ,%
2014,4,15,6:20 PM,38,10,กษ,58 ,%
2014,4,15,6:50 PM,39,9 ,กษ,66 ,%
2014,4,15,7:20 PM,40,8 ,กษ,66 ,%
2014,4,15,7:50 PM,41,8 ,กษ,66 ,%
2014,4,15,8:20 PM,42,8 ,กษ,71 ,%
2014,4,15,8:50 PM,43,8 ,กษ,71 ,%
2014,4,15,9:20 PM,44,7 ,กษ,76 ,%
2014,4,15,9:50 PM,45,7 ,กษ,76 ,%
2014,4,15,10:20 PM,46,7 ,กษ,76 ,%
2014,4,15,10:50 PM,47,6 ,กษ,81 ,%
2014,4,15,11:20 PM,48,6 ,กษ,81 ,%
2014,4,16,11:50 PM,1,6 ,กษ,81 ,%
2014,4,16,12:20 AM,2,6 ,กษ,81 ,%
2014,4,16,12:50 AM,3,6 ,กษ,81 ,%
2014,4,16,1:20 AM,4,6 ,กษ,81 ,%
2014,4,16,1:50 AM,5,6 ,กษ,81 ,%
2014,4,16,2:20 AM,6,6 ,กษ,81 ,%
2014,4,16,2:50 AM,7,6 ,กษ,81 ,%
2014,4,16,3:20 AM,8,5 ,กษ,87 ,%
2014,4,16,3:50 AM,9,5 ,กษ,87 ,%
2014,4,16,4:20 AM,10,5 ,กษ,87 ,%
2014,4,16,4:50 AM,11,5 ,กษ,81 ,%
2014,4,16,5:20 AM,12,5 ,กษ,87 ,%
2014,4,16,5:50 AM,13,5 ,กษ,87 ,%
2014,4,16,6:20 AM,14,6 ,กษ,81 ,%
2014,4,16,6:50 AM,15,8 ,กษ,71 ,%
2014,4,16,7:20 AM,16,8 ,กษ,76 ,%
2014,4,16,7:50 AM,17,9 ,กษ,66 ,%
2014,4,16,8:20 AM,18,10,กษ,62 ,%
2014,4,16,8:50 AM,19,10,กษ,62 ,%
2014,4,16,9:20 AM,20,11,กษ,58 ,%
2014,4,16,9:50 AM,21,12,กษ,54 ,%
2014,4,16,10:20 AM,22,12,กษ,54 ,%
2014,4,16,10:50 AM,23,12,กษ,54 ,%
2014,4,16,11:20 AM,24,14,กษ,48 ,%
2014,4,16,11:50 AM,25,14,กษ,48 ,%
2014,4,16,12:20 PM,26,15,กษ,45 ,%
2014,4,16,12:50 PM,27,15,กษ,45 ,%
2014,4,16,1:20 PM,28,15,กษ,42 ,%
2014,4,16,1:50 PM,29,16,กษ,34 ,%
2014,4,16,2:20 PM,30,16,กษ,36 ,%
2014,4,16,2:50 PM,31,16,กษ,29 ,%
2014,4,16,3:20 PM,32,16,กษ,27 ,%
2014,4,16,3:50 PM,33,16,กษ,31 ,%
2014,4,16,4:20 PM,34,16,กษ,31 ,%
2014,4,16,4:50 PM,35,16,กษ,31 ,%
2014,4,16,5:20 PM,36,16,กษ,29 ,%
2014,4,16,5:50 PM,37,15,กษ,27 ,%
2014,4,16,6:20 PM,38,15,กษ,29 ,%
2014,4,16,6:50 PM,39,14,กษ,33 ,%
2014,4,16,7:20 PM,40,13,กษ,38 ,%
2014,4,16,7:50 PM,41,13,กษ,41 ,%
2014,4,16,8:20 PM,42,12,กษ,44 ,%
2014,4,16,8:50 PM,43,11,กษ,50 ,%
2014,4,16,9:20 PM,44,11,กษ,50 ,%
2014,4,16,9:50 PM,45,10,กษ,58 ,%
2014,4,16,10:20 PM,46,10,กษ,58 ,%
2014,4,16,10:50 PM,47,9 ,กษ,62 ,%
2014,4,16,11:20 PM,48,9 ,กษ,62 ,%
2014,4,17,11:50 PM,1,9 ,กษ,66 ,%
2014,4,17,12:20 AM,2,10,กษ,62 ,%
2014,4,17,12:50 AM,3,10,กษ,62 ,%
2014,4,17,1:20 AM,4,10,กษ,58 ,%
2014,4,17,1:50 AM,5,10,กษ,58 ,%
2014,4,17,2:20 AM,6,10,กษ,62 ,%
2014,4,17,2:50 AM,7,9 ,กษ,66 ,%
2014,4,17,3:20 AM,8,9 ,กษ,66 ,%
2014,4,17,3:50 AM,9,9 ,กษ,66 ,%
2014,4,17,4:20 AM,10,9 ,กษ,71 ,%
2014,4,17,4:50 AM,11,9 ,กษ,66 ,%
2014,4,17,5:20 AM,12,10,กษ,66 ,%
2014,4,17,5:50 AM,13,10,กษ,66 ,%
2014,4,17,6:20 AM,14,10,กษ,71 ,%
2014,4,17,6:50 AM,15,11,กษ,67 ,%
2014,4,17,7:20 AM,16,11,กษ,67 ,%
2014,4,17,7:50 AM,17,12,กษ,62 ,%
2014,4,17,8:20 AM,18,13,กษ,63 ,%
2014,4,17,8:50 AM,19,14,กษ,55 ,%
2014,4,17,9:20 AM,20,14,กษ,59 ,%
2014,4,17,9:50 AM,21,15,กษ,51 ,%
2014,4,17,10:20 AM,22,16,กษ,45 ,%
2014,4,17,10:50 AM,23,16,กษ,36 ,%
2014,4,17,11:20 AM,24,17,กษ,37 ,%
2014,4,17,11:50 AM,25,17,กษ,37 ,%
2014,4,17,12:20 PM,26,17,กษ,37 ,%
2014,4,17,12:50 PM,27,17,กษ,34 ,%
2014,4,17,1:20 PM,28,17,กษ,37 ,%
2014,4,17,1:50 PM,29,17,กษ,42 ,%
2014,4,17,2:20 PM,30,17,กษ,48 ,%
2014,4,17,2:50 PM,31,16,กษ,55 ,%
2014,4,17,3:20 PM,32,16,กษ,55 ,%
2014,4,17,3:50 PM,33,16,กษ,55 ,%
2014,4,17,4:20 PM,34,15,กษ,59 ,%
2014,4,17,4:50 PM,35,15,กษ,59 ,%
2014,4,17,5:20 PM,36,15,กษ,55 ,%
2014,4,17,5:50 PM,37,15,กษ,55 ,%
2014,4,17,6:20 PM,38,14,กษ,63 ,%
2014,4,17,6:50 PM,39,14,กษ,63 ,%
2014,4,17,7:20 PM,40,13,กษ,63 ,%
2014,4,17,7:50 PM,41,13,กษ,63 ,%
2014,4,17,8:20 PM,42,13,กษ,58 ,%
2014,4,17,8:50 PM,43,13,กษ,58 ,%
2014,4,17,9:20 PM,44,13,กษ,58 ,%
2014,4,17,9:50 PM,45,12,กษ,62 ,%
2014,4,17,10:20 PM,46,12,กษ,62 ,%
2014,4,17,10:50 PM,47,12,กษ,62 ,%
2014,4,17,11:20 PM,48,12,กษ,62 ,%
2014,4,18,11:50 PM,1,11,กษ,67 ,%
2014,4,18,12:20 AM,2,11,กษ,67 ,%
2014,4,18,12:50 AM,3,10,กษ,71 ,%
2014,4,18,1:20 AM,4,10,กษ,71 ,%
2014,4,18,1:50 AM,5,9 ,กษ,71 ,%
2014,4,18,2:20 AM,6,9 ,กษ,71 ,%
2014,4,18,2:50 AM,7,9 ,กษ,71 ,%
2014,4,18,3:20 AM,8,8 ,กษ,76 ,%
2014,4,18,3:50 AM,9,8 ,กษ,71 ,%
2014,4,18,4:20 AM,10,7 ,กษ,76 ,%
2014,4,18,4:50 AM,11,7 ,กษ,76 ,%
2014,4,18,5:20 AM,12,7 ,กษ,76 ,%
2014,4,18,5:50 AM,13,7 ,กษ,81 ,%
2014,4,18,6:20 AM,14,7 ,กษ,81 ,%
2014,4,18,6:50 AM,15,8 ,กษ,71 ,%
2014,4,18,7:20 AM,16,8 ,กษ,71 ,%
2014,4,18,7:50 AM,17,9 ,กษ,66 ,%
2014,4,18,8:20 AM,18,9 ,กษ,66 ,%
2014,4,18,8:50 AM,19,10,กษ,58 ,%
2014,4,18,9:20 AM,20,10,กษ,58 ,%
2014,4,18,9:50 AM,21,9 ,กษ,57 ,%
2014,4,18,10:20 AM,22,10,กษ,50 ,%
2014,4,18,10:50 AM,23,10,กษ,50 ,%
2014,4,18,11:20 AM,24,11,กษ,47 ,%
2014,4,18,11:50 AM,25,11,กษ,47 ,%
2014,4,18,12:20 PM,26,11,กษ,50 ,%
2014,4,18,12:50 PM,27,11,กษ,50 ,%
2014,4,18,1:20 PM,28,11,กษ,47 ,%
2014,4,18,1:50 PM,29,12,กษ,47 ,%
2014,4,18,2:20 PM,30,12,กษ,47 ,%
2014,4,18,2:50 PM,31,12,กษ,47 ,%
2014,4,18,3:20 PM,32,12,กษ,47 ,%
2014,4,18,3:50 PM,33,12,กษ,47 ,%
2014,4,18,4:20 PM,34,12,กษ,51 ,%
2014,4,18,4:50 PM,35,12,กษ,51 ,%
2014,4,18,5:20 PM,36,12,กษ,51 ,%
2014,4,18,5:50 PM,37,11,กษ,54 ,%
2014,4,18,6:20 PM,38,11,กษ,54 ,%
2014,4,18,6:50 PM,39,10,กษ,58 ,%
2014,4,18,7:20 PM,40,10,กษ,58 ,%
2014,4,18,7:50 PM,41,9 ,กษ,66 ,%
2014,4,18,8:20 PM,42,9 ,กษ,62 ,%
2014,4,18,8:50 PM,43,9 ,กษ,62 ,%
2014,4,18,9:20 PM,44,9 ,กษ,66 ,%
2014,4,18,9:50 PM,45,9 ,กษ,62 ,%
2014,4,18,10:20 PM,46,9 ,กษ,62 ,%
2014,4,18,10:50 PM,47,8 ,กษ,66 ,%
2014,4,18,11:20 PM,48,8 ,กษ,66 ,%
2014,4,19,11:50 PM,1,7 ,กษ,71 ,%
2014,4,19,12:20 AM,2,7 ,กษ,66 ,%
2014,4,19,12:50 AM,3,6 ,กษ,70 ,%
2014,4,19,1:20 AM,4,6 ,กษ,70 ,%
2014,4,19,1:50 AM,5,6 ,กษ,76 ,%
2014,4,19,2:20 AM,6,6 ,กษ,70 ,%
2014,4,19,2:50 AM,7,6 ,กษ,70 ,%
2014,4,19,3:20 AM,8,6 ,กษ,70 ,%
2014,4,19,3:50 AM,9,7 ,กษ,66 ,%
2014,4,19,4:20 AM,10,7 ,กษ,66 ,%
2014,4,19,4:50 AM,11,7 ,กษ,66 ,%
2014,4,19,5:20 AM,12,7 ,กษ,66 ,%
2014,4,19,5:50 AM,13,7 ,กษ,66 ,%
2014,4,19,6:20 AM,14,7 ,กษ,66 ,%
2014,4,19,6:50 AM,15,7 ,กษ,66 ,%
2014,4,19,7:20 AM,16,8 ,กษ,66 ,%
2014,4,19,7:50 AM,17,9 ,กษ,62 ,%
2014,4,19,8:20 AM,18,9 ,กษ,62 ,%
2014,4,19,8:50 AM,19,9 ,กษ,57 ,%
2014,4,19,9:20 AM,20,11,กษ,54 ,%
2014,4,19,9:50 AM,21,11,กษ,50 ,%
2014,4,19,10:20 AM,22,11,กษ,54 ,%
2014,4,19,10:50 AM,23,11,กษ,54 ,%
2014,4,19,11:20 AM,24,12,กษ,51 ,%
2014,4,19,11:50 AM,25,11,กษ,58 ,%
2014,4,19,12:20 PM,26,12,กษ,54 ,%
2014,4,19,12:50 PM,27,12,กษ,58 ,%
2014,4,19,1:20 PM,28,12,กษ,54 ,%
2014,4,19,1:50 PM,29,12,กษ,58 ,%
2014,4,19,2:20 PM,30,12,กษ,58 ,%
2014,4,19,2:50 PM,31,12,กษ,58 ,%
2014,4,19,3:20 PM,32,13,กษ,51 ,%
2014,4,19,3:50 PM,33,12,กษ,58 ,%
2014,4,19,4:20 PM,34,12,กษ,54 ,%
2014,4,19,4:50 PM,35,12,กษ,58 ,%
2014,4,19,5:20 PM,36,12,กษ,58 ,%
2014,4,19,5:50 PM,37,12,กษ,58 ,%
2014,4,19,6:20 PM,38,11,กษ,67 ,%
2014,4,19,6:50 PM,39,10,กษ,71 ,%
2014,4,19,7:20 PM,40,10,กษ,71 ,%
2014,4,19,7:50 PM,41,10,กษ,71 ,%
2014,4,19,8:20 PM,42,9 ,กษ,71 ,%
2014,4,19,8:50 PM,43,9 ,กษ,71 ,%
2014,4,19,9:20 PM,44,9 ,กษ,71 ,%
2014,4,19,9:50 PM,45,8 ,กษ,76 ,%
2014,4,19,10:20 PM,46,8 ,กษ,81 ,%
2014,4,19,10:50 PM,47,8 ,กษ,81 ,%
2014,4,19,11:20 PM,48,8 ,กษ,81 ,%
2014,4,20,11:50 PM,1,8 ,กษ,81 ,%
2014,4,20,12:20 AM,2,8 ,กษ,87 ,%
2014,4,20,12:50 AM,3,8 ,กษ,87 ,%
2014,4,20,1:20 AM,4,8 ,กษ,87 ,%
2014,4,20,1:50 AM,5,8 ,กษ,87 ,%
2014,4,20,2:20 AM,6,9 ,กษ,87 ,%
2014,4,20,2:50 AM,7,9 ,กษ,87 ,%
2014,4,20,3:20 AM,8,9 ,กษ,87 ,%
2014,4,20,3:50 AM,9,9 ,กษ,87 ,%
2014,4,20,4:20 AM,10,9 ,กษ,87 ,%
2014,4,20,4:50 AM,11,9 ,กษ,93 ,%
2014,4,20,5:20 AM,12,10,กษ,87 ,%
2014,4,20,5:50 AM,13,9 ,กษ,93 ,%
2014,4,20,6:20 AM,14,10,กษ,87 ,%
2014,4,20,6:50 AM,15,10,กษ,87 ,%
2014,4,20,7:20 AM,16,11,กษ,82 ,%
2014,4,20,7:50 AM,17,12,กษ,77 ,%
2014,4,20,8:20 AM,18,12,กษ,82 ,%
2014,4,20,8:50 AM,19,12,กษ,82 ,%
2014,4,20,9:20 AM,20,13,กษ,77 ,%
2014,4,20,9:50 AM,21,13,กษ,82 ,%
2014,4,20,10:20 AM,22,13,กษ,82 ,%
2014,4,20,10:50 AM,23,13,กษ,82 ,%
2014,4,20,11:20 AM,24,13,กษ,82 ,%
2014,4,20,11:50 AM,25,13,กษ,88 ,%
2014,4,20,12:20 PM,26,13,กษ,88 ,%
2014,4,20,12:50 PM,27,13,กษ,82 ,%
2014,4,20,1:20 PM,28,13,กษ,82 ,%
2014,4,20,1:50 PM,29,12,กษ,88 ,%
2014,4,20,2:20 PM,30,12,กษ,88 ,%
2014,4,20,2:50 PM,31,12,กษ,88 ,%
2014,4,20,3:20 PM,32,12,กษ,88 ,%
2014,4,20,3:50 PM,33,12,กษ,94 ,%
2014,4,20,4:20 PM,34,12,กษ,88 ,%
2014,4,20,4:50 PM,35,12,กษ,88 ,%
2014,4,20,5:20 PM,36,11,กษ,88 ,%
2014,4,20,5:50 PM,37,11,กษ,88 ,%
2014,4,20,6:20 PM,38,11,กษ,88 ,%
2014,4,20,6:50 PM,39,11,กษ,88 ,%
2014,4,20,7:20 PM,40,11,กษ,88 ,%
2014,4,20,7:50 PM,41,11,กษ,88 ,%
2014,4,20,8:20 PM,42,11,กษ,88 ,%
2014,4,20,8:50 PM,43,10,กษ,94 ,%
2014,4,20,9:20 PM,44,10,กษ,94 ,%
2014,4,20,9:50 PM,45,9 ,กษ,93 ,%
2014,4,20,10:20 PM,46,9 ,กษ,93 ,%
2014,4,20,10:50 PM,47,9 ,กษ,93 ,%
2014,4,20,11:20 PM,48,9 ,กษ,93 ,%
2014,4,21,11:50 PM,1,9 ,กษ,93 ,%
2014,4,21,12:20 AM,2,8 ,กษ,93 ,%
2014,4,21,12:50 AM,3,8 ,กษ,100,%
2014,4,21,1:20 AM,4,8 ,กษ,100,%
2014,4,21,1:50 AM,5,7 ,กษ,100,%
2014,4,21,2:20 AM,6,7 ,กษ,100,%
2014,4,21,2:50 AM,7,7 ,กษ,100,%
2014,4,21,3:20 AM,8,7 ,กษ,100,%
2014,4,21,3:50 AM,9,6 ,กษ,100,%
2014,4,21,4:20 AM,10,7 ,กษ,93 ,%
2014,4,21,4:50 AM,11,7 ,กษ,93 ,%
2014,4,21,5:20 AM,12,7 ,กษ,93 ,%
2014,4,21,5:50 AM,13,7 ,กษ,100,%
2014,4,21,6:20 AM,14,7 ,กษ,100,%
2014,4,21,6:50 AM,15,8 ,กษ,93 ,%
2014,4,21,7:20 AM,16,9 ,กษ,93 ,%
2014,4,21,7:50 AM,17,11,กษ,88 ,%
2014,4,21,8:20 AM,18,12,กษ,82 ,%
2014,4,21,8:50 AM,19,13,กษ,77 ,%
2014,4,21,9:20 AM,20,15,กษ,67 ,%
2014,4,21,9:50 AM,21,16,กษ,63 ,%
2014,4,21,10:20 AM,22,17,กษ,55 ,%
2014,4,21,10:50 AM,23,17,กษ,55 ,%
2014,4,21,11:20 AM,24,18,กษ,64 ,%
2014,4,21,11:50 AM,25,18,กษ,59 ,%
2014,4,21,12:20 PM,26,19,กษ,56 ,%
2014,4,21,12:50 PM,27,19,กษ,49 ,%
2014,4,21,1:20 PM,28,19,กษ,49 ,%
2014,4,21,1:50 PM,29,19,กษ,52 ,%
2014,4,21,2:20 PM,30,19,กษ,46 ,%
2014,4,21,2:50 PM,31,19,กษ,46 ,%
2014,4,21,3:20 PM,32,19,กษ,49 ,%
2014,4,21,3:50 PM,33,18,กษ,56 ,%
2014,4,21,4:20 PM,34,18,กษ,56 ,%
2014,4,21,4:50 PM,35,17,กษ,59 ,%
2014,4,21,5:20 PM,36,17,กษ,59 ,%
2014,4,21,5:50 PM,37,16,กษ,63 ,%
2014,4,21,6:20 PM,38,15,กษ,67 ,%
2014,4,21,6:50 PM,39,13,กษ,82 ,%
2014,4,21,7:20 PM,40,13,กษ,88 ,%
2014,4,21,7:50 PM,41,13,กษ,88 ,%
2014,4,21,8:20 PM,42,13,กษ,94 ,%
2014,4,21,8:50 PM,43,13,กษ,94 ,%
2014,4,21,9:20 PM,44,12,กษ,94 ,%
2014,4,21,9:50 PM,45,13,กษ,94 ,%
2014,4,21,10:20 PM,46,12,กษ,88 ,%
2014,4,21,10:50 PM,47,12,กษ,88 ,%
2014,4,21,11:20 PM,48,12,กษ,88 ,%
2014,4,22,11:50 PM,1,11,กษ,88 ,%
2014,4,22,12:20 AM,2,11,กษ,88 ,%
2014,4,22,12:50 AM,3,11,กษ,88 ,%
2014,4,22,1:20 AM,4,11,กษ,88 ,%
2014,4,22,1:50 AM,5,11,กษ,88 ,%
2014,4,22,2:20 AM,6,11,กษ,88 ,%
2014,4,22,2:50 AM,7,10,กษ,100,%
2014,4,22,3:20 AM,8,11,กษ,94 ,%
2014,4,22,3:50 AM,9,10,กษ,100,%
2014,4,22,4:20 AM,10,11,กษ,94 ,%
2014,4,22,4:50 AM,11,11,กษ,94 ,%
2014,4,22,5:20 AM,12,11,กษ,94 ,%
2014,4,22,5:50 AM,13,11,กษ,94 ,%
2014,4,22,6:20 AM,14,11,กษ,94 ,%
2014,4,22,6:50 AM,15,11,กษ,94 ,%
2014,4,22,7:20 AM,16,12,กษ,88 ,%
2014,4,22,7:50 AM,17,12,กษ,88 ,%
2014,4,22,8:20 AM,18,13,กษ,82 ,%
2014,4,22,8:50 AM,19,13,กษ,82 ,%
2014,4,22,9:20 AM,20,12,กษ,88 ,%
2014,4,22,9:50 AM,21,13,กษ,82 ,%
2014,4,22,10:20 AM,22,14,กษ,72 ,%
2014,4,22,10:50 AM,23,13,กษ,77 ,%
2014,4,22,11:20 AM,24,14,กษ,72 ,%
2014,4,22,11:50 AM,25,15,กษ,67 ,%
2014,4,22,12:20 PM,26,15,กษ,63 ,%
2014,4,22,12:50 PM,27,17,กษ,52 ,%
2014,4,22,1:20 PM,28,15,กษ,59 ,%
2014,4,22,1:50 PM,29,15,กษ,63 ,%
2014,4,22,2:20 PM,30,16,กษ,59 ,%
2014,4,22,2:50 PM,31,16,กษ,59 ,%
2014,4,22,3:20 PM,32,17,กษ,52 ,%
2014,4,22,3:50 PM,33,16,กษ,55 ,%
2014,4,22,4:20 PM,34,16,กษ,55 ,%
2014,4,22,4:50 PM,35,15,กษ,59 ,%
2014,4,22,5:20 PM,36,15,กษ,59 ,%
2014,4,22,5:50 PM,37,15,กษ,59 ,%
2014,4,22,6:20 PM,38,14,กษ,63 ,%
2014,4,22,6:50 PM,39,14,กษ,67 ,%
2014,4,22,7:20 PM,40,13,กษ,72 ,%
2014,4,22,7:50 PM,41,13,กษ,72 ,%
2014,4,22,8:20 PM,42,13,กษ,77 ,%
2014,4,22,8:50 PM,43,12,กษ,82 ,%
2014,4,22,9:20 PM,44,12,กษ,82 ,%
2014,4,22,9:50 PM,45,12,กษ,82 ,%
2014,4,22,10:20 PM,46,12,กษ,82 ,%
2014,4,22,10:50 PM,47,12,กษ,82 ,%
2014,4,22,11:20 PM,48,12,กษ,82 ,%
2014,4,23,11:50 PM,1,11,กษ,88 ,%
2014,4,23,12:20 AM,2,11,กษ,88 ,%
2014,4,23,12:50 AM,3,11,กษ,88 ,%
2014,4,23,1:20 AM,4,10,กษ,87 ,%
2014,4,23,1:50 AM,5,10,กษ,87 ,%
2014,4,23,2:20 AM,6,10,กษ,87 ,%
2014,4,23,2:50 AM,7,10,กษ,87 ,%
2014,4,23,3:20 AM,8,10,กษ,87 ,%
2014,4,23,3:50 AM,9,9 ,กษ,93 ,%
2014,4,23,4:20 AM,10,9 ,กษ,93 ,%
2014,4,23,4:50 AM,11,9 ,กษ,93 ,%
2014,4,23,5:20 AM,12,9 ,กษ,93 ,%
2014,4,23,5:50 AM,13,9 ,กษ,93 ,%
2014,4,23,6:20 AM,14,10,กษ,87 ,%
2014,4,23,6:50 AM,15,11,กษ,82 ,%
2014,4,23,7:20 AM,16,12,กษ,77 ,%
2014,4,23,7:50 AM,17,14,กษ,72 ,%
2014,4,23,8:20 AM,18,15,กษ,63 ,%
2014,4,23,8:50 AM,19,15,กษ,67 ,%
2014,4,23,9:20 AM,20,16,กษ,59 ,%
2014,4,23,9:50 AM,21,16,กษ,59 ,%
2014,4,23,10:20 AM,22,17,กษ,52 ,%
2014,4,23,10:50 AM,23,17,กษ,55 ,%
2014,4,23,11:20 AM,24,17,กษ,52 ,%
2014,4,23,11:50 AM,25,17,กษ,52 ,%
2014,4,23,12:20 PM,26,17,กษ,48 ,%
2014,4,23,12:50 PM,27,17,กษ,48 ,%
2014,4,23,1:20 PM,28,17,กษ,48 ,%
2014,4,23,1:50 PM,29,17,กษ,45 ,%
2014,4,23,2:20 PM,30,17,กษ,45 ,%
2014,4,23,2:50 PM,31,17,กษ,45 ,%
2014,4,23,3:20 PM,32,17,กษ,45 ,%
2014,4,23,3:50 PM,33,17,กษ,45 ,%
2014,4,23,4:20 PM,34,17,กษ,48 ,%
2014,4,23,4:50 PM,35,16,กษ,52 ,%
2014,4,23,5:20 PM,36,16,กษ,55 ,%
2014,4,23,5:50 PM,37,15,กษ,63 ,%
2014,4,23,6:20 PM,38,15,กษ,63 ,%
2014,4,23,6:50 PM,39,14,กษ,72 ,%
2014,4,23,7:20 PM,40,13,กษ,82 ,%
2014,4,23,7:50 PM,41,13,กษ,82 ,%
2014,4,23,8:20 PM,42,12,กษ,88 ,%
2014,4,23,8:50 PM,43,12,กษ,88 ,%
2014,4,23,9:20 PM,44,12,กษ,88 ,%
2014,4,23,9:50 PM,45,12,กษ,88 ,%
2014,4,23,10:20 PM,46,12,กษ,88 ,%
2014,4,23,10:50 PM,47,12,กษ,94 ,%
2014,4,23,11:20 PM,48,12,กษ,94 ,%
2014,4,24,11:50 PM,1,12,กษ,88 ,%
2014,4,24,12:20 AM,2,12,กษ,88 ,%
2014,4,24,12:50 AM,3,12,กษ,88 ,%
2014,4,24,1:20 AM,4,12,กษ,88 ,%
2014,4,24,1:50 AM,5,12,กษ,88 ,%
2014,4,24,2:20 AM,6,11,กษ,94 ,%
2014,4,24,2:50 AM,7,11,กษ,88 ,%
2014,4,24,3:20 AM,8,11,กษ,88 ,%
2014,4,24,3:50 AM,9,11,กษ,94 ,%
2014,4,24,4:20 AM,10,11,กษ,88 ,%
2014,4,24,4:50 AM,11,11,กษ,88 ,%
2014,4,24,5:20 AM,12,11,กษ,88 ,%
2014,4,24,5:50 AM,13,12,กษ,88 ,%
2014,4,24,6:20 AM,14,12,กษ,82 ,%
2014,4,24,6:50 AM,15,12,กษ,82 ,%
2014,4,24,7:20 AM,16,13,กษ,82 ,%
2014,4,24,7:50 AM,17,13,กษ,77 ,%
2014,4,24,8:20 AM,18,13,กษ,77 ,%
2014,4,24,8:50 AM,19,13,กษ,77 ,%
2014,4,24,9:20 AM,20,14,กษ,72 ,%
2014,4,24,9:50 AM,21,15,กษ,67 ,%
2014,4,24,10:20 AM,22,15,กษ,67 ,%
2014,4,24,10:50 AM,23,16,กษ,63 ,%
2014,4,24,11:20 AM,24,16,กษ,59 ,%
2014,4,24,11:50 AM,25,17,กษ,55 ,%
2014,4,24,12:20 PM,26,16,กษ,55 ,%
2014,4,24,12:50 PM,27,16,กษ,55 ,%
2014,4,24,1:20 PM,28,16,กษ,55 ,%
2014,4,24,1:50 PM,29,16,กษ,55 ,%
2014,4,24,2:20 PM,30,17,กษ,52 ,%
2014,4,24,2:50 PM,31,17,กษ,55 ,%
2014,4,24,3:20 PM,32,17,กษ,55 ,%
2014,4,24,3:50 PM,33,16,กษ,59 ,%
2014,4,24,4:20 PM,34,16,กษ,63 ,%
2014,4,24,4:50 PM,35,16,กษ,63 ,%
2014,4,24,5:20 PM,36,16,กษ,63 ,%
2014,4,24,5:50 PM,37,15,กษ,67 ,%
2014,4,24,6:20 PM,38,15,กษ,72 ,%
2014,4,24,6:50 PM,39,14,กษ,72 ,%
2014,4,24,7:20 PM,40,13,กษ,77 ,%
2014,4,24,7:50 PM,41,12,กษ,82 ,%
2014,4,24,8:20 PM,42,12,กษ,82 ,%
2014,4,24,8:50 PM,43,12,กษ,82 ,%
2014,4,24,9:20 PM,44,12,กษ,82 ,%
2014,4,24,9:50 PM,45,12,กษ,82 ,%
2014,4,24,10:20 PM,46,12,กษ,82 ,%
2014,4,24,10:50 PM,47,12,กษ,82 ,%
2014,4,24,11:20 PM,48,12,กษ,82 ,%
2014,4,25,11:50 PM,1,11,กษ,82 ,%
2014,4,25,12:20 AM,2,11,กษ,82 ,%
2014,4,25,12:50 AM,3,11,กษ,82 ,%
2014,4,25,1:20 AM,4,10,กษ,87 ,%
2014,4,25,1:50 AM,5,10,กษ,87 ,%
2014,4,25,2:20 AM,6,10,กษ,87 ,%
2014,4,25,2:50 AM,7,10,กษ,87 ,%
2014,4,25,3:20 AM,8,10,กษ,87 ,%
2014,4,25,3:50 AM,9,10,กษ,87 ,%
2014,4,25,4:20 AM,10,10,กษ,87 ,%
2014,4,25,4:50 AM,11,10,กษ,87 ,%
2014,4,25,5:20 AM,12,10,กษ,87 ,%
2014,4,25,5:50 AM,13,10,กษ,87 ,%
2014,4,25,6:20 AM,14,10,กษ,94 ,%
2014,4,25,6:50 AM,15,10,กษ,94 ,%
2014,4,25,7:20 AM,16,10,กษ,94 ,%
2014,4,25,7:50 AM,17,10,กษ,94 ,%
2014,4,25,8:20 AM,18,10,กษ,94 ,%
2014,4,25,8:50 AM,19,11,กษ,94 ,%
2014,4,25,9:20 AM,20,11,กษ,94 ,%
2014,4,25,9:50 AM,21,11,กษ,94 ,%
2014,4,25,10:20 AM,22,12,กษ,88 ,%
2014,4,25,10:50 AM,23,12,กษ,94 ,%
2014,4,25,11:20 AM,24,13,กษ,88 ,%
2014,4,25,11:50 AM,25,13,กษ,88 ,%
2014,4,25,12:20 PM,26,14,กษ,82 ,%
2014,4,25,12:50 PM,27,14,กษ,88 ,%
2014,4,25,1:20 PM,28,14,กษ,88 ,%
2014,4,25,1:50 PM,29,14,กษ,88 ,%
2014,4,25,2:20 PM,30,14,กษ,88 ,%
2014,4,25,2:50 PM,31,14,กษ,88 ,%
2014,4,25,3:20 PM,32,14,กษ,88 ,%
2014,4,25,3:50 PM,33,14,กษ,88 ,%
2014,4,25,4:20 PM,34,12,กษ,94 ,%
2014,4,25,4:50 PM,35,11,กษ,94 ,%
2014,4,25,5:20 PM,36,11,กษ,94 ,%
2014,4,25,5:50 PM,37,11,กษ,94 ,%
2014,4,25,6:20 PM,38,11,กษ,94 ,%
2014,4,25,6:50 PM,39,11,กษ,94 ,%
2014,4,25,7:20 PM,40,11,กษ,94 ,%
2014,4,25,7:50 PM,41,11,กษ,94 ,%
2014,4,25,8:20 PM,42,11,กษ,94 ,%
2014,4,25,8:50 PM,43,11,กษ,88 ,%
2014,4,25,9:20 PM,44,11,กษ,88 ,%
2014,4,25,9:50 PM,45,10,กษ,94 ,%
2014,4,25,10:20 PM,46,10,กษ,94 ,%
2014,4,25,10:50 PM,47,10,กษ,87 ,%
2014,4,25,11:20 PM,48,10,กษ,87 ,%
2014,4,26,11:50 PM,1,10,กษ,87 ,%
2014,4,26,12:20 AM,2,10,กษ,87 ,%
2014,4,26,12:50 AM,3,10,กษ,87 ,%
2014,4,26,1:20 AM,4,10,กษ,87 ,%
2014,4,26,1:50 AM,5,10,กษ,87 ,%
2014,4,26,2:20 AM,6,10,กษ,87 ,%
2014,4,26,2:50 AM,7,10,กษ,87 ,%
2014,4,26,3:20 AM,8,11,กษ,82 ,%
2014,4,26,3:50 AM,9,11,กษ,76 ,%
2014,4,26,4:20 AM,10,11,กษ,76 ,%
2014,4,26,4:50 AM,11,11,กษ,76 ,%
2014,4,26,5:20 AM,12,10,กษ,87 ,%
2014,4,26,5:50 AM,13,10,กษ,87 ,%
2014,4,26,6:20 AM,14,10,กษ,87 ,%
2014,4,26,6:50 AM,15,10,กษ,94 ,%
2014,4,26,7:20 AM,16,11,กษ,88 ,%
2014,4,26,7:50 AM,17,11,กษ,88 ,%
2014,4,26,8:20 AM,18,12,กษ,88 ,%
2014,4,26,8:50 AM,19,12,กษ,82 ,%
2014,4,26,9:20 AM,20,13,กษ,77 ,%
2014,4,26,9:50 AM,21,13,กษ,72 ,%
2014,4,26,10:20 AM,22,13,กษ,72 ,%
2014,4,26,10:50 AM,23,13,กษ,72 ,%
2014,4,26,11:20 AM,24,14,กษ,59 ,%
2014,4,26,11:50 AM,25,14,กษ,59 ,%
2014,4,26,12:20 PM,26,15,กษ,51 ,%
2014,4,26,12:50 PM,27,16,กษ,45 ,%
2014,4,26,1:20 PM,28,16,กษ,48 ,%
2014,4,26,1:50 PM,29,16,กษ,48 ,%
2014,4,26,2:20 PM,30,16,กษ,45 ,%
2014,4,26,2:50 PM,31,16,กษ,45 ,%
2014,4,26,3:20 PM,32,16,กษ,48 ,%
2014,4,26,3:50 PM,33,15,กษ,51 ,%
2014,4,26,4:20 PM,34,15,กษ,48 ,%
2014,4,26,4:50 PM,35,16,กษ,48 ,%
2014,4,26,5:20 PM,36,15,กษ,51 ,%
2014,4,26,5:50 PM,37,14,กษ,59 ,%
2014,4,26,6:20 PM,38,14,กษ,55 ,%
2014,4,26,6:50 PM,39,13,กษ,58 ,%
2014,4,26,7:20 PM,40,13,กษ,63 ,%
2014,4,26,7:50 PM,41,12,กษ,67 ,%
2014,4,26,8:20 PM,42,12,กษ,67 ,%
2014,4,26,8:50 PM,43,11,กษ,71 ,%
2014,4,26,9:20 PM,44,11,กษ,71 ,%
2014,4,26,9:50 PM,45,10,กษ,76 ,%
2014,4,26,10:20 PM,46,10,กษ,76 ,%
2014,4,26,10:50 PM,47,10,กษ,82 ,%
2014,4,26,11:20 PM,48,10,กษ,82 ,%
2014,4,27,11:50 PM,1,10,กษ,82 ,%
2014,4,27,12:20 AM,2,10,กษ,82 ,%
2014,4,27,12:50 AM,3,10,กษ,82 ,%
2014,4,27,1:20 AM,4,10,กษ,82 ,%
2014,4,27,1:50 AM,5,10,กษ,82 ,%
2014,4,27,2:20 AM,6,10,กษ,82 ,%
2014,4,27,2:50 AM,7,10,กษ,82 ,%
2014,4,27,3:20 AM,8,10,กษ,82 ,%
2014,4,27,3:50 AM,9,10,กษ,82 ,%
2014,4,27,4:20 AM,10,10,กษ,82 ,%
2014,4,27,4:50 AM,11,10,กษ,87 ,%
2014,4,27,5:20 AM,12,10,กษ,87 ,%
2014,4,27,5:50 AM,13,10,กษ,87 ,%
2014,4,27,6:20 AM,14,10,กษ,87 ,%
2014,4,27,6:50 AM,15,10,กษ,87 ,%
2014,4,27,7:20 AM,16,10,กษ,94 ,%
2014,4,27,7:50 AM,17,11,กษ,88 ,%
2014,4,27,8:20 AM,18,12,กษ,82 ,%
2014,4,27,8:50 AM,19,12,กษ,82 ,%
2014,4,27,9:20 AM,20,12,กษ,77 ,%
2014,4,27,9:50 AM,21,12,กษ,72 ,%
2014,4,27,10:20 AM,22,14,กษ,67 ,%
2014,4,27,10:50 AM,23,14,กษ,59 ,%
2014,4,27,11:20 AM,24,14,กษ,55 ,%
2014,4,27,11:50 AM,25,14,กษ,59 ,%
2014,4,27,12:20 PM,26,15,กษ,55 ,%
2014,4,27,12:50 PM,27,14,กษ,59 ,%
2014,4,27,1:20 PM,28,15,กษ,55 ,%
2014,4,27,1:50 PM,29,15,กษ,55 ,%
2014,4,27,2:20 PM,30,15,กษ,59 ,%
2014,4,27,2:50 PM,31,15,กษ,59 ,%
2014,4,27,3:20 PM,32,15,กษ,59 ,%
2014,4,27,3:50 PM,33,14,กษ,63 ,%
2014,4,27,4:20 PM,34,14,กษ,67 ,%
2014,4,27,4:50 PM,35,13,กษ,77 ,%
2014,4,27,5:20 PM,36,13,กษ,72 ,%
2014,4,27,5:50 PM,37,13,กษ,77 ,%
2014,4,27,6:20 PM,38,13,กษ,77 ,%
2014,4,27,6:50 PM,39,13,กษ,77 ,%
2014,4,27,7:20 PM,40,12,กษ,82 ,%
2014,4,27,7:50 PM,41,12,กษ,82 ,%
2014,4,27,8:20 PM,42,12,กษ,82 ,%
2014,4,27,8:50 PM,43,12,กษ,82 ,%
2014,4,27,9:20 PM,44,12,กษ,82 ,%
2014,4,27,9:50 PM,45,12,กษ,82 ,%
2014,4,27,10:20 PM,46,12,กษ,82 ,%
2014,4,27,10:50 PM,47,11,กษ,88 ,%
2014,4,27,11:20 PM,48,11,กษ,88 ,%
2014,4,28,11:50 PM,1,12,กษ,82 ,%
2014,4,28,12:20 AM,2,12,กษ,82 ,%
2014,4,28,12:50 AM,3,11,กษ,88 ,%
2014,4,28,1:20 AM,4,11,กษ,88 ,%
2014,4,28,1:50 AM,5,11,กษ,88 ,%
2014,4,28,2:20 AM,6,11,กษ,88 ,%
2014,4,28,2:50 AM,7,11,กษ,88 ,%
2014,4,28,3:20 AM,8,11,กษ,88 ,%
2014,4,28,3:50 AM,9,10,กษ,94 ,%
2014,4,28,4:20 AM,10,10,กษ,94 ,%
2014,4,28,4:50 AM,11,10,กษ,94 ,%
2014,4,28,5:20 AM,12,11,กษ,88 ,%
2014,4,28,5:50 AM,13,11,กษ,88 ,%
2014,4,28,6:20 AM,14,11,กษ,94 ,%
2014,4,28,6:50 AM,15,11,กษ,88 ,%
2014,4,28,7:20 AM,16,12,กษ,88 ,%
2014,4,28,7:50 AM,17,12,กษ,88 ,%
2014,4,28,8:20 AM,18,12,กษ,88 ,%
2014,4,28,8:50 AM,19,13,กษ,82 ,%
2014,4,28,9:20 AM,20,13,กษ,82 ,%
2014,4,28,9:50 AM,21,14,กษ,72 ,%
2014,4,28,10:20 AM,22,15,กษ,67 ,%
2014,4,28,10:50 AM,23,15,กษ,67 ,%
2014,4,28,11:20 AM,24,16,กษ,63 ,%
2014,4,28,11:50 AM,25,15,กษ,67 ,%
2014,4,28,12:20 PM,26,17,กษ,55 ,%
2014,4,28,12:50 PM,27,16,กษ,55 ,%
2014,4,28,1:20 PM,28,17,กษ,48 ,%
2014,4,28,1:50 PM,29,17,กษ,52 ,%
2014,4,28,2:20 PM,30,17,กษ,52 ,%
2014,4,28,2:50 PM,31,17,กษ,55 ,%
2014,4,28,3:20 PM,32,17,กษ,52 ,%
2014,4,28,3:50 PM,33,17,กษ,48 ,%
2014,4,28,4:20 PM,34,16,กษ,52 ,%
2014,4,28,4:50 PM,35,16,กษ,52 ,%
2014,4,28,5:20 PM,36,16,กษ,52 ,%
2014,4,28,5:50 PM,37,15,กษ,59 ,%
2014,4,28,6:20 PM,38,14,กษ,67 ,%
2014,4,28,6:50 PM,39,14,กษ,67 ,%
2014,4,28,7:20 PM,40,13,กษ,77 ,%
2014,4,28,7:50 PM,41,13,กษ,77 ,%
2014,4,28,8:20 PM,42,12,กษ,82 ,%
2014,4,28,8:50 PM,43,12,กษ,88 ,%
2014,4,28,9:20 PM,44,12,กษ,88 ,%
2014,4,28,9:50 PM,45,12,กษ,88 ,%
2014,4,28,10:20 PM,46,11,กษ,94 ,%
2014,4,28,10:50 PM,47,11,กษ,94 ,%
2014,4,28,11:20 PM,48,11,กษ,94 ,%
2014,4,29,11:50 PM,1,11,กษ,94 ,%
2014,4,29,12:20 AM,2,11,กษ,94 ,%
2014,4,29,12:50 AM,3,11,กษ,94 ,%
2014,4,29,1:20 AM,4,11,กษ,94 ,%
2014,4,29,1:50 AM,5,11,กษ,94 ,%
2014,4,29,2:20 AM,6,11,กษ,94 ,%
2014,4,29,2:50 AM,7,11,กษ,94 ,%
2014,4,29,3:20 AM,8,11,กษ,94 ,%
2014,4,29,3:50 AM,9,11,กษ,88 ,%
2014,4,29,4:20 AM,10,11,กษ,94 ,%
2014,4,29,4:50 AM,11,11,กษ,94 ,%
2014,4,29,5:20 AM,12,11,กษ,94 ,%
2014,4,29,5:50 AM,13,12,กษ,88 ,%
2014,4,29,6:20 AM,14,12,กษ,88 ,%
2014,4,29,6:50 AM,15,12,กษ,88 ,%
2014,4,29,7:20 AM,16,12,กษ,88 ,%
2014,4,29,7:50 AM,17,12,กษ,94 ,%
2014,4,29,8:20 AM,18,12,กษ,88 ,%
2014,4,29,8:50 AM,19,13,กษ,82 ,%
2014,4,29,9:20 AM,20,13,กษ,82 ,%
2014,4,29,9:50 AM,21,14,กษ,77 ,%
2014,4,29,10:20 AM,22,15,กษ,72 ,%
2014,4,29,10:50 AM,23,15,กษ,67 ,%
2014,4,29,11:20 AM,24,15,กษ,67 ,%
2014,4,29,11:50 AM,25,15,กษ,67 ,%
2014,4,29,12:20 PM,26,15,กษ,67 ,%
2014,4,29,12:50 PM,27,15,กษ,67 ,%
2014,4,29,1:20 PM,28,15,กษ,67 ,%
2014,4,29,1:50 PM,29,16,กษ,63 ,%
2014,4,29,2:20 PM,30,16,กษ,68 ,%
2014,4,29,2:50 PM,31,16,กษ,68 ,%
2014,4,29,3:20 PM,32,15,กษ,72 ,%
2014,4,29,3:50 PM,33,16,กษ,68 ,%
2014,4,29,4:20 PM,34,15,กษ,72 ,%
2014,4,29,4:50 PM,35,16,กษ,68 ,%
2014,4,29,5:20 PM,36,15,กษ,67 ,%
2014,4,29,5:50 PM,37,15,กษ,72 ,%
2014,4,29,6:20 PM,38,15,กษ,72 ,%
2014,4,29,6:50 PM,39,14,กษ,77 ,%
2014,4,29,7:20 PM,40,13,กษ,82 ,%
2014,4,29,7:50 PM,41,13,กษ,82 ,%
2014,4,29,8:20 PM,42,13,กษ,82 ,%
2014,4,29,8:50 PM,43,12,กษ,88 ,%
2014,4,29,9:20 PM,44,11,กษ,88 ,%
2014,4,29,9:50 PM,45,11,กษ,88 ,%
2014,4,29,10:20 PM,46,11,กษ,88 ,%
2014,4,29,10:50 PM,47,11,กษ,94 ,%
2014,4,29,11:20 PM,48,11,กษ,94 ,%
2014,4,30,11:50 PM,1,10,กษ,94 ,%
2014,4,30,12:20 AM,2,10,กษ,94 ,%
2014,4,30,12:50 AM,3,10,กษ,94 ,%
2014,4,30,1:20 AM,4,10,กษ,94 ,%
2014,4,30,1:50 AM,5,10,กษ,94 ,%
2014,4,30,2:20 AM,6,10,กษ,94 ,%
2014,4,30,2:50 AM,7,10,กษ,94 ,%
2014,4,30,3:20 AM,8,10,กษ,94 ,%
2014,4,30,3:50 AM,9,9 ,กษ,100,%
2014,4,30,4:20 AM,10,9 ,กษ,100,%
2014,4,30,4:50 AM,11,9 ,กษ,100,%
2014,4,30,5:20 AM,12,9 ,กษ,100,%
2014,4,30,5:50 AM,13,9 ,กษ,100,%
2014,4,30,6:20 AM,14,9 ,กษ,100,%
2014,4,30,6:50 AM,15,10,กษ,100,%
2014,4,30,7:20 AM,16,10,กษ,94 ,%
2014,4,30,7:50 AM,17,10,กษ,100,%
2014,4,30,8:20 AM,18,11,กษ,94 ,%
2014,4,30,8:50 AM,19,13,กษ,82 ,%
2014,4,30,9:20 AM,20,14,กษ,72 ,%
2014,4,30,9:50 AM,21,16,กษ,63 ,%
2014,4,30,10:20 AM,22,16,กษ,59 ,%
2014,4,30,10:50 AM,23,17,กษ,52 ,%
2014,4,30,11:20 AM,24,18,กษ,52 ,%
2014,4,30,11:50 AM,25,18,กษ,49 ,%
2014,4,30,12:20 PM,26,18,กษ,49 ,%
2014,4,30,12:50 PM,27,18,กษ,49 ,%
2014,4,30,1:20 PM,28,19,กษ,43 ,%
2014,4,30,1:50 PM,29,20,กษ,40 ,%
2014,4,30,2:20 PM,30,20,กษ,40 ,%
2014,4,30,2:50 PM,31,19,กษ,40 ,%
2014,4,30,3:20 PM,32,19,กษ,40 ,%
2014,4,30,3:50 PM,33,19,กษ,46 ,%
2014,4,30,4:20 PM,34,18,กษ,45 ,%
2014,4,30,4:50 PM,35,18,กษ,40 ,%
2014,4,30,5:20 PM,36,17,กษ,48 ,%
2014,4,30,5:50 PM,37,16,กษ,55 ,%
2014,4,30,6:20 PM,38,16,กษ,55 ,%
2014,4,30,6:50 PM,39,16,กษ,52 ,%
2014,4,30,7:20 PM,40,15,กษ,59 ,%
2014,4,30,7:50 PM,41,14,กษ,67 ,%
2014,4,30,8:20 PM,42,13,กษ,72 ,%
2014,4,30,8:50 PM,43,13,กษ,72 ,%
2014,4,30,9:20 PM,44,12,กษ,77 ,%
2014,4,30,9:50 PM,45,12,กษ,77 ,%
2014,4,30,10:20 PM,46,12,กษ,77 ,%
2014,4,30,10:50 PM,47,11,กษ,82 ,%
2014,4,30,11:20 PM,48,11,กษ,82 ,%
