,Year-Month-Date,Time,Holiday,Watt,Temp('C),Humidity(%),CPI
0,2013-01-01,[ 00:00 ],1,522.0,10.0,87.0,2.7
1,2013-01-01,[ 00:01 ],1,558.0,10.0,86.833,2.7
2,2013-01-01,[ 00:02 ],1,537.0,10.0,86.667,2.7
3,2013-01-01,[ 00:03 ],1,525.0,10.0,86.5,2.7
4,2013-01-01,[ 00:04 ],1,539.0,10.0,86.333,2.7
5,2013-01-01,[ 00:05 ],1,551.0,10.0,86.167,2.7
6,2013-01-01,[ 00:06 ],1,542.0,10.0,86.0,2.7
7,2013-01-01,[ 00:07 ],1,522.0,10.0,85.833,2.7
8,2013-01-01,[ 00:08 ],1,521.0,10.0,85.667,2.7
9,2013-01-01,[ 00:09 ],1,540.0,10.0,85.5,2.7
10,2013-01-01,[ 00:10 ],1,551.0,10.0,85.333,2.7
11,2013-01-01,[ 00:11 ],1,556.0,10.0,85.167,2.7
12,2013-01-01,[ 00:12 ],1,509.0,10.0,85.0,2.7
13,2013-01-01,[ 00:13 ],1,507.0,10.0,84.833,2.7
14,2013-01-01,[ 00:14 ],1,501.0,10.0,84.667,2.7
15,2013-01-01,[ 00:15 ],1,444.0,10.0,84.5,2.7
16,2013-01-01,[ 00:16 ],1,438.0,10.0,84.333,2.7
17,2013-01-01,[ 00:17 ],1,439.0,10.0,84.167,2.7
18,2013-01-01,[ 00:18 ],1,440.0,10.0,84.0,2.7
19,2013-01-01,[ 00:19 ],1,440.0,10.0,83.833,2.7
20,2013-01-01,[ 00:20 ],1,455.0,10.0,83.667,2.7
21,2013-01-01,[ 00:21 ],1,459.0,10.0,83.5,2.7
22,2013-01-01,[ 00:22 ],1,461.0,10.0,83.333,2.7
23,2013-01-01,[ 00:23 ],1,458.0,10.0,83.167,2.7
24,2013-01-01,[ 00:24 ],1,487.0,10.0,83.0,2.7
25,2013-01-01,[ 00:25 ],1,678.0,10.0,82.833,2.7
26,2013-01-01,[ 00:26 ],1,688.0,10.0,82.667,2.7
27,2013-01-01,[ 00:27 ],1,1136.0,10.0,82.5,2.7
28,2013-01-01,[ 00:28 ],1,1136.0,10.0,82.333,2.7
29,2013-01-01,[ 00:29 ],1,657.0,10.0,82.0,2.7
30,2013-01-01,[ 00:30 ],1,624.0,10.0,82.0,2.7
31,2013-01-01,[ 00:31 ],1,614.0,9.967,82.167,2.7
32,2013-01-01,[ 00:32 ],1,630.0,9.933,82.333,2.7
33,2013-01-01,[ 00:33 ],1,628.0,9.9,82.5,2.7
34,2013-01-01,[ 00:34 ],1,457.0,9.867,82.667,2.7
35,2013-01-01,[ 00:35 ],1,410.0,9.833,82.833,2.7
36,2013-01-01,[ 00:36 ],1,464.0,9.8,83.0,2.7
37,2013-01-01,[ 00:37 ],1,514.0,9.767,83.167,2.7
38,2013-01-01,[ 00:38 ],1,522.0,9.733,83.333,2.7
39,2013-01-01,[ 00:39 ],1,514.0,9.7,83.5,2.7
40,2013-01-01,[ 00:40 ],1,525.0,9.667,83.667,2.7
41,2013-01-01,[ 00:41 ],1,519.0,9.633,83.833,2.7
42,2013-01-01,[ 00:42 ],1,521.0,9.6,84.0,2.7
43,2013-01-01,[ 00:43 ],1,525.0,9.567,84.167,2.7
44,2013-01-01,[ 00:44 ],1,511.0,9.533,84.333,2.7
45,2013-01-01,[ 00:45 ],1,302.0,9.5,84.5,2.7
46,2013-01-01,[ 00:46 ],1,301.0,9.467,84.667,2.7
47,2013-01-01,[ 00:47 ],1,323.0,9.433,84.833,2.7
48,2013-01-01,[ 00:48 ],1,323.0,9.4,85.0,2.7
49,2013-01-01,[ 00:49 ],1,322.0,9.367,85.167,2.7
50,2013-01-01,[ 00:50 ],1,325.0,9.333,85.333,2.7
51,2013-01-01,[ 00:51 ],1,323.0,9.3,85.5,2.7
52,2013-01-01,[ 00:52 ],1,335.0,9.267,85.667,2.7
53,2013-01-01,[ 00:53 ],1,335.0,9.233,85.833,2.7
54,2013-01-01,[ 00:54 ],1,292.0,9.2,86.0,2.7
55,2013-01-01,[ 00:55 ],1,2483.0,9.167,86.167,2.7
56,2013-01-01,[ 00:56 ],1,2492.0,9.133,86.333,2.7
57,2013-01-01,[ 00:57 ],1,2488.0,9.1,86.5,2.7
58,2013-01-01,[ 00:58 ],1,2495.0,9.067,86.667,2.7
59,2013-01-01,[ 00:59 ],1,2495.0,9.0,87.0,2.7
60,2013-01-01,[ 01:00 ],1,2481.0,9.0,87.0,2.7
61,2013-01-01,[ 01:01 ],1,2479.0,9.0,87.0,2.7
62,2013-01-01,[ 01:02 ],1,2477.0,9.0,87.0,2.7
63,2013-01-01,[ 01:03 ],1,2482.0,9.0,87.0,2.7
64,2013-01-01,[ 01:04 ],1,2480.0,9.0,87.0,2.7
65,2013-01-01,[ 01:05 ],1,2478.0,9.0,87.0,2.7
66,2013-01-01,[ 01:06 ],1,2477.0,9.0,87.0,2.7
67,2013-01-01,[ 01:07 ],1,298.0,9.0,87.0,2.7
68,2013-01-01,[ 01:08 ],1,290.0,9.0,87.0,2.7
69,2013-01-01,[ 01:09 ],1,290.0,9.0,87.0,2.7
70,2013-01-01,[ 01:10 ],1,286.0,9.0,87.0,2.7
71,2013-01-01,[ 01:11 ],1,285.0,9.0,87.0,2.7
72,2013-01-01,[ 01:12 ],1,285.0,9.0,87.0,2.7
73,2013-01-01,[ 01:13 ],1,285.0,9.0,87.0,2.7
74,2013-01-01,[ 01:14 ],1,286.0,9.0,87.0,2.7
75,2013-01-01,[ 01:15 ],1,285.0,9.0,87.0,2.7
76,2013-01-01,[ 01:16 ],1,283.0,9.0,87.0,2.7
77,2013-01-01,[ 01:17 ],1,285.0,9.0,87.0,2.7
78,2013-01-01,[ 01:18 ],1,283.0,9.0,87.0,2.7
79,2013-01-01,[ 01:19 ],1,284.0,9.0,87.0,2.7
80,2013-01-01,[ 01:20 ],1,285.0,9.0,87.0,2.7
81,2013-01-01,[ 01:21 ],1,284.0,9.0,87.0,2.7
82,2013-01-01,[ 01:22 ],1,282.0,9.0,87.0,2.7
83,2013-01-01,[ 01:23 ],1,283.0,9.0,87.0,2.7
84,2013-01-01,[ 01:24 ],1,367.0,9.0,87.0,2.7
85,2013-01-01,[ 01:25 ],1,361.0,9.0,87.0,2.7
86,2013-01-01,[ 01:26 ],1,359.0,9.0,87.0,2.7
87,2013-01-01,[ 01:27 ],1,358.0,9.0,87.0,2.7
88,2013-01-01,[ 01:28 ],1,360.0,9.0,87.0,2.7
89,2013-01-01,[ 01:29 ],1,361.0,9.0,87.0,2.7
90,2013-01-01,[ 01:30 ],1,360.0,9.0,87.0,2.7
91,2013-01-01,[ 01:31 ],1,361.0,9.0,87.0,2.7
92,2013-01-01,[ 01:32 ],1,360.0,9.0,87.0,2.7
93,2013-01-01,[ 01:33 ],1,357.0,9.0,87.0,2.7
94,2013-01-01,[ 01:34 ],1,358.0,9.0,87.0,2.7
95,2013-01-01,[ 01:35 ],1,359.0,9.0,87.0,2.7
96,2013-01-01,[ 01:36 ],1,358.0,9.0,87.0,2.7
97,2013-01-01,[ 01:37 ],1,358.0,9.0,87.0,2.7
98,2013-01-01,[ 01:38 ],1,358.0,9.0,87.0,2.7
99,2013-01-01,[ 01:39 ],1,357.0,9.0,87.0,2.7
100,2013-01-01,[ 01:40 ],1,357.0,9.0,87.0,2.7
101,2013-01-01,[ 01:41 ],1,357.0,9.0,87.0,2.7
102,2013-01-01,[ 01:42 ],1,359.0,9.0,87.0,2.7
103,2013-01-01,[ 01:43 ],1,357.0,9.0,87.0,2.7
104,2013-01-01,[ 01:44 ],1,358.0,9.0,87.0,2.7
105,2013-01-01,[ 01:45 ],1,358.0,9.0,87.0,2.7
106,2013-01-01,[ 01:46 ],1,369.0,9.0,87.0,2.7
107,2013-01-01,[ 01:47 ],1,263.0,9.0,87.0,2.7
108,2013-01-01,[ 01:48 ],1,356.0,9.0,87.0,2.7
109,2013-01-01,[ 01:49 ],1,357.0,9.0,87.0,2.7
110,2013-01-01,[ 01:50 ],1,358.0,9.0,87.0,2.7
111,2013-01-01,[ 01:51 ],1,358.0,9.0,87.0,2.7
112,2013-01-01,[ 01:52 ],1,356.0,9.0,87.0,2.7
113,2013-01-01,[ 01:53 ],1,281.0,9.0,87.0,2.7
114,2013-01-01,[ 01:54 ],1,282.0,9.0,87.0,2.7
115,2013-01-01,[ 01:55 ],1,283.0,9.0,87.0,2.7
116,2013-01-01,[ 01:56 ],1,283.0,9.0,87.0,2.7
117,2013-01-01,[ 01:57 ],1,283.0,9.0,87.0,2.7
118,2013-01-01,[ 01:58 ],1,307.0,9.0,87.0,2.7
119,2013-01-01,[ 01:59 ],1,2439.0,9.0,87.0,2.7
120,2013-01-01,[ 02:00 ],1,2439.0,9.0,87.0,2.7
121,2013-01-01,[ 02:01 ],1,2426.0,8.967,87.0,2.7
122,2013-01-01,[ 02:02 ],1,2430.0,8.933,87.0,2.7
123,2013-01-01,[ 02:03 ],1,2428.0,8.9,87.0,2.7
124,2013-01-01,[ 02:04 ],1,2428.0,8.867,87.0,2.7
125,2013-01-01,[ 02:05 ],1,2429.0,8.833,87.0,2.7
126,2013-01-01,[ 02:06 ],1,2430.0,8.8,87.0,2.7
127,2013-01-01,[ 02:07 ],1,2434.0,8.767,87.0,2.7
128,2013-01-01,[ 02:08 ],1,2441.0,8.733,87.0,2.7
129,2013-01-01,[ 02:09 ],1,2433.0,8.7,87.0,2.7
130,2013-01-01,[ 02:10 ],1,2440.0,8.667,87.0,2.7
131,2013-01-01,[ 02:11 ],1,2428.0,8.633,87.0,2.7
132,2013-01-01,[ 02:12 ],1,2430.0,8.6,87.0,2.7
133,2013-01-01,[ 02:13 ],1,2429.0,8.567,87.0,2.7
134,2013-01-01,[ 02:14 ],1,2426.0,8.533,87.0,2.7
135,2013-01-01,[ 02:15 ],1,2422.0,8.5,87.0,2.7
136,2013-01-01,[ 02:16 ],1,2422.0,8.467,87.0,2.7
137,2013-01-01,[ 02:17 ],1,211.0,8.433,87.0,2.7
138,2013-01-01,[ 02:18 ],1,192.0,8.4,87.0,2.7
139,2013-01-01,[ 02:19 ],1,201.0,8.367,87.0,2.7
140,2013-01-01,[ 02:20 ],1,188.0,8.333,87.0,2.7
141,2013-01-01,[ 02:21 ],1,188.0,8.3,87.0,2.7
142,2013-01-01,[ 02:22 ],1,186.0,8.267,87.0,2.7
143,2013-01-01,[ 02:23 ],1,187.0,8.233,87.0,2.7
144,2013-01-01,[ 02:24 ],1,191.0,8.2,87.0,2.7
145,2013-01-01,[ 02:25 ],1,249.0,8.167,87.0,2.7
146,2013-01-01,[ 02:26 ],1,244.0,8.133,87.0,2.7
147,2013-01-01,[ 02:27 ],1,248.0,8.1,87.0,2.7
148,2013-01-01,[ 02:28 ],1,246.0,8.067,87.0,2.7
149,2013-01-01,[ 02:29 ],1,250.0,8.0,87.0,2.7
150,2013-01-01,[ 02:30 ],1,246.0,8.0,87.0,2.7
151,2013-01-01,[ 02:31 ],1,241.0,8.0,86.8,2.7
152,2013-01-01,[ 02:32 ],1,241.0,8.0,86.6,2.7
153,2013-01-01,[ 02:33 ],1,239.0,8.0,86.4,2.7
154,2013-01-01,[ 02:34 ],1,238.0,8.0,86.2,2.7
155,2013-01-01,[ 02:35 ],1,238.0,8.0,86.0,2.7
156,2013-01-01,[ 02:36 ],1,185.0,8.0,85.8,2.7
157,2013-01-01,[ 02:37 ],1,188.0,8.0,85.6,2.7
158,2013-01-01,[ 02:38 ],1,188.0,8.0,85.4,2.7
159,2013-01-01,[ 02:39 ],1,187.0,8.0,85.2,2.7
160,2013-01-01,[ 02:40 ],1,185.0,8.0,85.0,2.7
161,2013-01-01,[ 02:41 ],1,187.0,8.0,84.8,2.7
162,2013-01-01,[ 02:42 ],1,187.0,8.0,84.6,2.7
163,2013-01-01,[ 02:43 ],1,186.0,8.0,84.4,2.7
164,2013-01-01,[ 02:44 ],1,185.0,8.0,84.2,2.7
165,2013-01-01,[ 02:45 ],1,185.0,8.0,84.0,2.7
166,2013-01-01,[ 02:46 ],1,184.0,8.0,83.8,2.7
167,2013-01-01,[ 02:47 ],1,185.0,8.0,83.6,2.7
168,2013-01-01,[ 02:48 ],1,183.0,8.0,83.4,2.7
169,2013-01-01,[ 02:49 ],1,187.0,8.0,83.2,2.7
170,2013-01-01,[ 02:50 ],1,187.0,8.0,83.0,2.7
171,2013-01-01,[ 02:51 ],1,184.0,8.0,82.8,2.7
172,2013-01-01,[ 02:52 ],1,186.0,8.0,82.6,2.7
173,2013-01-01,[ 02:53 ],1,188.0,8.0,82.4,2.7
174,2013-01-01,[ 02:54 ],1,185.0,8.0,82.2,2.7
175,2013-01-01,[ 02:55 ],1,186.0,8.0,82.0,2.7
176,2013-01-01,[ 02:56 ],1,186.0,8.0,81.8,2.7
177,2013-01-01,[ 02:57 ],1,186.0,8.0,81.6,2.7
178,2013-01-01,[ 02:58 ],1,186.0,8.0,81.4,2.7
179,2013-01-01,[ 02:59 ],1,186.0,8.0,81.0,2.7
180,2013-01-01,[ 03:00 ],1,247.0,8.0,81.0,2.7
181,2013-01-01,[ 03:01 ],1,249.0,8.0,81.0,2.7
182,2013-01-01,[ 03:02 ],1,250.0,8.0,81.0,2.7
183,2013-01-01,[ 03:03 ],1,187.0,8.0,81.0,2.7
184,2013-01-01,[ 03:04 ],1,184.0,8.0,81.0,2.7
185,2013-01-01,[ 03:05 ],1,184.0,8.0,81.0,2.7
186,2013-01-01,[ 03:06 ],1,187.0,8.0,81.0,2.7
187,2013-01-01,[ 03:07 ],1,187.0,8.0,81.0,2.7
188,2013-01-01,[ 03:08 ],1,183.0,8.0,81.0,2.7
189,2013-01-01,[ 03:09 ],1,183.0,8.0,81.0,2.7
190,2013-01-01,[ 03:10 ],1,189.0,8.0,81.0,2.7
191,2013-01-01,[ 03:11 ],1,189.0,8.0,81.0,2.7
192,2013-01-01,[ 03:12 ],1,182.0,8.0,81.0,2.7
193,2013-01-01,[ 03:13 ],1,186.0,8.0,81.0,2.7
194,2013-01-01,[ 03:14 ],1,185.0,8.0,81.0,2.7
195,2013-01-01,[ 03:15 ],1,185.0,8.0,81.0,2.7
196,2013-01-01,[ 03:16 ],1,183.0,8.0,81.0,2.7
197,2013-01-01,[ 03:17 ],1,183.0,8.0,81.0,2.7
198,2013-01-01,[ 03:18 ],1,265.0,8.0,81.0,2.7
199,2013-01-01,[ 03:19 ],1,252.0,8.0,81.0,2.7
200,2013-01-01,[ 03:20 ],1,240.0,8.0,81.0,2.7
201,2013-01-01,[ 03:21 ],1,243.0,8.0,81.0,2.7
202,2013-01-01,[ 03:22 ],1,245.0,8.0,81.0,2.7
203,2013-01-01,[ 03:23 ],1,244.0,8.0,81.0,2.7
204,2013-01-01,[ 03:24 ],1,244.0,8.0,81.0,2.7
205,2013-01-01,[ 03:25 ],1,245.0,8.0,81.0,2.7
206,2013-01-01,[ 03:26 ],1,246.0,8.0,81.0,2.7
207,2013-01-01,[ 03:27 ],1,246.0,8.0,81.0,2.7
208,2013-01-01,[ 03:28 ],1,244.0,8.0,81.0,2.7
209,2013-01-01,[ 03:29 ],1,243.0,8.0,81.0,2.7
210,2013-01-01,[ 03:30 ],1,244.0,8.0,81.0,2.7
211,2013-01-01,[ 03:31 ],1,244.0,8.0,81.0,2.7
212,2013-01-01,[ 03:32 ],1,243.0,8.0,81.0,2.7
213,2013-01-01,[ 03:33 ],1,244.0,8.0,81.0,2.7
214,2013-01-01,[ 03:34 ],1,244.0,8.0,81.0,2.7
215,2013-01-01,[ 03:35 ],1,242.0,8.0,81.0,2.7
216,2013-01-01,[ 03:36 ],1,243.0,8.0,81.0,2.7
217,2013-01-01,[ 03:37 ],1,241.0,8.0,81.0,2.7
218,2013-01-01,[ 03:38 ],1,242.0,8.0,81.0,2.7
219,2013-01-01,[ 03:39 ],1,244.0,8.0,81.0,2.7
220,2013-01-01,[ 03:40 ],1,244.0,8.0,81.0,2.7
221,2013-01-01,[ 03:41 ],1,244.0,8.0,81.0,2.7
222,2013-01-01,[ 03:42 ],1,243.0,8.0,81.0,2.7
223,2013-01-01,[ 03:43 ],1,243.0,8.0,81.0,2.7
224,2013-01-01,[ 03:44 ],1,248.0,8.0,81.0,2.7
225,2013-01-01,[ 03:45 ],1,244.0,8.0,81.0,2.7
226,2013-01-01,[ 03:46 ],1,242.0,8.0,81.0,2.7
227,2013-01-01,[ 03:47 ],1,240.0,8.0,81.0,2.7
228,2013-01-01,[ 03:48 ],1,240.0,8.0,81.0,2.7
229,2013-01-01,[ 03:49 ],1,240.0,8.0,81.0,2.7
230,2013-01-01,[ 03:50 ],1,224.0,8.0,81.0,2.7
231,2013-01-01,[ 03:51 ],1,183.0,8.0,81.0,2.7
232,2013-01-01,[ 03:52 ],1,183.0,8.0,81.0,2.7
233,2013-01-01,[ 03:53 ],1,182.0,8.0,81.0,2.7
234,2013-01-01,[ 03:54 ],1,184.0,8.0,81.0,2.7
235,2013-01-01,[ 03:55 ],1,184.0,8.0,81.0,2.7
236,2013-01-01,[ 03:56 ],1,184.0,8.0,81.0,2.7
237,2013-01-01,[ 03:57 ],1,182.0,8.0,81.0,2.7
238,2013-01-01,[ 03:58 ],1,183.0,8.0,81.0,2.7
239,2013-01-01,[ 03:59 ],1,186.0,8.0,81.0,2.7
240,2013-01-01,[ 04:00 ],1,186.0,8.0,81.0,2.7
241,2013-01-01,[ 04:01 ],1,184.0,8.0,80.833,2.7
242,2013-01-01,[ 04:02 ],1,183.0,8.0,80.667,2.7
243,2013-01-01,[ 04:03 ],1,183.0,8.0,80.5,2.7
244,2013-01-01,[ 04:04 ],1,183.0,8.0,80.333,2.7
245,2013-01-01,[ 04:05 ],1,182.0,8.0,80.167,2.7
246,2013-01-01,[ 04:06 ],1,180.0,8.0,80.0,2.7
247,2013-01-01,[ 04:07 ],1,197.0,8.0,79.833,2.7
248,2013-01-01,[ 04:08 ],1,182.0,8.0,79.667,2.7
249,2013-01-01,[ 04:09 ],1,182.0,8.0,79.5,2.7
250,2013-01-01,[ 04:10 ],1,183.0,8.0,79.333,2.7
251,2013-01-01,[ 04:11 ],1,184.0,8.0,79.167,2.7
252,2013-01-01,[ 04:12 ],1,184.0,8.0,79.0,2.7
253,2013-01-01,[ 04:13 ],1,182.0,8.0,78.833,2.7
254,2013-01-01,[ 04:14 ],1,182.0,8.0,78.667,2.7
255,2013-01-01,[ 04:15 ],1,182.0,8.0,78.5,2.7
256,2013-01-01,[ 04:16 ],1,182.0,8.0,78.333,2.7
257,2013-01-01,[ 04:17 ],1,181.0,8.0,78.167,2.7
258,2013-01-01,[ 04:18 ],1,181.0,8.0,78.0,2.7
259,2013-01-01,[ 04:19 ],1,183.0,8.0,77.833,2.7
260,2013-01-01,[ 04:20 ],1,185.0,8.0,77.667,2.7
261,2013-01-01,[ 04:21 ],1,186.0,8.0,77.5,2.7
262,2013-01-01,[ 04:22 ],1,182.0,8.0,77.333,2.7
263,2013-01-01,[ 04:23 ],1,183.0,8.0,77.167,2.7
264,2013-01-01,[ 04:24 ],1,182.0,8.0,77.0,2.7
265,2013-01-01,[ 04:25 ],1,185.0,8.0,76.833,2.7
266,2013-01-01,[ 04:26 ],1,183.0,8.0,76.667,2.7
267,2013-01-01,[ 04:27 ],1,182.0,8.0,76.5,2.7
268,2013-01-01,[ 04:28 ],1,183.0,8.0,76.333,2.7
269,2013-01-01,[ 04:29 ],1,183.0,8.0,76.0,2.7
270,2013-01-01,[ 04:30 ],1,182.0,8.0,76.0,2.7
271,2013-01-01,[ 04:31 ],1,183.0,7.967,76.167,2.7
272,2013-01-01,[ 04:32 ],1,184.0,7.933,76.333,2.7
273,2013-01-01,[ 04:33 ],1,183.0,7.9,76.5,2.7
274,2013-01-01,[ 04:34 ],1,260.0,7.867,76.667,2.7
275,2013-01-01,[ 04:35 ],1,244.0,7.833,76.833,2.7
276,2013-01-01,[ 04:36 ],1,240.0,7.8,77.0,2.7
277,2013-01-01,[ 04:37 ],1,242.0,7.767,77.167,2.7
278,2013-01-01,[ 04:38 ],1,240.0,7.733,77.333,2.7
279,2013-01-01,[ 04:39 ],1,239.0,7.7,77.5,2.7
280,2013-01-01,[ 04:40 ],1,239.0,7.667,77.667,2.7
281,2013-01-01,[ 04:41 ],1,236.0,7.633,77.833,2.7
282,2013-01-01,[ 04:42 ],1,237.0,7.6,78.0,2.7
283,2013-01-01,[ 04:43 ],1,238.0,7.567,78.167,2.7
284,2013-01-01,[ 04:44 ],1,237.0,7.533,78.333,2.7
285,2013-01-01,[ 04:45 ],1,186.0,7.5,78.5,2.7
286,2013-01-01,[ 04:46 ],1,183.0,7.467,78.667,2.7
287,2013-01-01,[ 04:47 ],1,182.0,7.433,78.833,2.7
288,2013-01-01,[ 04:48 ],1,184.0,7.4,79.0,2.7
289,2013-01-01,[ 04:49 ],1,184.0,7.367,79.167,2.7
290,2013-01-01,[ 04:50 ],1,181.0,7.333,79.333,2.7
291,2013-01-01,[ 04:51 ],1,183.0,7.3,79.5,2.7
292,2013-01-01,[ 04:52 ],1,186.0,7.267,79.667,2.7
293,2013-01-01,[ 04:53 ],1,186.0,7.233,79.833,2.7
294,2013-01-01,[ 04:54 ],1,182.0,7.2,80.0,2.7
295,2013-01-01,[ 04:55 ],1,182.0,7.167,80.167,2.7
296,2013-01-01,[ 04:56 ],1,186.0,7.133,80.333,2.7
297,2013-01-01,[ 04:57 ],1,186.0,7.1,80.5,2.7
298,2013-01-01,[ 04:58 ],1,182.0,7.067,80.667,2.7
299,2013-01-01,[ 04:59 ],1,182.0,7.0,81.0,2.7
300,2013-01-01,[ 05:00 ],1,183.0,7.0,81.0,2.7
301,2013-01-01,[ 05:01 ],1,183.0,7.0,81.0,2.7
302,2013-01-01,[ 05:02 ],1,189.0,7.0,81.0,2.7
303,2013-01-01,[ 05:03 ],1,189.0,7.0,81.0,2.7
304,2013-01-01,[ 05:04 ],1,182.0,7.0,81.0,2.7
305,2013-01-01,[ 05:05 ],1,182.0,7.0,81.0,2.7
306,2013-01-01,[ 05:06 ],1,182.0,7.0,81.0,2.7
307,2013-01-01,[ 05:07 ],1,183.0,7.0,81.0,2.7
308,2013-01-01,[ 05:08 ],1,186.0,7.0,81.0,2.7
309,2013-01-01,[ 05:09 ],1,186.0,7.0,81.0,2.7
310,2013-01-01,[ 05:10 ],1,182.0,7.0,81.0,2.7
311,2013-01-01,[ 05:11 ],1,182.0,7.0,81.0,2.7
312,2013-01-01,[ 05:12 ],1,187.0,7.0,81.0,2.7
313,2013-01-01,[ 05:13 ],1,187.0,7.0,81.0,2.7
314,2013-01-01,[ 05:14 ],1,182.0,7.0,81.0,2.7
315,2013-01-01,[ 05:15 ],1,182.0,7.0,81.0,2.7
316,2013-01-01,[ 05:16 ],1,186.0,7.0,81.0,2.7
317,2013-01-01,[ 05:17 ],1,186.0,7.0,81.0,2.7
318,2013-01-01,[ 05:18 ],1,182.0,7.0,81.0,2.7
319,2013-01-01,[ 05:19 ],1,181.0,7.0,81.0,2.7
320,2013-01-01,[ 05:20 ],1,183.0,7.0,81.0,2.7
321,2013-01-01,[ 05:21 ],1,260.0,7.0,81.0,2.7
322,2013-01-01,[ 05:22 ],1,260.0,7.0,81.0,2.7
323,2013-01-01,[ 05:23 ],1,240.0,7.0,81.0,2.7
324,2013-01-01,[ 05:24 ],1,240.0,7.0,81.0,2.7
325,2013-01-01,[ 05:25 ],1,240.0,7.0,81.0,2.7
326,2013-01-01,[ 05:26 ],1,241.0,7.0,81.0,2.7
327,2013-01-01,[ 05:27 ],1,245.0,7.0,81.0,2.7
328,2013-01-01,[ 05:28 ],1,245.0,7.0,81.0,2.7
329,2013-01-01,[ 05:29 ],1,243.0,7.0,81.0,2.7
330,2013-01-01,[ 05:30 ],1,241.0,7.0,81.0,2.7
331,2013-01-01,[ 05:31 ],1,242.0,6.967,81.0,2.7
332,2013-01-01,[ 05:32 ],1,242.0,6.933,81.0,2.7
333,2013-01-01,[ 05:33 ],1,240.0,6.9,81.0,2.7
334,2013-01-01,[ 05:34 ],1,240.0,6.867,81.0,2.7
335,2013-01-01,[ 05:35 ],1,241.0,6.833,81.0,2.7
336,2013-01-01,[ 05:36 ],1,241.0,6.8,81.0,2.7
337,2013-01-01,[ 05:37 ],1,240.0,6.767,81.0,2.7
338,2013-01-01,[ 05:38 ],1,241.0,6.733,81.0,2.7
339,2013-01-01,[ 05:39 ],1,240.0,6.7,81.0,2.7
340,2013-01-01,[ 05:40 ],1,240.0,6.667,81.0,2.7
341,2013-01-01,[ 05:41 ],1,241.0,6.633,81.0,2.7
342,2013-01-01,[ 05:42 ],1,240.0,6.6,81.0,2.7
343,2013-01-01,[ 05:43 ],1,241.0,6.567,81.0,2.7
344,2013-01-01,[ 05:44 ],1,241.0,6.533,81.0,2.7
345,2013-01-01,[ 05:45 ],1,240.0,6.5,81.0,2.7
346,2013-01-01,[ 05:46 ],1,241.0,6.467,81.0,2.7
347,2013-01-01,[ 05:47 ],1,244.0,6.433,81.0,2.7
348,2013-01-01,[ 05:48 ],1,245.0,6.4,81.0,2.7
349,2013-01-01,[ 05:49 ],1,243.0,6.367,81.0,2.7
350,2013-01-01,[ 05:50 ],1,241.0,6.333,81.0,2.7
351,2013-01-01,[ 05:51 ],1,242.0,6.3,81.0,2.7
352,2013-01-01,[ 05:52 ],1,240.0,6.267,81.0,2.7
353,2013-01-01,[ 05:53 ],1,240.0,6.233,81.0,2.7
354,2013-01-01,[ 05:54 ],1,182.0,6.2,81.0,2.7
355,2013-01-01,[ 05:55 ],1,187.0,6.167,81.0,2.7
356,2013-01-01,[ 05:56 ],1,187.0,6.133,81.0,2.7
357,2013-01-01,[ 05:57 ],1,186.0,6.1,81.0,2.7
358,2013-01-01,[ 05:58 ],1,186.0,6.067,81.0,2.7
359,2013-01-01,[ 05:59 ],1,184.0,6.0,81.0,2.7
360,2013-01-01,[ 06:00 ],1,184.0,6.0,81.0,2.7
361,2013-01-01,[ 06:01 ],1,183.0,6.0,81.0,2.7
362,2013-01-01,[ 06:02 ],1,183.0,6.0,81.0,2.7
363,2013-01-01,[ 06:03 ],1,186.0,6.0,81.0,2.7
364,2013-01-01,[ 06:04 ],1,186.0,6.0,81.0,2.7
365,2013-01-01,[ 06:05 ],1,182.0,6.0,81.0,2.7
366,2013-01-01,[ 06:06 ],1,182.0,6.0,81.0,2.7
367,2013-01-01,[ 06:07 ],1,184.0,6.0,81.0,2.7
368,2013-01-01,[ 06:08 ],1,184.0,6.0,81.0,2.7
369,2013-01-01,[ 06:09 ],1,183.0,6.0,81.0,2.7
370,2013-01-01,[ 06:10 ],1,183.0,6.0,81.0,2.7
371,2013-01-01,[ 06:11 ],1,184.0,6.0,81.0,2.7
372,2013-01-01,[ 06:12 ],1,184.0,6.0,81.0,2.7
373,2013-01-01,[ 06:13 ],1,184.0,6.0,81.0,2.7
374,2013-01-01,[ 06:14 ],1,182.0,6.0,81.0,2.7
375,2013-01-01,[ 06:15 ],1,185.0,6.0,81.0,2.7
376,2013-01-01,[ 06:16 ],1,185.0,6.0,81.0,2.7
377,2013-01-01,[ 06:17 ],1,184.0,6.0,81.0,2.7
378,2013-01-01,[ 06:18 ],1,183.0,6.0,81.0,2.7
379,2013-01-01,[ 06:19 ],1,183.0,6.0,81.0,2.7
380,2013-01-01,[ 06:20 ],1,183.0,6.0,81.0,2.7
381,2013-01-01,[ 06:21 ],1,183.0,6.0,81.0,2.7
382,2013-01-01,[ 06:22 ],1,183.0,6.0,81.0,2.7
383,2013-01-01,[ 06:23 ],1,183.0,6.0,81.0,2.7
384,2013-01-01,[ 06:24 ],1,183.0,6.0,81.0,2.7
385,2013-01-01,[ 06:25 ],1,183.0,6.0,81.0,2.7
386,2013-01-01,[ 06:26 ],1,183.0,6.0,81.0,2.7
387,2013-01-01,[ 06:27 ],1,184.0,6.0,81.0,2.7
388,2013-01-01,[ 06:28 ],1,183.0,6.0,81.0,2.7
389,2013-01-01,[ 06:29 ],1,185.0,6.0,81.0,2.7
390,2013-01-01,[ 06:30 ],1,185.0,6.0,81.0,2.7
391,2013-01-01,[ 06:31 ],1,183.0,6.0,80.833,2.7
392,2013-01-01,[ 06:32 ],1,243.0,6.0,80.667,2.7
393,2013-01-01,[ 06:33 ],1,243.0,6.0,80.5,2.7
394,2013-01-01,[ 06:34 ],1,238.0,6.0,80.333,2.7
395,2013-01-01,[ 06:35 ],1,250.0,6.0,80.167,2.7
396,2013-01-01,[ 06:36 ],1,259.0,6.0,80.0,2.7
397,2013-01-01,[ 06:37 ],1,253.0,6.0,79.833,2.7
398,2013-01-01,[ 06:38 ],1,326.0,6.0,79.667,2.7
399,2013-01-01,[ 06:39 ],1,318.0,6.0,79.5,2.7
400,2013-01-01,[ 06:40 ],1,309.0,6.0,79.333,2.7
401,2013-01-01,[ 06:41 ],1,306.0,6.0,79.167,2.7
402,2013-01-01,[ 06:42 ],1,306.0,6.0,79.0,2.7
403,2013-01-01,[ 06:43 ],1,306.0,6.0,78.833,2.7
404,2013-01-01,[ 06:44 ],1,301.0,6.0,78.667,2.7
405,2013-01-01,[ 06:45 ],1,297.0,6.0,78.5,2.7
406,2013-01-01,[ 06:46 ],1,308.0,6.0,78.333,2.7
407,2013-01-01,[ 06:47 ],1,299.0,6.0,78.167,2.7
408,2013-01-01,[ 06:48 ],1,291.0,6.0,78.0,2.7
409,2013-01-01,[ 06:49 ],1,241.0,6.0,77.833,2.7
410,2013-01-01,[ 06:50 ],1,230.0,6.0,77.667,2.7
411,2013-01-01,[ 06:51 ],1,223.0,6.0,77.5,2.7
412,2013-01-01,[ 06:52 ],1,229.0,6.0,77.333,2.7
413,2013-01-01,[ 06:53 ],1,245.0,6.0,77.167,2.7
414,2013-01-01,[ 06:54 ],1,237.0,6.0,77.0,2.7
415,2013-01-01,[ 06:55 ],1,231.0,6.0,76.833,2.7
416,2013-01-01,[ 06:56 ],1,224.0,6.0,76.667,2.7
417,2013-01-01,[ 06:57 ],1,245.0,6.0,76.5,2.7
418,2013-01-01,[ 06:58 ],1,239.0,6.0,76.333,2.7
419,2013-01-01,[ 06:59 ],1,233.0,6.0,76.0,2.7
420,2013-01-01,[ 07:00 ],1,223.0,6.0,76.0,2.7
421,2013-01-01,[ 07:01 ],1,223.0,5.967,76.167,2.7
422,2013-01-01,[ 07:02 ],1,242.0,5.933,76.333,2.7
423,2013-01-01,[ 07:03 ],1,219.0,5.9,76.5,2.7
424,2013-01-01,[ 07:04 ],1,215.0,5.867,76.667,2.7
425,2013-01-01,[ 07:05 ],1,214.0,5.833,76.833,2.7
426,2013-01-01,[ 07:06 ],1,184.0,5.8,77.0,2.7
427,2013-01-01,[ 07:07 ],1,181.0,5.767,77.167,2.7
428,2013-01-01,[ 07:08 ],1,183.0,5.733,77.333,2.7
429,2013-01-01,[ 07:09 ],1,185.0,5.7,77.5,2.7
430,2013-01-01,[ 07:10 ],1,186.0,5.667,77.667,2.7
431,2013-01-01,[ 07:11 ],1,188.0,5.633,77.833,2.7
432,2013-01-01,[ 07:12 ],1,188.0,5.6,78.0,2.7
433,2013-01-01,[ 07:13 ],1,186.0,5.567,78.167,2.7
434,2013-01-01,[ 07:14 ],1,218.0,5.533,78.333,2.7
435,2013-01-01,[ 07:15 ],1,248.0,5.5,78.5,2.7
436,2013-01-01,[ 07:16 ],1,232.0,5.467,78.667,2.7
437,2013-01-01,[ 07:17 ],1,231.0,5.433,78.833,2.7
438,2013-01-01,[ 07:18 ],1,260.0,5.4,79.0,2.7
439,2013-01-01,[ 07:19 ],1,260.0,5.367,79.167,2.7
440,2013-01-01,[ 07:20 ],1,264.0,5.333,79.333,2.7
441,2013-01-01,[ 07:21 ],1,285.0,5.3,79.5,2.7
442,2013-01-01,[ 07:22 ],1,297.0,5.267,79.667,2.7
443,2013-01-01,[ 07:23 ],1,296.0,5.233,79.833,2.7
444,2013-01-01,[ 07:24 ],1,296.0,5.2,80.0,2.7
445,2013-01-01,[ 07:25 ],1,297.0,5.167,80.167,2.7
446,2013-01-01,[ 07:26 ],1,293.0,5.133,80.333,2.7
447,2013-01-01,[ 07:27 ],1,291.0,5.1,80.5,2.7
448,2013-01-01,[ 07:28 ],1,245.0,5.067,80.667,2.7
449,2013-01-01,[ 07:29 ],1,245.0,5.0,81.0,2.7
450,2013-01-01,[ 07:30 ],1,246.0,5.0,81.0,2.7
451,2013-01-01,[ 07:31 ],1,245.0,5.0,81.0,2.7
452,2013-01-01,[ 07:32 ],1,248.0,5.0,81.0,2.7
453,2013-01-01,[ 07:33 ],1,329.0,5.0,81.0,2.7
454,2013-01-01,[ 07:34 ],1,329.0,5.0,81.0,2.7
455,2013-01-01,[ 07:35 ],1,321.0,5.0,81.0,2.7
456,2013-01-01,[ 07:36 ],1,323.0,5.0,81.0,2.7
457,2013-01-01,[ 07:37 ],1,324.0,5.0,81.0,2.7
458,2013-01-01,[ 07:38 ],1,324.0,5.0,81.0,2.7
459,2013-01-01,[ 07:39 ],1,324.0,5.0,81.0,2.7
460,2013-01-01,[ 07:40 ],1,323.0,5.0,81.0,2.7
461,2013-01-01,[ 07:41 ],1,322.0,5.0,81.0,2.7
462,2013-01-01,[ 07:42 ],1,320.0,5.0,81.0,2.7
463,2013-01-01,[ 07:43 ],1,325.0,5.0,81.0,2.7
464,2013-01-01,[ 07:44 ],1,325.0,5.0,81.0,2.7
465,2013-01-01,[ 07:45 ],1,321.0,5.0,81.0,2.7
466,2013-01-01,[ 07:46 ],1,323.0,5.0,81.0,2.7
467,2013-01-01,[ 07:47 ],1,322.0,5.0,81.0,2.7
468,2013-01-01,[ 07:48 ],1,323.0,5.0,81.0,2.7
469,2013-01-01,[ 07:49 ],1,324.0,5.0,81.0,2.7
470,2013-01-01,[ 07:50 ],1,328.0,5.0,81.0,2.7
471,2013-01-01,[ 07:51 ],1,335.0,5.0,81.0,2.7
472,2013-01-01,[ 07:52 ],1,339.0,5.0,81.0,2.7
473,2013-01-01,[ 07:53 ],1,330.0,5.0,81.0,2.7
474,2013-01-01,[ 07:54 ],1,336.0,5.0,81.0,2.7
475,2013-01-01,[ 07:55 ],1,357.0,5.0,81.0,2.7
476,2013-01-01,[ 07:56 ],1,359.0,5.0,81.0,2.7
477,2013-01-01,[ 07:57 ],1,362.0,5.0,81.0,2.7
478,2013-01-01,[ 07:58 ],1,367.0,5.0,81.0,2.7
479,2013-01-01,[ 07:59 ],1,389.0,5.0,81.0,2.7
480,2013-01-01,[ 08:00 ],1,389.0,5.0,81.0,2.7
481,2013-01-01,[ 08:01 ],1,373.0,5.0,81.0,2.7
482,2013-01-01,[ 08:02 ],1,374.0,5.0,81.0,2.7
483,2013-01-01,[ 08:03 ],1,346.0,5.0,81.0,2.7
484,2013-01-01,[ 08:04 ],1,366.0,5.0,81.0,2.7
485,2013-01-01,[ 08:05 ],1,345.0,5.0,81.0,2.7
486,2013-01-01,[ 08:06 ],1,274.0,5.0,81.0,2.7
487,2013-01-01,[ 08:07 ],1,274.0,5.0,81.0,2.7
488,2013-01-01,[ 08:08 ],1,273.0,5.0,81.0,2.7
489,2013-01-01,[ 08:09 ],1,273.0,5.0,81.0,2.7
490,2013-01-01,[ 08:10 ],1,272.0,5.0,81.0,2.7
491,2013-01-01,[ 08:11 ],1,273.0,5.0,81.0,2.7
492,2013-01-01,[ 08:12 ],1,272.0,5.0,81.0,2.7
493,2013-01-01,[ 08:13 ],1,273.0,5.0,81.0,2.7
494,2013-01-01,[ 08:14 ],1,273.0,5.0,81.0,2.7
495,2013-01-01,[ 08:15 ],1,295.0,5.0,81.0,2.7
496,2013-01-01,[ 08:16 ],1,295.0,5.0,81.0,2.7
497,2013-01-01,[ 08:17 ],1,288.0,5.0,81.0,2.7
498,2013-01-01,[ 08:18 ],1,286.0,5.0,81.0,2.7
499,2013-01-01,[ 08:19 ],1,272.0,5.0,81.0,2.7
500,2013-01-01,[ 08:20 ],1,275.0,5.0,81.0,2.7
501,2013-01-01,[ 08:21 ],1,270.0,5.0,81.0,2.7
502,2013-01-01,[ 08:22 ],1,270.0,5.0,81.0,2.7
503,2013-01-01,[ 08:23 ],1,278.0,5.0,81.0,2.7
504,2013-01-01,[ 08:24 ],1,273.0,5.0,81.0,2.7
505,2013-01-01,[ 08:25 ],1,273.0,5.0,81.0,2.7
506,2013-01-01,[ 08:26 ],1,259.0,5.0,81.0,2.7
507,2013-01-01,[ 08:27 ],1,257.0,5.0,81.0,2.7
508,2013-01-01,[ 08:28 ],1,253.0,5.0,81.0,2.7
509,2013-01-01,[ 08:29 ],1,259.0,5.0,81.0,2.7
510,2013-01-01,[ 08:30 ],1,284.0,5.0,81.0,2.7
511,2013-01-01,[ 08:31 ],1,274.0,5.0,81.0,2.7
512,2013-01-01,[ 08:32 ],1,270.0,5.0,81.0,2.7
513,2013-01-01,[ 08:33 ],1,267.0,5.0,81.0,2.7
514,2013-01-01,[ 08:34 ],1,256.0,5.0,81.0,2.7
515,2013-01-01,[ 08:35 ],1,256.0,5.0,81.0,2.7
516,2013-01-01,[ 08:36 ],1,282.0,5.0,81.0,2.7
517,2013-01-01,[ 08:37 ],1,273.0,5.0,81.0,2.7
518,2013-01-01,[ 08:38 ],1,466.0,5.0,81.0,2.7
519,2013-01-01,[ 08:39 ],1,469.0,5.0,81.0,2.7
520,2013-01-01,[ 08:40 ],1,473.0,5.0,81.0,2.7
521,2013-01-01,[ 08:41 ],1,626.0,5.0,81.0,2.7
522,2013-01-01,[ 08:42 ],1,2850.0,5.0,81.0,2.7
523,2013-01-01,[ 08:43 ],1,4444.0,5.0,81.0,2.7
524,2013-01-01,[ 08:44 ],1,2827.0,5.0,81.0,2.7
525,2013-01-01,[ 08:45 ],1,583.0,5.0,81.0,2.7
526,2013-01-01,[ 08:46 ],1,591.0,5.0,81.0,2.7
527,2013-01-01,[ 08:47 ],1,593.0,5.0,81.0,2.7
528,2013-01-01,[ 08:48 ],1,593.0,5.0,81.0,2.7
529,2013-01-01,[ 08:49 ],1,593.0,5.0,81.0,2.7
530,2013-01-01,[ 08:50 ],1,1924.0,5.0,81.0,2.7
531,2013-01-01,[ 08:51 ],1,368.0,5.0,81.0,2.7
532,2013-01-01,[ 08:52 ],1,370.0,5.0,81.0,2.7
533,2013-01-01,[ 08:53 ],1,366.0,5.0,81.0,2.7
534,2013-01-01,[ 08:54 ],1,363.0,5.0,81.0,2.7
535,2013-01-01,[ 08:55 ],1,357.0,5.0,81.0,2.7
536,2013-01-01,[ 08:56 ],1,207.0,5.0,81.0,2.7
537,2013-01-01,[ 08:57 ],1,203.0,5.0,81.0,2.7
538,2013-01-01,[ 08:58 ],1,205.0,5.0,81.0,2.7
539,2013-01-01,[ 08:59 ],1,206.0,5.0,81.0,2.7
540,2013-01-01,[ 09:00 ],1,210.0,5.0,81.0,2.7
541,2013-01-01,[ 09:01 ],1,205.0,5.0,81.0,2.7
542,2013-01-01,[ 09:02 ],1,204.0,5.0,81.0,2.7
543,2013-01-01,[ 09:03 ],1,352.0,5.0,81.0,2.7
544,2013-01-01,[ 09:04 ],1,352.0,5.0,81.0,2.7
545,2013-01-01,[ 09:05 ],1,275.0,5.0,81.0,2.7
546,2013-01-01,[ 09:06 ],1,278.0,5.0,81.0,2.7
547,2013-01-01,[ 09:07 ],1,675.0,5.0,81.0,2.7
548,2013-01-01,[ 09:08 ],1,557.0,5.0,81.0,2.7
549,2013-01-01,[ 09:09 ],1,554.0,5.0,81.0,2.7
550,2013-01-01,[ 09:10 ],1,556.0,5.0,81.0,2.7
551,2013-01-01,[ 09:11 ],1,545.0,5.0,81.0,2.7
552,2013-01-01,[ 09:12 ],1,542.0,5.0,81.0,2.7
553,2013-01-01,[ 09:13 ],1,542.0,5.0,81.0,2.7
554,2013-01-01,[ 09:14 ],1,541.0,5.0,81.0,2.7
555,2013-01-01,[ 09:15 ],1,532.0,5.0,81.0,2.7
556,2013-01-01,[ 09:16 ],1,545.0,5.0,81.0,2.7
557,2013-01-01,[ 09:17 ],1,545.0,5.0,81.0,2.7
558,2013-01-01,[ 09:18 ],1,537.0,5.0,81.0,2.7
559,2013-01-01,[ 09:19 ],1,542.0,5.0,81.0,2.7
560,2013-01-01,[ 09:20 ],1,542.0,5.0,81.0,2.7
561,2013-01-01,[ 09:21 ],1,542.0,5.0,81.0,2.7
562,2013-01-01,[ 09:22 ],1,538.0,5.0,81.0,2.7
563,2013-01-01,[ 09:23 ],1,539.0,5.0,81.0,2.7
564,2013-01-01,[ 09:24 ],1,541.0,5.0,81.0,2.7
565,2013-01-01,[ 09:25 ],1,536.0,5.0,81.0,2.7
566,2013-01-01,[ 09:26 ],1,540.0,5.0,81.0,2.7
567,2013-01-01,[ 09:27 ],1,542.0,5.0,81.0,2.7
568,2013-01-01,[ 09:28 ],1,535.0,5.0,81.0,2.7
569,2013-01-01,[ 09:29 ],1,535.0,5.0,81.0,2.7
570,2013-01-01,[ 09:30 ],1,536.0,5.0,81.0,2.7
571,2013-01-01,[ 09:31 ],1,532.0,5.0,81.0,2.7
572,2013-01-01,[ 09:32 ],1,538.0,5.0,81.0,2.7
573,2013-01-01,[ 09:33 ],1,534.0,5.0,81.0,2.7
574,2013-01-01,[ 09:34 ],1,273.0,5.0,81.0,2.7
575,2013-01-01,[ 09:35 ],1,889.0,5.0,81.0,2.7
576,2013-01-01,[ 09:36 ],1,959.0,5.0,81.0,2.7
577,2013-01-01,[ 09:37 ],1,2581.0,5.0,81.0,2.7
578,2013-01-01,[ 09:38 ],1,2581.0,5.0,81.0,2.7
579,2013-01-01,[ 09:39 ],1,2667.0,5.0,81.0,2.7
580,2013-01-01,[ 09:40 ],1,2644.0,5.0,81.0,2.7
581,2013-01-01,[ 09:41 ],1,2691.0,5.0,81.0,2.7
582,2013-01-01,[ 09:42 ],1,2637.0,5.0,81.0,2.7
583,2013-01-01,[ 09:43 ],1,2641.0,5.0,81.0,2.7
584,2013-01-01,[ 09:44 ],1,2667.0,5.0,81.0,2.7
585,2013-01-01,[ 09:45 ],1,2667.0,5.0,81.0,2.7
586,2013-01-01,[ 09:46 ],1,2536.0,5.0,81.0,2.7
587,2013-01-01,[ 09:47 ],1,2542.0,5.0,81.0,2.7
588,2013-01-01,[ 09:48 ],1,2663.0,5.0,81.0,2.7
589,2013-01-01,[ 09:49 ],1,2549.0,5.0,81.0,2.7
590,2013-01-01,[ 09:50 ],1,2639.0,5.0,81.0,2.7
591,2013-01-01,[ 09:51 ],1,2365.0,5.0,81.0,2.7
592,2013-01-01,[ 09:52 ],1,2587.0,5.0,81.0,2.7
593,2013-01-01,[ 09:53 ],1,1047.0,5.0,81.0,2.7
594,2013-01-01,[ 09:54 ],1,975.0,5.0,81.0,2.7
595,2013-01-01,[ 09:55 ],1,998.0,5.0,81.0,2.7
596,2013-01-01,[ 09:56 ],1,941.0,5.0,81.0,2.7
597,2013-01-01,[ 09:57 ],1,2435.0,5.0,81.0,2.7
598,2013-01-01,[ 09:58 ],1,2459.0,5.0,81.0,2.7
599,2013-01-01,[ 09:59 ],1,974.0,5.0,81.0,2.7
600,2013-01-01,[ 10:00 ],1,1020.0,5.0,81.0,2.7
601,2013-01-01,[ 10:01 ],1,1020.0,5.033,80.833,2.7
602,2013-01-01,[ 10:02 ],1,948.0,5.067,80.667,2.7
603,2013-01-01,[ 10:03 ],1,983.0,5.1,80.5,2.7
604,2013-01-01,[ 10:04 ],1,2364.0,5.133,80.333,2.7
605,2013-01-01,[ 10:05 ],1,2375.0,5.167,80.167,2.7
606,2013-01-01,[ 10:06 ],1,957.0,5.2,80.0,2.7
607,2013-01-01,[ 10:07 ],1,1003.0,5.233,79.833,2.7
608,2013-01-01,[ 10:08 ],1,951.0,5.267,79.667,2.7
609,2013-01-01,[ 10:09 ],1,985.0,5.3,79.5,2.7
610,2013-01-01,[ 10:10 ],1,2371.0,5.333,79.333,2.7
611,2013-01-01,[ 10:11 ],1,2371.0,5.367,79.167,2.7
612,2013-01-01,[ 10:12 ],1,950.0,5.4,79.0,2.7
613,2013-01-01,[ 10:13 ],1,2286.0,5.433,78.833,2.7
614,2013-01-01,[ 10:14 ],1,2263.0,5.467,78.667,2.7
615,2013-01-01,[ 10:15 ],1,2253.0,5.5,78.5,2.7
616,2013-01-01,[ 10:16 ],1,2224.0,5.533,78.333,2.7
617,2013-01-01,[ 10:17 ],1,1045.0,5.567,78.167,2.7
618,2013-01-01,[ 10:18 ],1,964.0,5.6,78.0,2.7
619,2013-01-01,[ 10:19 ],1,969.0,5.633,77.833,2.7
620,2013-01-01,[ 10:20 ],1,1036.0,5.667,77.667,2.7
621,2013-01-01,[ 10:21 ],1,1036.0,5.7,77.5,2.7
622,2013-01-01,[ 10:22 ],1,963.0,5.733,77.333,2.7
623,2013-01-01,[ 10:23 ],1,1005.0,5.767,77.167,2.7
624,2013-01-01,[ 10:24 ],1,977.0,5.8,77.0,2.7
625,2013-01-01,[ 10:25 ],1,2558.0,5.833,76.833,2.7
626,2013-01-01,[ 10:26 ],1,1233.0,5.867,76.667,2.7
627,2013-01-01,[ 10:27 ],1,951.0,5.9,76.5,2.7
628,2013-01-01,[ 10:28 ],1,1040.0,5.933,76.333,2.7
629,2013-01-01,[ 10:29 ],1,905.0,6.0,76.0,2.7
630,2013-01-01,[ 10:30 ],1,905.0,6.0,76.0,2.7
631,2013-01-01,[ 10:31 ],1,613.0,6.0,76.0,2.7
632,2013-01-01,[ 10:32 ],1,573.0,6.0,76.0,2.7
633,2013-01-01,[ 10:33 ],1,369.0,6.0,76.0,2.7
634,2013-01-01,[ 10:34 ],1,446.0,6.0,76.0,2.7
635,2013-01-01,[ 10:35 ],1,553.0,6.0,76.0,2.7
636,2013-01-01,[ 10:36 ],1,864.0,6.0,76.0,2.7
637,2013-01-01,[ 10:37 ],1,973.0,6.0,76.0,2.7
638,2013-01-01,[ 10:38 ],1,934.0,6.0,76.0,2.7
639,2013-01-01,[ 10:39 ],1,943.0,6.0,76.0,2.7
640,2013-01-01,[ 10:40 ],1,1094.0,6.0,76.0,2.7
641,2013-01-01,[ 10:41 ],1,1101.0,6.0,76.0,2.7
642,2013-01-01,[ 10:42 ],1,1097.0,6.0,76.0,2.7
643,2013-01-01,[ 10:43 ],1,490.0,6.0,76.0,2.7
644,2013-01-01,[ 10:44 ],1,636.0,6.0,76.0,2.7
645,2013-01-01,[ 10:45 ],1,575.0,6.0,76.0,2.7
646,2013-01-01,[ 10:46 ],1,532.0,6.0,76.0,2.7
647,2013-01-01,[ 10:47 ],1,343.0,6.0,76.0,2.7
648,2013-01-01,[ 10:48 ],1,904.0,6.0,76.0,2.7
649,2013-01-01,[ 10:49 ],1,985.0,6.0,76.0,2.7
650,2013-01-01,[ 10:50 ],1,1000.0,6.0,76.0,2.7
651,2013-01-01,[ 10:51 ],1,1083.0,6.0,76.0,2.7
652,2013-01-01,[ 10:52 ],1,1102.0,6.0,76.0,2.7
653,2013-01-01,[ 10:53 ],1,1105.0,6.0,76.0,2.7
654,2013-01-01,[ 10:54 ],1,787.0,6.0,76.0,2.7
655,2013-01-01,[ 10:55 ],1,396.0,6.0,76.0,2.7
656,2013-01-01,[ 10:56 ],1,592.0,6.0,76.0,2.7
657,2013-01-01,[ 10:57 ],1,497.0,6.0,76.0,2.7
658,2013-01-01,[ 10:58 ],1,556.0,6.0,76.0,2.7
659,2013-01-01,[ 10:59 ],1,947.0,6.0,76.0,2.7
660,2013-01-01,[ 11:00 ],1,591.0,6.0,76.0,2.7
661,2013-01-01,[ 11:01 ],1,544.0,6.033,75.833,2.7
662,2013-01-01,[ 11:02 ],1,544.0,6.067,75.667,2.7
663,2013-01-01,[ 11:03 ],1,461.0,6.1,75.5,2.7
664,2013-01-01,[ 11:04 ],1,759.0,6.133,75.333,2.7
665,2013-01-01,[ 11:05 ],1,779.0,6.167,75.167,2.7
666,2013-01-01,[ 11:06 ],1,722.0,6.2,75.0,2.7
667,2013-01-01,[ 11:07 ],1,721.0,6.233,74.833,2.7
668,2013-01-01,[ 11:08 ],1,537.0,6.267,74.667,2.7
669,2013-01-01,[ 11:09 ],1,450.0,6.3,74.5,2.7
670,2013-01-01,[ 11:10 ],1,290.0,6.333,74.333,2.7
671,2013-01-01,[ 11:11 ],1,285.0,6.367,74.167,2.7
672,2013-01-01,[ 11:12 ],1,292.0,6.4,74.0,2.7
673,2013-01-01,[ 11:13 ],1,290.0,6.433,73.833,2.7
674,2013-01-01,[ 11:14 ],1,293.0,6.467,73.667,2.7
675,2013-01-01,[ 11:15 ],1,292.0,6.5,73.5,2.7
676,2013-01-01,[ 11:16 ],1,362.0,6.533,73.333,2.7
677,2013-01-01,[ 11:17 ],1,358.0,6.567,73.167,2.7
678,2013-01-01,[ 11:18 ],1,358.0,6.6,73.0,2.7
679,2013-01-01,[ 11:19 ],1,366.0,6.633,72.833,2.7
680,2013-01-01,[ 11:20 ],1,377.0,6.667,72.667,2.7
681,2013-01-01,[ 11:21 ],1,374.0,6.7,72.5,2.7
682,2013-01-01,[ 11:22 ],1,333.0,6.733,72.333,2.7
683,2013-01-01,[ 11:23 ],1,331.0,6.767,72.167,2.7
684,2013-01-01,[ 11:24 ],1,333.0,6.8,72.0,2.7
685,2013-01-01,[ 11:25 ],1,335.0,6.833,71.833,2.7
686,2013-01-01,[ 11:26 ],1,335.0,6.867,71.667,2.7
687,2013-01-01,[ 11:27 ],1,332.0,6.9,71.5,2.7
688,2013-01-01,[ 11:28 ],1,332.0,6.933,71.333,2.7
689,2013-01-01,[ 11:29 ],1,337.0,7.0,71.0,2.7
690,2013-01-01,[ 11:30 ],1,337.0,7.0,71.0,2.7
691,2013-01-01,[ 11:31 ],1,333.0,7.0,71.0,2.7
692,2013-01-01,[ 11:32 ],1,333.0,7.0,71.0,2.7
693,2013-01-01,[ 11:33 ],1,332.0,7.0,71.0,2.7
694,2013-01-01,[ 11:34 ],1,334.0,7.0,71.0,2.7
695,2013-01-01,[ 11:35 ],1,259.0,7.0,71.0,2.7
696,2013-01-01,[ 11:36 ],1,261.0,7.0,71.0,2.7
697,2013-01-01,[ 11:37 ],1,260.0,7.0,71.0,2.7
698,2013-01-01,[ 11:38 ],1,261.0,7.0,71.0,2.7
699,2013-01-01,[ 11:39 ],1,263.0,7.0,71.0,2.7
700,2013-01-01,[ 11:40 ],1,263.0,7.0,71.0,2.7
701,2013-01-01,[ 11:41 ],1,266.0,7.0,71.0,2.7
702,2013-01-01,[ 11:42 ],1,266.0,7.0,71.0,2.7
703,2013-01-01,[ 11:43 ],1,260.0,7.0,71.0,2.7
704,2013-01-01,[ 11:44 ],1,260.0,7.0,71.0,2.7
705,2013-01-01,[ 11:45 ],1,259.0,7.0,71.0,2.7
706,2013-01-01,[ 11:46 ],1,259.0,7.0,71.0,2.7
707,2013-01-01,[ 11:47 ],1,259.0,7.0,71.0,2.7
708,2013-01-01,[ 11:48 ],1,259.0,7.0,71.0,2.7
709,2013-01-01,[ 11:49 ],1,264.0,7.0,71.0,2.7
710,2013-01-01,[ 11:50 ],1,264.0,7.0,71.0,2.7
711,2013-01-01,[ 11:51 ],1,262.0,7.0,71.0,2.7
712,2013-01-01,[ 11:52 ],1,258.0,7.0,71.0,2.7
713,2013-01-01,[ 11:53 ],1,259.0,7.0,71.0,2.7
714,2013-01-01,[ 11:54 ],1,260.0,7.0,71.0,2.7
715,2013-01-01,[ 11:55 ],1,259.0,7.0,71.0,2.7
716,2013-01-01,[ 11:56 ],1,651.0,7.0,71.0,2.7
717,2013-01-01,[ 11:57 ],1,654.0,7.0,71.0,2.7
718,2013-01-01,[ 11:58 ],1,674.0,7.0,71.0,2.7
719,2013-01-01,[ 11:59 ],1,664.0,7.0,71.0,2.7
720,2013-01-01,[ 12:00 ],1,2180.0,7.0,71.0,2.7
721,2013-01-01,[ 12:01 ],1,2206.0,7.0,71.0,2.7
722,2013-01-01,[ 12:02 ],1,2190.0,7.0,71.0,2.7
723,2013-01-01,[ 12:03 ],1,2204.0,7.0,71.0,2.7
724,2013-01-01,[ 12:04 ],1,2069.0,7.0,71.0,2.7
725,2013-01-01,[ 12:05 ],1,604.0,7.0,71.0,2.7
726,2013-01-01,[ 12:06 ],1,597.0,7.0,71.0,2.7
727,2013-01-01,[ 12:07 ],1,698.0,7.0,71.0,2.7
728,2013-01-01,[ 12:08 ],1,685.0,7.0,71.0,2.7
729,2013-01-01,[ 12:09 ],1,683.0,7.0,71.0,2.7
730,2013-01-01,[ 12:10 ],1,680.0,7.0,71.0,2.7
731,2013-01-01,[ 12:11 ],1,2301.0,7.0,71.0,2.7
732,2013-01-01,[ 12:12 ],1,2224.0,7.0,71.0,2.7
733,2013-01-01,[ 12:13 ],1,2110.0,7.0,71.0,2.7
734,2013-01-01,[ 12:14 ],1,2115.0,7.0,71.0,2.7
735,2013-01-01,[ 12:15 ],1,679.0,7.0,71.0,2.7
736,2013-01-01,[ 12:16 ],1,676.0,7.0,71.0,2.7
737,2013-01-01,[ 12:17 ],1,672.0,7.0,71.0,2.7
738,2013-01-01,[ 12:18 ],1,663.0,7.0,71.0,2.7
739,2013-01-01,[ 12:19 ],1,601.0,7.0,71.0,2.7
740,2013-01-01,[ 12:20 ],1,602.0,7.0,71.0,2.7
741,2013-01-01,[ 12:21 ],1,600.0,7.0,71.0,2.7
742,2013-01-01,[ 12:22 ],1,598.0,7.0,71.0,2.7
743,2013-01-01,[ 12:23 ],1,602.0,7.0,71.0,2.7
744,2013-01-01,[ 12:24 ],1,2961.0,7.0,71.0,2.7
745,2013-01-01,[ 12:25 ],1,2857.0,7.0,71.0,2.7
746,2013-01-01,[ 12:26 ],1,565.0,7.0,71.0,2.7
747,2013-01-01,[ 12:27 ],1,565.0,7.0,71.0,2.7
748,2013-01-01,[ 12:28 ],1,193.0,7.0,71.0,2.7
749,2013-01-01,[ 12:29 ],1,189.0,7.0,71.0,2.7
750,2013-01-01,[ 12:30 ],1,191.0,7.0,71.0,2.7
751,2013-01-01,[ 12:31 ],1,191.0,7.0,71.0,2.7
752,2013-01-01,[ 12:32 ],1,190.0,7.0,71.0,2.7
753,2013-01-01,[ 12:33 ],1,252.0,7.0,71.0,2.7
754,2013-01-01,[ 12:34 ],1,249.0,7.0,71.0,2.7
755,2013-01-01,[ 12:35 ],1,248.0,7.0,71.0,2.7
756,2013-01-01,[ 12:36 ],1,304.0,7.0,71.0,2.7
757,2013-01-01,[ 12:37 ],1,304.0,7.0,71.0,2.7
758,2013-01-01,[ 12:38 ],1,301.0,7.0,71.0,2.7
759,2013-01-01,[ 12:39 ],1,306.0,7.0,71.0,2.7
760,2013-01-01,[ 12:40 ],1,302.0,7.0,71.0,2.7
761,2013-01-01,[ 12:41 ],1,300.0,7.0,71.0,2.7
762,2013-01-01,[ 12:42 ],1,301.0,7.0,71.0,2.7
763,2013-01-01,[ 12:43 ],1,300.0,7.0,71.0,2.7
764,2013-01-01,[ 12:44 ],1,300.0,7.0,71.0,2.7
765,2013-01-01,[ 12:45 ],1,299.0,7.0,71.0,2.7
766,2013-01-01,[ 12:46 ],1,250.0,7.0,71.0,2.7
767,2013-01-01,[ 12:47 ],1,250.0,7.0,71.0,2.7
768,2013-01-01,[ 12:48 ],1,250.0,7.0,71.0,2.7
769,2013-01-01,[ 12:49 ],1,250.0,7.0,71.0,2.7
770,2013-01-01,[ 12:50 ],1,250.0,7.0,71.0,2.7
771,2013-01-01,[ 12:51 ],1,250.0,7.0,71.0,2.7
772,2013-01-01,[ 12:52 ],1,251.0,7.0,71.0,2.7
773,2013-01-01,[ 12:53 ],1,251.0,7.0,71.0,2.7
774,2013-01-01,[ 12:54 ],1,251.0,7.0,71.0,2.7
775,2013-01-01,[ 12:55 ],1,259.0,7.0,71.0,2.7
776,2013-01-01,[ 12:56 ],1,261.0,7.0,71.0,2.7
777,2013-01-01,[ 12:57 ],1,261.0,7.0,71.0,2.7
778,2013-01-01,[ 12:58 ],1,264.0,7.0,71.0,2.7
779,2013-01-01,[ 12:59 ],1,261.0,7.0,71.0,2.7
780,2013-01-01,[ 13:00 ],1,263.0,7.0,71.0,2.7
781,2013-01-01,[ 13:01 ],1,483.0,7.033,70.833,2.7
782,2013-01-01,[ 13:02 ],1,483.0,7.067,70.667,2.7
783,2013-01-01,[ 13:03 ],1,401.0,7.1,70.5,2.7
784,2013-01-01,[ 13:04 ],1,408.0,7.133,70.333,2.7
785,2013-01-01,[ 13:05 ],1,409.0,7.167,70.167,2.7
786,2013-01-01,[ 13:06 ],1,407.0,7.2,70.0,2.7
787,2013-01-01,[ 13:07 ],1,407.0,7.233,69.833,2.7
788,2013-01-01,[ 13:08 ],1,407.0,7.267,69.667,2.7
789,2013-01-01,[ 13:09 ],1,414.0,7.3,69.5,2.7
790,2013-01-01,[ 13:10 ],1,413.0,7.333,69.333,2.7
791,2013-01-01,[ 13:11 ],1,405.0,7.367,69.167,2.7
792,2013-01-01,[ 13:12 ],1,411.0,7.4,69.0,2.7
793,2013-01-01,[ 13:13 ],1,410.0,7.433,68.833,2.7
794,2013-01-01,[ 13:14 ],1,406.0,7.467,68.667,2.7
795,2013-01-01,[ 13:15 ],1,405.0,7.5,68.5,2.7
796,2013-01-01,[ 13:16 ],1,405.0,7.533,68.333,2.7
797,2013-01-01,[ 13:17 ],1,403.0,7.567,68.167,2.7
798,2013-01-01,[ 13:18 ],1,401.0,7.6,68.0,2.7
799,2013-01-01,[ 13:19 ],1,402.0,7.633,67.833,2.7
800,2013-01-01,[ 13:20 ],1,401.0,7.667,67.667,2.7
801,2013-01-01,[ 13:21 ],1,403.0,7.7,67.5,2.7
802,2013-01-01,[ 13:22 ],1,402.0,7.733,67.333,2.7
803,2013-01-01,[ 13:23 ],1,401.0,7.767,67.167,2.7
804,2013-01-01,[ 13:24 ],1,399.0,7.8,67.0,2.7
805,2013-01-01,[ 13:25 ],1,400.0,7.833,66.833,2.7
806,2013-01-01,[ 13:26 ],1,400.0,7.867,66.667,2.7
807,2013-01-01,[ 13:27 ],1,389.0,7.9,66.5,2.7
808,2013-01-01,[ 13:28 ],1,436.0,7.933,66.333,2.7
809,2013-01-01,[ 13:29 ],1,446.0,8.0,66.0,2.7
810,2013-01-01,[ 13:30 ],1,446.0,8.0,66.0,2.7
811,2013-01-01,[ 13:31 ],1,438.0,7.967,66.0,2.7
812,2013-01-01,[ 13:32 ],1,439.0,7.933,66.0,2.7
813,2013-01-01,[ 13:33 ],1,432.0,7.9,66.0,2.7
814,2013-01-01,[ 13:34 ],1,426.0,7.867,66.0,2.7
815,2013-01-01,[ 13:35 ],1,431.0,7.833,66.0,2.7
816,2013-01-01,[ 13:36 ],1,418.0,7.8,66.0,2.7
817,2013-01-01,[ 13:37 ],1,431.0,7.767,66.0,2.7
818,2013-01-01,[ 13:38 ],1,529.0,7.733,66.0,2.7
819,2013-01-01,[ 13:39 ],1,516.0,7.7,66.0,2.7
820,2013-01-01,[ 13:40 ],1,516.0,7.667,66.0,2.7
821,2013-01-01,[ 13:41 ],1,511.0,7.633,66.0,2.7
822,2013-01-01,[ 13:42 ],1,502.0,7.6,66.0,2.7
823,2013-01-01,[ 13:43 ],1,467.0,7.567,66.0,2.7
824,2013-01-01,[ 13:44 ],1,466.0,7.533,66.0,2.7
825,2013-01-01,[ 13:45 ],1,458.0,7.5,66.0,2.7
826,2013-01-01,[ 13:46 ],1,472.0,7.467,66.0,2.7
827,2013-01-01,[ 13:47 ],1,471.0,7.433,66.0,2.7
828,2013-01-01,[ 13:48 ],1,461.0,7.4,66.0,2.7
829,2013-01-01,[ 13:49 ],1,440.0,7.367,66.0,2.7
830,2013-01-01,[ 13:50 ],1,429.0,7.333,66.0,2.7
831,2013-01-01,[ 13:51 ],1,415.0,7.3,66.0,2.7
832,2013-01-01,[ 13:52 ],1,417.0,7.267,66.0,2.7
833,2013-01-01,[ 13:53 ],1,431.0,7.233,66.0,2.7
834,2013-01-01,[ 13:54 ],1,456.0,7.2,66.0,2.7
835,2013-01-01,[ 13:55 ],1,460.0,7.167,66.0,2.7
836,2013-01-01,[ 13:56 ],1,459.0,7.133,66.0,2.7
837,2013-01-01,[ 13:57 ],1,426.0,7.1,66.0,2.7
838,2013-01-01,[ 13:58 ],1,422.0,7.067,66.0,2.7
839,2013-01-01,[ 13:59 ],1,423.0,7.0,66.0,2.7
840,2013-01-01,[ 14:00 ],1,450.0,7.0,66.0,2.7
841,2013-01-01,[ 14:01 ],1,410.0,7.033,66.0,2.7
842,2013-01-01,[ 14:02 ],1,415.0,7.067,66.0,2.7
843,2013-01-01,[ 14:03 ],1,420.0,7.1,66.0,2.7
844,2013-01-01,[ 14:04 ],1,420.0,7.133,66.0,2.7
845,2013-01-01,[ 14:05 ],1,417.0,7.167,66.0,2.7
846,2013-01-01,[ 14:06 ],1,418.0,7.2,66.0,2.7
847,2013-01-01,[ 14:07 ],1,448.0,7.233,66.0,2.7
848,2013-01-01,[ 14:08 ],1,451.0,7.267,66.0,2.7
849,2013-01-01,[ 14:09 ],1,456.0,7.3,66.0,2.7
850,2013-01-01,[ 14:10 ],1,456.0,7.333,66.0,2.7
851,2013-01-01,[ 14:11 ],1,448.0,7.367,66.0,2.7
852,2013-01-01,[ 14:12 ],1,455.0,7.4,66.0,2.7
853,2013-01-01,[ 14:13 ],1,455.0,7.433,66.0,2.7
854,2013-01-01,[ 14:14 ],1,461.0,7.467,66.0,2.7
855,2013-01-01,[ 14:15 ],1,457.0,7.5,66.0,2.7
856,2013-01-01,[ 14:16 ],1,451.0,7.533,66.0,2.7
857,2013-01-01,[ 14:17 ],1,462.0,7.567,66.0,2.7
858,2013-01-01,[ 14:18 ],1,460.0,7.6,66.0,2.7
859,2013-01-01,[ 14:19 ],1,458.0,7.633,66.0,2.7
860,2013-01-01,[ 14:20 ],1,439.0,7.667,66.0,2.7
861,2013-01-01,[ 14:21 ],1,440.0,7.7,66.0,2.7
862,2013-01-01,[ 14:22 ],1,447.0,7.733,66.0,2.7
863,2013-01-01,[ 14:23 ],1,438.0,7.767,66.0,2.7
864,2013-01-01,[ 14:24 ],1,401.0,7.8,66.0,2.7
865,2013-01-01,[ 14:25 ],1,459.0,7.833,66.0,2.7
866,2013-01-01,[ 14:26 ],1,448.0,7.867,66.0,2.7
867,2013-01-01,[ 14:27 ],1,449.0,7.9,66.0,2.7
868,2013-01-01,[ 14:28 ],1,2114.0,7.933,66.0,2.7
869,2013-01-01,[ 14:29 ],1,2161.0,8.0,66.0,2.7
870,2013-01-01,[ 14:30 ],1,2168.0,8.0,66.0,2.7
871,2013-01-01,[ 14:31 ],1,2168.0,7.967,66.0,2.7
872,2013-01-01,[ 14:32 ],1,263.0,7.933,66.0,2.7
873,2013-01-01,[ 14:33 ],1,682.0,7.9,66.0,2.7
874,2013-01-01,[ 14:34 ],1,733.0,7.867,66.0,2.7
875,2013-01-01,[ 14:35 ],1,748.0,7.833,66.0,2.7
876,2013-01-01,[ 14:36 ],1,741.0,7.8,66.0,2.7
877,2013-01-01,[ 14:37 ],1,743.0,7.767,66.0,2.7
878,2013-01-01,[ 14:38 ],1,741.0,7.733,66.0,2.7
879,2013-01-01,[ 14:39 ],1,737.0,7.7,66.0,2.7
880,2013-01-01,[ 14:40 ],1,735.0,7.667,66.0,2.7
881,2013-01-01,[ 14:41 ],1,743.0,7.633,66.0,2.7
882,2013-01-01,[ 14:42 ],1,734.0,7.6,66.0,2.7
883,2013-01-01,[ 14:43 ],1,740.0,7.567,66.0,2.7
884,2013-01-01,[ 14:44 ],1,738.0,7.533,66.0,2.7
885,2013-01-01,[ 14:45 ],1,735.0,7.5,66.0,2.7
886,2013-01-01,[ 14:46 ],1,736.0,7.467,66.0,2.7
887,2013-01-01,[ 14:47 ],1,741.0,7.433,66.0,2.7
888,2013-01-01,[ 14:48 ],1,732.0,7.4,66.0,2.7
889,2013-01-01,[ 14:49 ],1,690.0,7.367,66.0,2.7
890,2013-01-01,[ 14:50 ],1,700.0,7.333,66.0,2.7
891,2013-01-01,[ 14:51 ],1,685.0,7.3,66.0,2.7
892,2013-01-01,[ 14:52 ],1,681.0,7.267,66.0,2.7
893,2013-01-01,[ 14:53 ],1,691.0,7.233,66.0,2.7
894,2013-01-01,[ 14:54 ],1,695.0,7.2,66.0,2.7
895,2013-01-01,[ 14:55 ],1,684.0,7.167,66.0,2.7
896,2013-01-01,[ 14:56 ],1,692.0,7.133,66.0,2.7
897,2013-01-01,[ 14:57 ],1,683.0,7.1,66.0,2.7
898,2013-01-01,[ 14:58 ],1,3032.0,7.067,66.0,2.7
899,2013-01-01,[ 14:59 ],1,2869.0,7.0,66.0,2.7
900,2013-01-01,[ 15:00 ],1,2869.0,7.0,66.0,2.7
901,2013-01-01,[ 15:01 ],1,610.0,7.0,66.0,2.7
902,2013-01-01,[ 15:02 ],1,621.0,7.0,66.0,2.7
903,2013-01-01,[ 15:03 ],1,608.0,7.0,66.0,2.7
904,2013-01-01,[ 15:04 ],1,616.0,7.0,66.0,2.7
905,2013-01-01,[ 15:05 ],1,605.0,7.0,66.0,2.7
906,2013-01-01,[ 15:06 ],1,342.0,7.0,66.0,2.7
907,2013-01-01,[ 15:07 ],1,342.0,7.0,66.0,2.7
908,2013-01-01,[ 15:08 ],1,334.0,7.0,66.0,2.7
909,2013-01-01,[ 15:09 ],1,278.0,7.0,66.0,2.7
910,2013-01-01,[ 15:10 ],1,272.0,7.0,66.0,2.7
911,2013-01-01,[ 15:11 ],1,273.0,7.0,66.0,2.7
912,2013-01-01,[ 15:12 ],1,216.0,7.0,66.0,2.7
913,2013-01-01,[ 15:13 ],1,212.0,7.0,66.0,2.7
914,2013-01-01,[ 15:14 ],1,213.0,7.0,66.0,2.7
915,2013-01-01,[ 15:15 ],1,512.0,7.0,66.0,2.7
916,2013-01-01,[ 15:16 ],1,578.0,7.0,66.0,2.7
917,2013-01-01,[ 15:17 ],1,581.0,7.0,66.0,2.7
918,2013-01-01,[ 15:18 ],1,216.0,7.0,66.0,2.7
919,2013-01-01,[ 15:19 ],1,213.0,7.0,66.0,2.7
920,2013-01-01,[ 15:20 ],1,214.0,7.0,66.0,2.7
921,2013-01-01,[ 15:21 ],1,213.0,7.0,66.0,2.7
922,2013-01-01,[ 15:22 ],1,212.0,7.0,66.0,2.7
923,2013-01-01,[ 15:23 ],1,215.0,7.0,66.0,2.7
924,2013-01-01,[ 15:24 ],1,211.0,7.0,66.0,2.7
925,2013-01-01,[ 15:25 ],1,212.0,7.0,66.0,2.7
926,2013-01-01,[ 15:26 ],1,213.0,7.0,66.0,2.7
927,2013-01-01,[ 15:27 ],1,213.0,7.0,66.0,2.7
928,2013-01-01,[ 15:28 ],1,213.0,7.0,66.0,2.7
929,2013-01-01,[ 15:29 ],1,211.0,7.0,66.0,2.7
930,2013-01-01,[ 15:30 ],1,213.0,7.0,66.0,2.7
931,2013-01-01,[ 15:31 ],1,213.0,7.0,66.0,2.7
932,2013-01-01,[ 15:32 ],1,215.0,7.0,66.0,2.7
933,2013-01-01,[ 15:33 ],1,215.0,7.0,66.0,2.7
934,2013-01-01,[ 15:34 ],1,213.0,7.0,66.0,2.7
935,2013-01-01,[ 15:35 ],1,212.0,7.0,66.0,2.7
936,2013-01-01,[ 15:36 ],1,211.0,7.0,66.0,2.7
937,2013-01-01,[ 15:37 ],1,210.0,7.0,66.0,2.7
938,2013-01-01,[ 15:38 ],1,211.0,7.0,66.0,2.7
939,2013-01-01,[ 15:39 ],1,211.0,7.0,66.0,2.7
940,2013-01-01,[ 15:40 ],1,211.0,7.0,66.0,2.7
941,2013-01-01,[ 15:41 ],1,210.0,7.0,66.0,2.7
942,2013-01-01,[ 15:42 ],1,212.0,7.0,66.0,2.7
943,2013-01-01,[ 15:43 ],1,211.0,7.0,66.0,2.7
944,2013-01-01,[ 15:44 ],1,214.0,7.0,66.0,2.7
945,2013-01-01,[ 15:45 ],1,210.0,7.0,66.0,2.7
946,2013-01-01,[ 15:46 ],1,211.0,7.0,66.0,2.7
947,2013-01-01,[ 15:47 ],1,213.0,7.0,66.0,2.7
948,2013-01-01,[ 15:48 ],1,213.0,7.0,66.0,2.7
949,2013-01-01,[ 15:49 ],1,217.0,7.0,66.0,2.7
950,2013-01-01,[ 15:50 ],1,217.0,7.0,66.0,2.7
951,2013-01-01,[ 15:51 ],1,212.0,7.0,66.0,2.7
952,2013-01-01,[ 15:52 ],1,212.0,7.0,66.0,2.7
953,2013-01-01,[ 15:53 ],1,213.0,7.0,66.0,2.7
954,2013-01-01,[ 15:54 ],1,285.0,7.0,66.0,2.7
955,2013-01-01,[ 15:55 ],1,278.0,7.0,66.0,2.7
956,2013-01-01,[ 15:56 ],1,274.0,7.0,66.0,2.7
957,2013-01-01,[ 15:57 ],1,277.0,7.0,66.0,2.7
958,2013-01-01,[ 15:58 ],1,274.0,7.0,66.0,2.7
959,2013-01-01,[ 15:59 ],1,273.0,7.0,66.0,2.7
960,2013-01-01,[ 16:00 ],1,273.0,7.0,66.0,2.7
961,2013-01-01,[ 16:01 ],1,271.0,6.967,66.133,2.7
962,2013-01-01,[ 16:02 ],1,269.0,6.933,66.267,2.7
963,2013-01-01,[ 16:03 ],1,269.0,6.9,66.4,2.7
964,2013-01-01,[ 16:04 ],1,270.0,6.867,66.533,2.7
965,2013-01-01,[ 16:05 ],1,214.0,6.833,66.667,2.7
966,2013-01-01,[ 16:06 ],1,214.0,6.8,66.8,2.7
967,2013-01-01,[ 16:07 ],1,218.0,6.767,66.933,2.7
968,2013-01-01,[ 16:08 ],1,235.0,6.733,67.067,2.7
969,2013-01-01,[ 16:09 ],1,231.0,6.7,67.2,2.7
970,2013-01-01,[ 16:10 ],1,230.0,6.667,67.333,2.7
971,2013-01-01,[ 16:11 ],1,228.0,6.633,67.467,2.7
972,2013-01-01,[ 16:12 ],1,226.0,6.6,67.6,2.7
973,2013-01-01,[ 16:13 ],1,225.0,6.567,67.733,2.7
974,2013-01-01,[ 16:14 ],1,224.0,6.533,67.867,2.7
975,2013-01-01,[ 16:15 ],1,225.0,6.5,68.0,2.7
976,2013-01-01,[ 16:16 ],1,224.0,6.467,68.133,2.7
977,2013-01-01,[ 16:17 ],1,223.0,6.433,68.267,2.7
978,2013-01-01,[ 16:18 ],1,223.0,6.4,68.4,2.7
979,2013-01-01,[ 16:19 ],1,220.0,6.367,68.533,2.7
980,2013-01-01,[ 16:20 ],1,220.0,6.333,68.667,2.7
981,2013-01-01,[ 16:21 ],1,218.0,6.3,68.8,2.7
982,2013-01-01,[ 16:22 ],1,219.0,6.267,68.933,2.7
983,2013-01-01,[ 16:23 ],1,218.0,6.233,69.067,2.7
984,2013-01-01,[ 16:24 ],1,218.0,6.2,69.2,2.7
985,2013-01-01,[ 16:25 ],1,218.0,6.167,69.333,2.7
986,2013-01-01,[ 16:26 ],1,220.0,6.133,69.467,2.7
987,2013-01-01,[ 16:27 ],1,218.0,6.1,69.6,2.7
988,2013-01-01,[ 16:28 ],1,218.0,6.067,69.733,2.7
989,2013-01-01,[ 16:29 ],1,217.0,6.0,70.0,2.7
990,2013-01-01,[ 16:30 ],1,218.0,6.0,70.0,2.7
991,2013-01-01,[ 16:31 ],1,218.0,6.0,70.2,2.7
992,2013-01-01,[ 16:32 ],1,218.0,6.0,70.4,2.7
993,2013-01-01,[ 16:33 ],1,294.0,6.0,70.6,2.7
994,2013-01-01,[ 16:34 ],1,274.0,6.0,70.8,2.7
995,2013-01-01,[ 16:35 ],1,281.0,6.0,71.0,2.7
996,2013-01-01,[ 16:36 ],1,277.0,6.0,71.2,2.7
997,2013-01-01,[ 16:37 ],1,272.0,6.0,71.4,2.7
998,2013-01-01,[ 16:38 ],1,267.0,6.0,71.6,2.7
999,2013-01-01,[ 16:39 ],1,259.0,6.0,71.8,2.7
1000,2013-01-01,[ 16:40 ],1,255.0,6.0,72.0,2.7
1001,2013-01-01,[ 16:41 ],1,283.0,6.0,72.2,2.7
1002,2013-01-01,[ 16:42 ],1,270.0,6.0,72.4,2.7
1003,2013-01-01,[ 16:43 ],1,268.0,6.0,72.6,2.7
1004,2013-01-01,[ 16:44 ],1,354.0,6.0,72.8,2.7
1005,2013-01-01,[ 16:45 ],1,347.0,6.0,73.0,2.7
1006,2013-01-01,[ 16:46 ],1,346.0,6.0,73.2,2.7
1007,2013-01-01,[ 16:47 ],1,339.0,6.0,73.4,2.7
1008,2013-01-01,[ 16:48 ],1,327.0,6.0,73.6,2.7
1009,2013-01-01,[ 16:49 ],1,328.0,6.0,73.8,2.7
1010,2013-01-01,[ 16:50 ],1,352.0,6.0,74.0,2.7
1011,2013-01-01,[ 16:51 ],1,344.0,6.0,74.2,2.7
1012,2013-01-01,[ 16:52 ],1,328.0,6.0,74.4,2.7
1013,2013-01-01,[ 16:53 ],1,346.0,6.0,74.6,2.7
1014,2013-01-01,[ 16:54 ],1,342.0,6.0,74.8,2.7
1015,2013-01-01,[ 16:55 ],1,345.0,6.0,75.0,2.7
1016,2013-01-01,[ 16:56 ],1,349.0,6.0,75.2,2.7
1017,2013-01-01,[ 16:57 ],1,337.0,6.0,75.4,2.7
1018,2013-01-01,[ 16:58 ],1,325.0,6.0,75.6,2.7
1019,2013-01-01,[ 16:59 ],1,348.0,6.0,76.0,2.7
1020,2013-01-01,[ 17:00 ],1,329.0,6.0,76.0,2.7
1021,2013-01-01,[ 17:01 ],1,322.0,6.0,75.8,2.7
1022,2013-01-01,[ 17:02 ],1,345.0,6.0,75.6,2.7
1023,2013-01-01,[ 17:03 ],1,321.0,6.0,75.4,2.7
1024,2013-01-01,[ 17:04 ],1,314.0,6.0,75.2,2.7
1025,2013-01-01,[ 17:05 ],1,313.0,6.0,75.0,2.7
1026,2013-01-01,[ 17:06 ],1,275.0,6.0,74.8,2.7
1027,2013-01-01,[ 17:07 ],1,273.0,6.0,74.6,2.7
1028,2013-01-01,[ 17:08 ],1,276.0,6.0,74.4,2.7
1029,2013-01-01,[ 17:09 ],1,275.0,6.0,74.2,2.7
1030,2013-01-01,[ 17:10 ],1,277.0,6.0,74.0,2.7
1031,2013-01-01,[ 17:11 ],1,279.0,6.0,73.8,2.7
1032,2013-01-01,[ 17:12 ],1,293.0,6.0,73.6,2.7
1033,2013-01-01,[ 17:13 ],1,708.0,6.0,73.4,2.7
1034,2013-01-01,[ 17:14 ],1,2297.0,6.0,73.2,2.7
1035,2013-01-01,[ 17:15 ],1,2287.0,6.0,73.0,2.7
1036,2013-01-01,[ 17:16 ],1,2154.0,6.0,72.8,2.7
1037,2013-01-01,[ 17:17 ],1,2148.0,6.0,72.6,2.7
1038,2013-01-01,[ 17:18 ],1,2201.0,6.0,72.4,2.7
1039,2013-01-01,[ 17:19 ],1,2182.0,6.0,72.2,2.7
1040,2013-01-01,[ 17:20 ],1,2092.0,6.0,72.0,2.7
1041,2013-01-01,[ 17:21 ],1,2063.0,6.0,71.8,2.7
1042,2013-01-01,[ 17:22 ],1,2068.0,6.0,71.6,2.7
1043,2013-01-01,[ 17:23 ],1,756.0,6.0,71.4,2.7
1044,2013-01-01,[ 17:24 ],1,746.0,6.0,71.2,2.7
1045,2013-01-01,[ 17:25 ],1,737.0,6.0,71.0,2.7
1046,2013-01-01,[ 17:26 ],1,754.0,6.0,70.8,2.7
1047,2013-01-01,[ 17:27 ],1,751.0,6.0,70.6,2.7
1048,2013-01-01,[ 17:28 ],1,695.0,6.0,70.4,2.7
1049,2013-01-01,[ 17:29 ],1,687.0,6.0,70.0,2.7
1050,2013-01-01,[ 17:30 ],1,674.0,6.0,70.0,2.7
1051,2013-01-01,[ 17:31 ],1,670.0,6.0,70.0,2.7
1052,2013-01-01,[ 17:32 ],1,685.0,6.0,70.0,2.7
1053,2013-01-01,[ 17:33 ],1,705.0,6.0,70.0,2.7
1054,2013-01-01,[ 17:34 ],1,698.0,6.0,70.0,2.7
1055,2013-01-01,[ 17:35 ],1,702.0,6.0,70.0,2.7
1056,2013-01-01,[ 17:36 ],1,697.0,6.0,70.0,2.7
1057,2013-01-01,[ 17:37 ],1,688.0,6.0,70.0,2.7
1058,2013-01-01,[ 17:38 ],1,686.0,6.0,70.0,2.7
1059,2013-01-01,[ 17:39 ],1,682.0,6.0,70.0,2.7
1060,2013-01-01,[ 17:40 ],1,668.0,6.0,70.0,2.7
1061,2013-01-01,[ 17:41 ],1,665.0,6.0,70.0,2.7
1062,2013-01-01,[ 17:42 ],1,669.0,6.0,70.0,2.7
1063,2013-01-01,[ 17:43 ],1,669.0,6.0,70.0,2.7
1064,2013-01-01,[ 17:44 ],1,668.0,6.0,70.0,2.7
1065,2013-01-01,[ 17:45 ],1,683.0,6.0,70.0,2.7
1066,2013-01-01,[ 17:46 ],1,672.0,6.0,70.0,2.7
1067,2013-01-01,[ 17:47 ],1,671.0,6.0,70.0,2.7
1068,2013-01-01,[ 17:48 ],1,669.0,6.0,70.0,2.7
1069,2013-01-01,[ 17:49 ],1,670.0,6.0,70.0,2.7
1070,2013-01-01,[ 17:50 ],1,917.0,6.0,70.0,2.7
1071,2013-01-01,[ 17:51 ],1,746.0,6.0,70.0,2.7
1072,2013-01-01,[ 17:52 ],1,749.0,6.0,70.0,2.7
1073,2013-01-01,[ 17:53 ],1,747.0,6.0,70.0,2.7
1074,2013-01-01,[ 17:54 ],1,761.0,6.0,70.0,2.7
1075,2013-01-01,[ 17:55 ],1,757.0,6.0,70.0,2.7
1076,2013-01-01,[ 17:56 ],1,747.0,6.0,70.0,2.7
1077,2013-01-01,[ 17:57 ],1,747.0,6.0,70.0,2.7
1078,2013-01-01,[ 17:58 ],1,747.0,6.0,70.0,2.7
1079,2013-01-01,[ 17:59 ],1,743.0,6.0,70.0,2.7
1080,2013-01-01,[ 18:00 ],1,742.0,6.0,70.0,2.7
1081,2013-01-01,[ 18:01 ],1,733.0,6.0,70.0,2.7
1082,2013-01-01,[ 18:02 ],1,744.0,6.0,70.0,2.7
1083,2013-01-01,[ 18:03 ],1,745.0,6.0,70.0,2.7
1084,2013-01-01,[ 18:04 ],1,772.0,6.0,70.0,2.7
1085,2013-01-01,[ 18:05 ],1,785.0,6.0,70.0,2.7
1086,2013-01-01,[ 18:06 ],1,764.0,6.0,70.0,2.7
1087,2013-01-01,[ 18:07 ],1,482.0,6.0,70.0,2.7
1088,2013-01-01,[ 18:08 ],1,489.0,6.0,70.0,2.7
1089,2013-01-01,[ 18:09 ],1,484.0,6.0,70.0,2.7
1090,2013-01-01,[ 18:10 ],1,464.0,6.0,70.0,2.7
1091,2013-01-01,[ 18:11 ],1,460.0,6.0,70.0,2.7
1092,2013-01-01,[ 18:12 ],1,462.0,6.0,70.0,2.7
1093,2013-01-01,[ 18:13 ],1,463.0,6.0,70.0,2.7
1094,2013-01-01,[ 18:14 ],1,465.0,6.0,70.0,2.7
1095,2013-01-01,[ 18:15 ],1,510.0,6.0,70.0,2.7
1096,2013-01-01,[ 18:16 ],1,499.0,6.0,70.0,2.7
1097,2013-01-01,[ 18:17 ],1,502.0,6.0,70.0,2.7
1098,2013-01-01,[ 18:18 ],1,523.0,6.0,70.0,2.7
1099,2013-01-01,[ 18:19 ],1,524.0,6.0,70.0,2.7
1100,2013-01-01,[ 18:20 ],1,515.0,6.0,70.0,2.7
1101,2013-01-01,[ 18:21 ],1,514.0,6.0,70.0,2.7
1102,2013-01-01,[ 18:22 ],1,981.0,6.0,70.0,2.7
1103,2013-01-01,[ 18:23 ],1,996.0,6.0,70.0,2.7
1104,2013-01-01,[ 18:24 ],1,975.0,6.0,70.0,2.7
1105,2013-01-01,[ 18:25 ],1,983.0,6.0,70.0,2.7
1106,2013-01-01,[ 18:26 ],1,778.0,6.0,70.0,2.7
1107,2013-01-01,[ 18:27 ],1,769.0,6.0,70.0,2.7
1108,2013-01-01,[ 18:28 ],1,684.0,6.0,70.0,2.7
1109,2013-01-01,[ 18:29 ],1,725.0,6.0,70.0,2.7
1110,2013-01-01,[ 18:30 ],1,727.0,6.0,70.0,2.7
1111,2013-01-01,[ 18:31 ],1,722.0,6.0,70.0,2.7
1112,2013-01-01,[ 18:32 ],1,722.0,6.0,70.0,2.7
1113,2013-01-01,[ 18:33 ],1,709.0,6.0,70.0,2.7
1114,2013-01-01,[ 18:34 ],1,711.0,6.0,70.0,2.7
1115,2013-01-01,[ 18:35 ],1,734.0,6.0,70.0,2.7
1116,2013-01-01,[ 18:36 ],1,2184.0,6.0,70.0,2.7
1117,2013-01-01,[ 18:37 ],1,726.0,6.0,70.0,2.7
1118,2013-01-01,[ 18:38 ],1,515.0,6.0,70.0,2.7
1119,2013-01-01,[ 18:39 ],1,496.0,6.0,70.0,2.7
1120,2013-01-01,[ 18:40 ],1,630.0,6.0,70.0,2.7
1121,2013-01-01,[ 18:41 ],1,2121.0,6.0,70.0,2.7
1122,2013-01-01,[ 18:42 ],1,645.0,6.0,70.0,2.7
1123,2013-01-01,[ 18:43 ],1,635.0,6.0,70.0,2.7
1124,2013-01-01,[ 18:44 ],1,504.0,6.0,70.0,2.7
1125,2013-01-01,[ 18:45 ],1,502.0,6.0,70.0,2.7
1126,2013-01-01,[ 18:46 ],1,518.0,6.0,70.0,2.7
1127,2013-01-01,[ 18:47 ],1,527.0,6.0,70.0,2.7
1128,2013-01-01,[ 18:48 ],1,503.0,6.0,70.0,2.7
1129,2013-01-01,[ 18:49 ],1,514.0,6.0,70.0,2.7
1130,2013-01-01,[ 18:50 ],1,514.0,6.0,70.0,2.7
1131,2013-01-01,[ 18:51 ],1,496.0,6.0,70.0,2.7
1132,2013-01-01,[ 18:52 ],1,493.0,6.0,70.0,2.7
1133,2013-01-01,[ 18:53 ],1,493.0,6.0,70.0,2.7
1134,2013-01-01,[ 18:54 ],1,522.0,6.0,70.0,2.7
1135,2013-01-01,[ 18:55 ],1,547.0,6.0,70.0,2.7
1136,2013-01-01,[ 18:56 ],1,528.0,6.0,70.0,2.7
1137,2013-01-01,[ 18:57 ],1,515.0,6.0,70.0,2.7
1138,2013-01-01,[ 18:58 ],1,515.0,6.0,70.0,2.7
1139,2013-01-01,[ 18:59 ],1,538.0,6.0,70.0,2.7
1140,2013-01-01,[ 19:00 ],1,692.0,6.0,70.0,2.7
1141,2013-01-01,[ 19:01 ],1,768.0,6.0,70.2,2.7
1142,2013-01-01,[ 19:02 ],1,768.0,6.0,70.4,2.7
1143,2013-01-01,[ 19:03 ],1,676.0,6.0,70.6,2.7
1144,2013-01-01,[ 19:04 ],1,675.0,6.0,70.8,2.7
1145,2013-01-01,[ 19:05 ],1,647.0,6.0,71.0,2.7
1146,2013-01-01,[ 19:06 ],1,641.0,6.0,71.2,2.7
1147,2013-01-01,[ 19:07 ],1,649.0,6.0,71.4,2.7
1148,2013-01-01,[ 19:08 ],1,646.0,6.0,71.6,2.7
1149,2013-01-01,[ 19:09 ],1,644.0,6.0,71.8,2.7
1150,2013-01-01,[ 19:10 ],1,646.0,6.0,72.0,2.7
1151,2013-01-01,[ 19:11 ],1,646.0,6.0,72.2,2.7
1152,2013-01-01,[ 19:12 ],1,646.0,6.0,72.4,2.7
1153,2013-01-01,[ 19:13 ],1,573.0,6.0,72.6,2.7
1154,2013-01-01,[ 19:14 ],1,581.0,6.0,72.8,2.7
1155,2013-01-01,[ 19:15 ],1,576.0,6.0,73.0,2.7
1156,2013-01-01,[ 19:16 ],1,574.0,6.0,73.2,2.7
1157,2013-01-01,[ 19:17 ],1,569.0,6.0,73.4,2.7
1158,2013-01-01,[ 19:18 ],1,582.0,6.0,73.6,2.7
1159,2013-01-01,[ 19:19 ],1,587.0,6.0,73.8,2.7
1160,2013-01-01,[ 19:20 ],1,587.0,6.0,74.0,2.7
1161,2013-01-01,[ 19:21 ],1,583.0,6.0,74.2,2.7
1162,2013-01-01,[ 19:22 ],1,585.0,6.0,74.4,2.7
1163,2013-01-01,[ 19:23 ],1,585.0,6.0,74.6,2.7
1164,2013-01-01,[ 19:24 ],1,595.0,6.0,74.8,2.7
1165,2013-01-01,[ 19:25 ],1,564.0,6.0,75.0,2.7
1166,2013-01-01,[ 19:26 ],1,566.0,6.0,75.2,2.7
1167,2013-01-01,[ 19:27 ],1,533.0,6.0,75.4,2.7
1168,2013-01-01,[ 19:28 ],1,555.0,6.0,75.6,2.7
1169,2013-01-01,[ 19:29 ],1,555.0,6.0,76.0,2.7
1170,2013-01-01,[ 19:30 ],1,516.0,6.0,76.0,2.7
1171,2013-01-01,[ 19:31 ],1,623.0,6.0,76.0,2.7
1172,2013-01-01,[ 19:32 ],1,639.0,6.0,76.0,2.7
1173,2013-01-01,[ 19:33 ],1,636.0,6.0,76.0,2.7
1174,2013-01-01,[ 19:34 ],1,712.0,6.0,76.0,2.7
1175,2013-01-01,[ 19:35 ],1,2945.0,6.0,76.0,2.7
1176,2013-01-01,[ 19:36 ],1,2931.0,6.0,76.0,2.7
1177,2013-01-01,[ 19:37 ],1,2981.0,6.0,76.0,2.7
1178,2013-01-01,[ 19:38 ],1,2927.0,6.0,76.0,2.7
1179,2013-01-01,[ 19:39 ],1,726.0,6.0,76.0,2.7
1180,2013-01-01,[ 19:40 ],1,726.0,6.0,76.0,2.7
1181,2013-01-01,[ 19:41 ],1,691.0,6.0,76.0,2.7
1182,2013-01-01,[ 19:42 ],1,720.0,6.0,76.0,2.7
1183,2013-01-01,[ 19:43 ],1,703.0,6.0,76.0,2.7
1184,2013-01-01,[ 19:44 ],1,788.0,6.0,76.0,2.7
1185,2013-01-01,[ 19:45 ],1,785.0,6.0,76.0,2.7
1186,2013-01-01,[ 19:46 ],1,777.0,6.0,76.0,2.7
1187,2013-01-01,[ 19:47 ],1,775.0,6.0,76.0,2.7
1188,2013-01-01,[ 19:48 ],1,785.0,6.0,76.0,2.7
1189,2013-01-01,[ 19:49 ],1,789.0,6.0,76.0,2.7
1190,2013-01-01,[ 19:50 ],1,778.0,6.0,76.0,2.7
1191,2013-01-01,[ 19:51 ],1,784.0,6.0,76.0,2.7
1192,2013-01-01,[ 19:52 ],1,763.0,6.0,76.0,2.7
1193,2013-01-01,[ 19:53 ],1,770.0,6.0,76.0,2.7
1194,2013-01-01,[ 19:54 ],1,766.0,6.0,76.0,2.7
1195,2013-01-01,[ 19:55 ],1,766.0,6.0,76.0,2.7
1196,2013-01-01,[ 19:56 ],1,764.0,6.0,76.0,2.7
1197,2013-01-01,[ 19:57 ],1,614.0,6.0,76.0,2.7
1198,2013-01-01,[ 19:58 ],1,598.0,6.0,76.0,2.7
1199,2013-01-01,[ 19:59 ],1,569.0,6.0,76.0,2.7
1200,2013-01-01,[ 20:00 ],1,570.0,6.0,76.0,2.7
1201,2013-01-01,[ 20:01 ],1,551.0,6.0,76.0,2.7
1202,2013-01-01,[ 20:02 ],1,540.0,6.0,76.0,2.7
1203,2013-01-01,[ 20:03 ],1,728.0,6.0,76.0,2.7
1204,2013-01-01,[ 20:04 ],1,729.0,6.0,76.0,2.7
1205,2013-01-01,[ 20:05 ],1,722.0,6.0,76.0,2.7
1206,2013-01-01,[ 20:06 ],1,705.0,6.0,76.0,2.7
1207,2013-01-01,[ 20:07 ],1,571.0,6.0,76.0,2.7
1208,2013-01-01,[ 20:08 ],1,622.0,6.0,76.0,2.7
1209,2013-01-01,[ 20:09 ],1,618.0,6.0,76.0,2.7
1210,2013-01-01,[ 20:10 ],1,625.0,6.0,76.0,2.7
1211,2013-01-01,[ 20:11 ],1,621.0,6.0,76.0,2.7
1212,2013-01-01,[ 20:12 ],1,617.0,6.0,76.0,2.7
1213,2013-01-01,[ 20:13 ],1,631.0,6.0,76.0,2.7
1214,2013-01-01,[ 20:14 ],1,628.0,6.0,76.0,2.7
1215,2013-01-01,[ 20:15 ],1,622.0,6.0,76.0,2.7
1216,2013-01-01,[ 20:16 ],1,617.0,6.0,76.0,2.7
1217,2013-01-01,[ 20:17 ],1,611.0,6.0,76.0,2.7
1218,2013-01-01,[ 20:18 ],1,613.0,6.0,76.0,2.7
1219,2013-01-01,[ 20:19 ],1,599.0,6.0,76.0,2.7
1220,2013-01-01,[ 20:20 ],1,596.0,6.0,76.0,2.7
1221,2013-01-01,[ 20:21 ],1,595.0,6.0,76.0,2.7
1222,2013-01-01,[ 20:22 ],1,601.0,6.0,76.0,2.7
1223,2013-01-01,[ 20:23 ],1,614.0,6.0,76.0,2.7
1224,2013-01-01,[ 20:24 ],1,611.0,6.0,76.0,2.7
1225,2013-01-01,[ 20:25 ],1,611.0,6.0,76.0,2.7
1226,2013-01-01,[ 20:26 ],1,627.0,6.0,76.0,2.7
1227,2013-01-01,[ 20:27 ],1,612.0,6.0,76.0,2.7
1228,2013-01-01,[ 20:28 ],1,606.0,6.0,76.0,2.7
1229,2013-01-01,[ 20:29 ],1,593.0,6.0,76.0,2.7
1230,2013-01-01,[ 20:30 ],1,531.0,6.0,76.0,2.7
1231,2013-01-01,[ 20:31 ],1,532.0,6.0,76.0,2.7
1232,2013-01-01,[ 20:32 ],1,547.0,6.0,76.0,2.7
1233,2013-01-01,[ 20:33 ],1,537.0,6.0,76.0,2.7
1234,2013-01-01,[ 20:34 ],1,533.0,6.0,76.0,2.7
1235,2013-01-01,[ 20:35 ],1,540.0,6.0,76.0,2.7
1236,2013-01-01,[ 20:36 ],1,546.0,6.0,76.0,2.7
1237,2013-01-01,[ 20:37 ],1,533.0,6.0,76.0,2.7
1238,2013-01-01,[ 20:38 ],1,524.0,6.0,76.0,2.7
1239,2013-01-01,[ 20:39 ],1,529.0,6.0,76.0,2.7
1240,2013-01-01,[ 20:40 ],1,534.0,6.0,76.0,2.7
1241,2013-01-01,[ 20:41 ],1,525.0,6.0,76.0,2.7
1242,2013-01-01,[ 20:42 ],1,536.0,6.0,76.0,2.7
1243,2013-01-01,[ 20:43 ],1,527.0,6.0,76.0,2.7
1244,2013-01-01,[ 20:44 ],1,529.0,6.0,76.0,2.7
1245,2013-01-01,[ 20:45 ],1,531.0,6.0,76.0,2.7
1246,2013-01-01,[ 20:46 ],1,537.0,6.0,76.0,2.7
1247,2013-01-01,[ 20:47 ],1,552.0,6.0,76.0,2.7
1248,2013-01-01,[ 20:48 ],1,538.0,6.0,76.0,2.7
1249,2013-01-01,[ 20:49 ],1,537.0,6.0,76.0,2.7
1250,2013-01-01,[ 20:50 ],1,541.0,6.0,76.0,2.7
1251,2013-01-01,[ 20:51 ],1,541.0,6.0,76.0,2.7
1252,2013-01-01,[ 20:52 ],1,532.0,6.0,76.0,2.7
1253,2013-01-01,[ 20:53 ],1,525.0,6.0,76.0,2.7
1254,2013-01-01,[ 20:54 ],1,525.0,6.0,76.0,2.7
1255,2013-01-01,[ 20:55 ],1,534.0,6.0,76.0,2.7
1256,2013-01-01,[ 20:56 ],1,521.0,6.0,76.0,2.7
1257,2013-01-01,[ 20:57 ],1,538.0,6.0,76.0,2.7
1258,2013-01-01,[ 20:58 ],1,537.0,6.0,76.0,2.7
1259,2013-01-01,[ 20:59 ],1,537.0,6.0,76.0,2.7
1260,2013-01-01,[ 21:00 ],1,536.0,6.0,76.0,2.7
1261,2013-01-01,[ 21:01 ],1,536.0,6.0,76.0,2.7
1262,2013-01-01,[ 21:02 ],1,547.0,6.0,76.0,2.7
1263,2013-01-01,[ 21:03 ],1,515.0,6.0,76.0,2.7
1264,2013-01-01,[ 21:04 ],1,504.0,6.0,76.0,2.7
1265,2013-01-01,[ 21:05 ],1,528.0,6.0,76.0,2.7
1266,2013-01-01,[ 21:06 ],1,529.0,6.0,76.0,2.7
1267,2013-01-01,[ 21:07 ],1,527.0,6.0,76.0,2.7
1268,2013-01-01,[ 21:08 ],1,603.0,6.0,76.0,2.7
1269,2013-01-01,[ 21:09 ],1,534.0,6.0,76.0,2.7
1270,2013-01-01,[ 21:10 ],1,559.0,6.0,76.0,2.7
1271,2013-01-01,[ 21:11 ],1,553.0,6.0,76.0,2.7
1272,2013-01-01,[ 21:12 ],1,531.0,6.0,76.0,2.7
1273,2013-01-01,[ 21:13 ],1,526.0,6.0,76.0,2.7
1274,2013-01-01,[ 21:14 ],1,557.0,6.0,76.0,2.7
1275,2013-01-01,[ 21:15 ],1,529.0,6.0,76.0,2.7
1276,2013-01-01,[ 21:16 ],1,535.0,6.0,76.0,2.7
1277,2013-01-01,[ 21:17 ],1,694.0,6.0,76.0,2.7
1278,2013-01-01,[ 21:18 ],1,616.0,6.0,76.0,2.7
1279,2013-01-01,[ 21:19 ],1,618.0,6.0,76.0,2.7
1280,2013-01-01,[ 21:20 ],1,606.0,6.0,76.0,2.7
1281,2013-01-01,[ 21:21 ],1,609.0,6.0,76.0,2.7
1282,2013-01-01,[ 21:22 ],1,455.0,6.0,76.0,2.7
1283,2013-01-01,[ 21:23 ],1,446.0,6.0,76.0,2.7
1284,2013-01-01,[ 21:24 ],1,445.0,6.0,76.0,2.7
1285,2013-01-01,[ 21:25 ],1,437.0,6.0,76.0,2.7
1286,2013-01-01,[ 21:26 ],1,439.0,6.0,76.0,2.7
1287,2013-01-01,[ 21:27 ],1,438.0,6.0,76.0,2.7
1288,2013-01-01,[ 21:28 ],1,484.0,6.0,76.0,2.7
1289,2013-01-01,[ 21:29 ],1,478.0,6.0,76.0,2.7
1290,2013-01-01,[ 21:30 ],1,438.0,6.0,76.0,2.7
1291,2013-01-01,[ 21:31 ],1,444.0,6.0,76.0,2.7
1292,2013-01-01,[ 21:32 ],1,440.0,6.0,76.0,2.7
1293,2013-01-01,[ 21:33 ],1,463.0,6.0,76.0,2.7
1294,2013-01-01,[ 21:34 ],1,466.0,6.0,76.0,2.7
1295,2013-01-01,[ 21:35 ],1,469.0,6.0,76.0,2.7
1296,2013-01-01,[ 21:36 ],1,456.0,6.0,76.0,2.7
1297,2013-01-01,[ 21:37 ],1,464.0,6.0,76.0,2.7
1298,2013-01-01,[ 21:38 ],1,605.0,6.0,76.0,2.7
1299,2013-01-01,[ 21:39 ],1,2122.0,6.0,76.0,2.7
1300,2013-01-01,[ 21:40 ],1,2068.0,6.0,76.0,2.7
1301,2013-01-01,[ 21:41 ],1,450.0,6.0,76.0,2.7
1302,2013-01-01,[ 21:42 ],1,544.0,6.0,76.0,2.7
1303,2013-01-01,[ 21:43 ],1,543.0,6.0,76.0,2.7
1304,2013-01-01,[ 21:44 ],1,540.0,6.0,76.0,2.7
1305,2013-01-01,[ 21:45 ],1,545.0,6.0,76.0,2.7
1306,2013-01-01,[ 21:46 ],1,521.0,6.0,76.0,2.7
1307,2013-01-01,[ 21:47 ],1,546.0,6.0,76.0,2.7
1308,2013-01-01,[ 21:48 ],1,546.0,6.0,76.0,2.7
1309,2013-01-01,[ 21:49 ],1,542.0,6.0,76.0,2.7
1310,2013-01-01,[ 21:50 ],1,518.0,6.0,76.0,2.7
1311,2013-01-01,[ 21:51 ],1,521.0,6.0,76.0,2.7
1312,2013-01-01,[ 21:52 ],1,536.0,6.0,76.0,2.7
1313,2013-01-01,[ 21:53 ],1,541.0,6.0,76.0,2.7
1314,2013-01-01,[ 21:54 ],1,522.0,6.0,76.0,2.7
1315,2013-01-01,[ 21:55 ],1,506.0,6.0,76.0,2.7
1316,2013-01-01,[ 21:56 ],1,506.0,6.0,76.0,2.7
1317,2013-01-01,[ 21:57 ],1,508.0,6.0,76.0,2.7
1318,2013-01-01,[ 21:58 ],1,509.0,6.0,76.0,2.7
1319,2013-01-01,[ 21:59 ],1,512.0,6.0,76.0,2.7
1320,2013-01-01,[ 22:00 ],1,512.0,6.0,76.0,2.7
1321,2013-01-01,[ 22:01 ],1,516.0,5.967,76.167,2.7
1322,2013-01-01,[ 22:02 ],1,519.0,5.933,76.333,2.7
1323,2013-01-01,[ 22:03 ],1,524.0,5.9,76.5,2.7
1324,2013-01-01,[ 22:04 ],1,537.0,5.867,76.667,2.7
1325,2013-01-01,[ 22:05 ],1,540.0,5.833,76.833,2.7
1326,2013-01-01,[ 22:06 ],1,542.0,5.8,77.0,2.7
1327,2013-01-01,[ 22:07 ],1,537.0,5.767,77.167,2.7
1328,2013-01-01,[ 22:08 ],1,513.0,5.733,77.333,2.7
1329,2013-01-01,[ 22:09 ],1,535.0,5.7,77.5,2.7
1330,2013-01-01,[ 22:10 ],1,541.0,5.667,77.667,2.7
1331,2013-01-01,[ 22:11 ],1,543.0,5.633,77.833,2.7
1332,2013-01-01,[ 22:12 ],1,543.0,5.6,78.0,2.7
1333,2013-01-01,[ 22:13 ],1,537.0,5.567,78.167,2.7
1334,2013-01-01,[ 22:14 ],1,540.0,5.533,78.333,2.7
1335,2013-01-01,[ 22:15 ],1,504.0,5.5,78.5,2.7
1336,2013-01-01,[ 22:16 ],1,504.0,5.467,78.667,2.7
1337,2013-01-01,[ 22:17 ],1,502.0,5.433,78.833,2.7
1338,2013-01-01,[ 22:18 ],1,465.0,5.4,79.0,2.7
1339,2013-01-01,[ 22:19 ],1,466.0,5.367,79.167,2.7
1340,2013-01-01,[ 22:20 ],1,466.0,5.333,79.333,2.7
1341,2013-01-01,[ 22:21 ],1,449.0,5.3,79.5,2.7
1342,2013-01-01,[ 22:22 ],1,460.0,5.267,79.667,2.7
1343,2013-01-01,[ 22:23 ],1,464.0,5.233,79.833,2.7
1344,2013-01-01,[ 22:24 ],1,464.0,5.2,80.0,2.7
1345,2013-01-01,[ 22:25 ],1,447.0,5.167,80.167,2.7
1346,2013-01-01,[ 22:26 ],1,449.0,5.133,80.333,2.7
1347,2013-01-01,[ 22:27 ],1,450.0,5.1,80.5,2.7
1348,2013-01-01,[ 22:28 ],1,447.0,5.067,80.667,2.7
1349,2013-01-01,[ 22:29 ],1,437.0,5.0,81.0,2.7
1350,2013-01-01,[ 22:30 ],1,451.0,5.0,81.0,2.7
1351,2013-01-01,[ 22:31 ],1,440.0,5.0,81.0,2.7
1352,2013-01-01,[ 22:32 ],1,455.0,5.0,81.0,2.7
1353,2013-01-01,[ 22:33 ],1,455.0,5.0,81.0,2.7
1354,2013-01-01,[ 22:34 ],1,441.0,5.0,81.0,2.7
1355,2013-01-01,[ 22:35 ],1,460.0,5.0,81.0,2.7
1356,2013-01-01,[ 22:36 ],1,460.0,5.0,81.0,2.7
1357,2013-01-01,[ 22:37 ],1,447.0,5.0,81.0,2.7
1358,2013-01-01,[ 22:38 ],1,447.0,5.0,81.0,2.7
1359,2013-01-01,[ 22:39 ],1,442.0,5.0,81.0,2.7
1360,2013-01-01,[ 22:40 ],1,437.0,5.0,81.0,2.7
1361,2013-01-01,[ 22:41 ],1,432.0,5.0,81.0,2.7
1362,2013-01-01,[ 22:42 ],1,430.0,5.0,81.0,2.7
1363,2013-01-01,[ 22:43 ],1,428.0,5.0,81.0,2.7
1364,2013-01-01,[ 22:44 ],1,425.0,5.0,81.0,2.7
1365,2013-01-01,[ 22:45 ],1,425.0,5.0,81.0,2.7
1366,2013-01-01,[ 22:46 ],1,423.0,5.0,81.0,2.7
1367,2013-01-01,[ 22:47 ],1,424.0,5.0,81.0,2.7
1368,2013-01-01,[ 22:48 ],1,429.0,5.0,81.0,2.7
1369,2013-01-01,[ 22:49 ],1,430.0,5.0,81.0,2.7
1370,2013-01-01,[ 22:50 ],1,432.0,5.0,81.0,2.7
1371,2013-01-01,[ 22:51 ],1,432.0,5.0,81.0,2.7
1372,2013-01-01,[ 22:52 ],1,486.0,5.0,81.0,2.7
1373,2013-01-01,[ 22:53 ],1,504.0,5.0,81.0,2.7
1374,2013-01-01,[ 22:54 ],1,504.0,5.0,81.0,2.7
1375,2013-01-01,[ 22:55 ],1,504.0,5.0,81.0,2.7
1376,2013-01-01,[ 22:56 ],1,492.0,5.0,81.0,2.7
1377,2013-01-01,[ 22:57 ],1,508.0,5.0,81.0,2.7
1378,2013-01-01,[ 22:58 ],1,515.0,5.0,81.0,2.7
1379,2013-01-01,[ 22:59 ],1,505.0,5.0,81.0,2.7
1380,2013-01-01,[ 23:00 ],1,498.0,5.0,81.0,2.7
1381,2013-01-01,[ 23:01 ],1,503.0,5.0,81.0,2.7
1382,2013-01-01,[ 23:02 ],1,495.0,5.0,81.0,2.7
1383,2013-01-01,[ 23:03 ],1,494.0,5.0,81.0,2.7
1384,2013-01-01,[ 23:04 ],1,457.0,5.0,81.0,2.7
1385,2013-01-01,[ 23:05 ],1,568.0,5.0,81.0,2.7
1386,2013-01-01,[ 23:06 ],1,364.0,5.0,81.0,2.7
1387,2013-01-01,[ 23:07 ],1,369.0,5.0,81.0,2.7
1388,2013-01-01,[ 23:08 ],1,356.0,5.0,81.0,2.7
1389,2013-01-01,[ 23:09 ],1,365.0,5.0,81.0,2.7
1390,2013-01-01,[ 23:10 ],1,375.0,5.0,81.0,2.7
1391,2013-01-01,[ 23:11 ],1,572.0,5.0,81.0,2.7
1392,2013-01-01,[ 23:12 ],1,572.0,5.0,81.0,2.7
1393,2013-01-01,[ 23:13 ],1,562.0,5.0,81.0,2.7
1394,2013-01-01,[ 23:14 ],1,192.0,5.0,81.0,2.7
1395,2013-01-01,[ 23:15 ],1,191.0,5.0,81.0,2.7
1396,2013-01-01,[ 23:16 ],1,191.0,5.0,81.0,2.7
1397,2013-01-01,[ 23:17 ],1,190.0,5.0,81.0,2.7
1398,2013-01-01,[ 23:18 ],1,191.0,5.0,81.0,2.7
1399,2013-01-01,[ 23:19 ],1,193.0,5.0,81.0,2.7
1400,2013-01-01,[ 23:20 ],1,406.0,5.0,81.0,2.7
1401,2013-01-01,[ 23:21 ],1,376.0,5.0,81.0,2.7
1402,2013-01-01,[ 23:22 ],1,383.0,5.0,81.0,2.7
1403,2013-01-01,[ 23:23 ],1,383.0,5.0,81.0,2.7
1404,2013-01-01,[ 23:24 ],1,384.0,5.0,81.0,2.7
1405,2013-01-01,[ 23:25 ],1,387.0,5.0,81.0,2.7
1406,2013-01-01,[ 23:26 ],1,387.0,5.0,81.0,2.7
1407,2013-01-01,[ 23:27 ],1,381.0,5.0,81.0,2.7
1408,2013-01-01,[ 23:28 ],1,381.0,5.0,81.0,2.7
1409,2013-01-01,[ 23:29 ],1,383.0,5.0,81.0,2.7
1410,2013-01-01,[ 23:30 ],1,384.0,5.0,81.0,2.7
1411,2013-01-01,[ 23:31 ],1,183.0,5.0,81.0,2.7
1412,2013-01-01,[ 23:32 ],1,184.0,5.0,81.0,2.7
1413,2013-01-01,[ 23:33 ],1,182.0,5.0,81.0,2.7
1414,2013-01-01,[ 23:34 ],1,183.0,5.0,81.0,2.7
1415,2013-01-01,[ 23:35 ],1,184.0,5.0,81.0,2.7
1416,2013-01-01,[ 23:36 ],1,184.0,5.0,81.0,2.7
1417,2013-01-01,[ 23:37 ],1,182.0,5.0,81.0,2.7
1418,2013-01-01,[ 23:38 ],1,182.0,5.0,81.0,2.7
1419,2013-01-01,[ 23:39 ],1,183.0,5.0,81.0,2.7
1420,2013-01-01,[ 23:40 ],1,182.0,5.0,81.0,2.7
1421,2013-01-01,[ 23:41 ],1,182.0,5.0,81.0,2.7
1422,2013-01-01,[ 23:42 ],1,183.0,5.0,81.0,2.7
1423,2013-01-01,[ 23:43 ],1,183.0,5.0,81.0,2.7
1424,2013-01-01,[ 23:44 ],1,181.0,5.0,81.0,2.7
1425,2013-01-01,[ 23:45 ],1,301.0,5.0,81.0,2.7
1426,2013-01-01,[ 23:46 ],1,233.0,5.0,81.0,2.7
1427,2013-01-01,[ 23:47 ],1,232.0,5.0,81.0,2.7
1428,2013-01-01,[ 23:48 ],1,233.0,5.0,81.0,2.7
1429,2013-01-01,[ 23:49 ],1,260.0,5.0,81.0,2.7
1430,2013-01-01,[ 23:50 ],1,260.0,5.0,81.0,2.7
1431,2013-01-01,[ 23:51 ],1,325.0,5.0,81.0,2.7
1432,2013-01-01,[ 23:52 ],1,323.0,5.0,81.0,2.7
1433,2013-01-01,[ 23:53 ],1,295.0,5.0,81.0,2.7
1434,2013-01-01,[ 23:54 ],1,303.0,5.0,81.0,2.7
1435,2013-01-01,[ 23:55 ],1,326.0,5.0,81.0,2.7
1436,2013-01-01,[ 23:56 ],1,330.0,5.0,81.0,2.7
1437,2013-01-01,[ 23:57 ],1,330.0,5.0,81.0,2.7
1438,2013-01-01,[ 23:58 ],1,296.0,5.0,81.0,2.7
1439,2013-01-01,[ 23:59 ],1,289.0,5.0,81.0,2.7
