,Temp('C),Humidity(%),Holiday,Watt
0,0.36186186186186187,0.8138138138138138,1.0,0.8328328328328328
1,0.36186186186186187,0.7857857857857857,1.0,0.8591091091091091
2,0.36186186186186187,0.7841191191191191,1.0,0.8424661950085686
3,0.36186186186186187,0.7825344141133614,1.0,0.8348348348348348
4,0.36186186186186187,0.7807807807807807,1.0,0.8438438438438438
5,0.36186186186186187,0.7796146146146146,1.0,0.8553553553553553
6,0.36186186186186187,0.7772772772772772,1.0,0.8458458458458459
7,0.36186186186186187,0.7749399399399399,1.0,0.8328328328328328
8,0.36186186186186187,0.7737737737737738,1.0,0.8318318318318318
9,0.36186186186186187,0.7717717717717718,1.0,0.8448448448448448
10,0.36186186186186187,0.7697697697697697,1.0,0.8553553553553553
11,0.36186186186186187,0.7676026026026026,1.0,0.8583583583583583
12,0.36186186186186187,0.7662662662662663,1.0,0.8218218218218218
13,0.36186186186186187,0.7647647647647647,1.0,0.8198198198198198
14,0.36186186186186187,0.7627627627627628,1.0,0.8153153153153153
15,0.36186186186186187,0.7607607607607607,1.0,0.7597597597597597
16,0.36186186186186187,0.7587587587587588,1.0,0.7537537537537538
17,0.36186186186186187,0.757436035667149,1.0,0.7547547547547547
18,0.36186186186186187,0.7557557557557557,1.0,0.7562562562562563
19,0.36186186186186187,0.7547547547547547,1.0,0.7562562562562563
20,0.36186186186186187,0.7527527527527528,1.0,0.7717717717717718
21,0.36186186186186187,0.7507507507507507,1.0,0.7757757757757757
22,0.36186186186186187,0.7487487487487487,1.0,0.7782782782782782
23,0.36186186186186187,0.7467467467467468,1.0,0.7747747747747747
24,0.36186186186186187,0.7417417417417418,1.0,0.8038038038038038
25,0.36186186186186187,0.7362287660795123,1.0,0.9045712379045713
26,0.36186186186186187,0.7347347347347347,1.0,0.9067185829897693
27,0.36186186186186187,0.7327327327327328,1.0,0.942035765974968
28,0.36186186186186187,0.7307307307307307,1.0,0.942035765974968
29,0.36186186186186187,0.6996996996996997,1.0,0.8996496496496497
30,0.36186186186186187,0.6996996996996997,1.0,0.8916416416416416
31,0.33884630899556273,0.7295645645645645,1.0,0.8888888888888888
32,0.3383383383383383,0.7307307307307307,1.0,0.8931155604502301
33,0.33783783783783783,0.7327327327327328,1.0,0.8926426426426426
34,0.33733733733733734,0.7347347347347347,1.0,0.7737737737737738
35,0.33682936668011293,0.7362287660795123,1.0,0.7182182182182182
36,0.3363363363363363,0.7417417417417418,1.0,0.7807807807807807
37,0.3358433059925597,0.7467467467467468,1.0,0.8258258258258259
38,0.3353353353353353,0.7487487487487487,1.0,0.8328328328328328
39,0.33483483483483484,0.7507507507507507,1.0,0.8258258258258259
40,0.33433433433433435,0.7527527527527528,1.0,0.8348348348348348
41,0.33382636367710994,0.7547547547547547,1.0,0.8308308308308309
42,0.3333333333333333,0.7557557557557557,1.0,0.8318318318318318
43,0.33233233233233234,0.757436035667149,1.0,0.8348348348348348
44,0.3318243616751079,0.7587587587587588,1.0,0.8238238238238238
45,0.3313313313313313,0.7607607607607607,1.0,0.5665665665665666
46,0.33083830098755473,0.7627627627627628,1.0,0.5640640640640641
47,0.3303303303303303,0.7647647647647647,1.0,0.6041041041041041
48,0.32982982982982983,0.7662662662662663,1.0,0.6041041041041041
49,0.32932932932932935,0.7676026026026026,1.0,0.6026026026026026
50,0.32882135867210494,0.7697697697697697,1.0,0.6061061061061062
51,0.3283283283283283,0.7717717717717718,1.0,0.6041041041041041
52,0.3278352979845517,0.7737737737737738,1.0,0.6201201201201201
53,0.32732732732732733,0.7749399399399399,1.0,0.6201201201201201
54,0.3268268268268268,0.7772772772772772,1.0,0.545045045045045
55,0.3263263263263263,0.7796146146146146,1.0,0.9682086016530654
56,0.3258183556691019,0.7807807807807807,1.0,0.9683840710336586
57,0.3253253253253253,0.7825344141133614,1.0,0.9683060846422838
58,0.32483229498154875,0.7841191191191191,1.0,0.9684425608271896
59,0.3003003003003003,0.8138138138138138,1.0,0.9684425608271896
60,0.3003003003003003,0.8138138138138138,1.0,0.9681696084573781
61,0.3003003003003003,0.8138138138138138,1.0,0.9681306152616908
62,0.3003003003003003,0.8138138138138138,1.0,0.9680916220660034
63,0.3003003003003003,0.8138138138138138,1.0,0.9681891050552218
64,0.3003003003003003,0.8138138138138138,1.0,0.9681501118595345
65,0.3003003003003003,0.8138138138138138,1.0,0.9681111186638471
66,0.3003003003003003,0.8138138138138138,1.0,0.9680916220660034
67,0.3003003003003003,0.8138138138138138,1.0,0.557057057057057
68,0.3003003003003003,0.8138138138138138,1.0,0.542042042042042
69,0.3003003003003003,0.8138138138138138,1.0,0.542042042042042
70,0.3003003003003003,0.8138138138138138,1.0,0.5330330330330331
71,0.3003003003003003,0.8138138138138138,1.0,0.5305305305305306
72,0.3003003003003003,0.8138138138138138,1.0,0.5305305305305306
73,0.3003003003003003,0.8138138138138138,1.0,0.5305305305305306
74,0.3003003003003003,0.8138138138138138,1.0,0.5330330330330331
75,0.3003003003003003,0.8138138138138138,1.0,0.5305305305305306
76,0.3003003003003003,0.8138138138138138,1.0,0.5255255255255256
77,0.3003003003003003,0.8138138138138138,1.0,0.5305305305305306
78,0.3003003003003003,0.8138138138138138,1.0,0.5255255255255256
79,0.3003003003003003,0.8138138138138138,1.0,0.5280280280280281
80,0.3003003003003003,0.8138138138138138,1.0,0.5305305305305306
81,0.3003003003003003,0.8138138138138138,1.0,0.5280280280280281
82,0.3003003003003003,0.8138138138138138,1.0,0.5225225225225225
83,0.3003003003003003,0.8138138138138138,1.0,0.5255255255255256
84,0.3003003003003003,0.8138138138138138,1.0,0.6626626626626626
85,0.3003003003003003,0.8138138138138138,1.0,0.6556556556556556
86,0.3003003003003003,0.8138138138138138,1.0,0.6536536536536537
87,0.3003003003003003,0.8138138138138138,1.0,0.6526526526526526
88,0.3003003003003003,0.8138138138138138,1.0,0.6546546546546547
89,0.3003003003003003,0.8138138138138138,1.0,0.6556556556556556
90,0.3003003003003003,0.8138138138138138,1.0,0.6546546546546547
91,0.3003003003003003,0.8138138138138138,1.0,0.6556556556556556
92,0.3003003003003003,0.8138138138138138,1.0,0.6546546546546547
93,0.3003003003003003,0.8138138138138138,1.0,0.6511511511511512
94,0.3003003003003003,0.8138138138138138,1.0,0.6526526526526526
95,0.3003003003003003,0.8138138138138138,1.0,0.6536536536536537
96,0.3003003003003003,0.8138138138138138,1.0,0.6526526526526526
97,0.3003003003003003,0.8138138138138138,1.0,0.6526526526526526
98,0.3003003003003003,0.8138138138138138,1.0,0.6526526526526526
99,0.3003003003003003,0.8138138138138138,1.0,0.6511511511511512
100,0.3003003003003003,0.8138138138138138,1.0,0.6511511511511512
101,0.3003003003003003,0.8138138138138138,1.0,0.6511511511511512
102,0.3003003003003003,0.8138138138138138,1.0,0.6536536536536537
103,0.3003003003003003,0.8138138138138138,1.0,0.6511511511511512
104,0.3003003003003003,0.8138138138138138,1.0,0.6526526526526526
105,0.3003003003003003,0.8138138138138138,1.0,0.6526526526526526
106,0.3003003003003003,0.8138138138138138,1.0,0.6656656656656657
107,0.3003003003003003,0.8138138138138138,1.0,0.477977977977978
108,0.3003003003003003,0.8138138138138138,1.0,0.6496496496496497
109,0.3003003003003003,0.8138138138138138,1.0,0.6511511511511512
110,0.3003003003003003,0.8138138138138138,1.0,0.6526526526526526
111,0.3003003003003003,0.8138138138138138,1.0,0.6526526526526526
112,0.3003003003003003,0.8138138138138138,1.0,0.6496496496496497
113,0.3003003003003003,0.8138138138138138,1.0,0.52002002002002
114,0.3003003003003003,0.8138138138138138,1.0,0.5225225225225225
115,0.3003003003003003,0.8138138138138138,1.0,0.5255255255255256
116,0.3003003003003003,0.8138138138138138,1.0,0.5255255255255256
117,0.3003003003003003,0.8138138138138138,1.0,0.5255255255255256
118,0.3003003003003003,0.8138138138138138,1.0,0.575075075075075
119,0.3003003003003003,0.8138138138138138,1.0,0.9674778582400151
120,0.3003003003003003,0.8138138138138138,1.0,0.9674778582400151
121,0.2767842469335007,0.8138138138138138,1.0,0.9672765980415415
122,0.27627627627627627,0.8138138138138138,1.0,0.9673385242564565
123,0.2757757757757758,0.8138138138138138,1.0,0.967307561148999
124,0.2752752752752753,0.8138138138138138,1.0,0.967307561148999
125,0.27427427427427425,0.8138138138138138,1.0,0.9673230427027277
126,0.27377377377377377,0.8138138138138138,1.0,0.9673385242564565
127,0.2732732732732733,0.8138138138138138,1.0,0.9674004504713714
128,0.27276530261604887,0.8138138138138138,1.0,0.9675088213474725
129,0.27227227227227224,0.8138138138138138,1.0,0.9673849689176427
130,0.2717792419284957,0.8138138138138138,1.0,0.9674933397937437
131,0.27127127127127126,0.8138138138138138,1.0,0.967307561148999
132,0.2707707707707708,0.8138138138138138,1.0,0.9673385242564565
133,0.2702702702702703,0.8138138138138138,1.0,0.9673230427027277
134,0.2697622996130459,0.8138138138138138,1.0,0.9672765980415415
135,0.26926926926926925,0.8138138138138138,1.0,0.9672146718266266
136,0.2687762389254927,0.8138138138138138,1.0,0.9672146718266266
137,0.2682682682682683,0.8138138138138138,1.0,0.27627627627627627
138,0.2677677677677678,0.8138138138138138,1.0,0.2182182182182182
139,0.26726726726726724,0.8138138138138138,1.0,0.23923923923923923
140,0.26675929661004283,0.8138138138138138,1.0,0.2052052052052052
141,0.26626626626626626,0.8138138138138138,1.0,0.2052052052052052
142,0.26577323592248964,0.8138138138138138,1.0,0.1991991991991992
143,0.2652652652652653,0.8138138138138138,1.0,0.2022022022022022
144,0.26476476476476474,0.8138138138138138,1.0,0.21521521521521522
145,0.26426426426426425,0.8138138138138138,1.0,0.4404404404404404
146,0.26375629360703984,0.8138138138138138,1.0,0.42592592592592593
147,0.26326326326326327,0.8138138138138138,1.0,0.4369369369369369
148,0.2629329329329329,0.8138138138138138,1.0,0.4304304304304304
149,0.24224224224224222,0.8138138138138138,1.0,0.44344344344344344
150,0.24224224224224222,0.8138138138138138,1.0,0.4304304304304304
151,0.24224224224224222,0.7847847847847848,1.0,0.4169169169169169
152,0.24224224224224222,0.7837837837837838,1.0,0.4169169169169169
153,0.24224224224224222,0.7817817817817818,1.0,0.4089089089089089
154,0.24224224224224222,0.7797797797797797,1.0,0.4054054054054054
155,0.24224224224224222,0.7772772772772772,1.0,0.4054054054054054
156,0.24224224224224222,0.7747747747747747,1.0,0.1941941941941942
157,0.24224224224224222,0.7727727727727728,1.0,0.2052052052052052
158,0.24224224224224222,0.7707707707707707,1.0,0.2052052052052052
159,0.24224224224224222,0.7682682682682682,1.0,0.2022022022022022
160,0.24224224224224222,0.7662662662662663,1.0,0.1941941941941942
161,0.24224224224224222,0.7637637637637638,1.0,0.2022022022022022
162,0.24224224224224222,0.7617617617617618,1.0,0.2022022022022022
163,0.24224224224224222,0.7597597597597597,1.0,0.1991991991991992
164,0.24224224224224222,0.7577577577577578,1.0,0.1941941941941942
165,0.24224224224224222,0.7557557557557557,1.0,0.1941941941941942
166,0.24224224224224222,0.7537537537537538,1.0,0.1891891891891892
167,0.24224224224224222,0.7517517517517518,1.0,0.1941941941941942
168,0.24224224224224222,0.7497497497497497,1.0,0.1856856856856857
169,0.24224224224224222,0.7477477477477478,1.0,0.2022022022022022
170,0.24224224224224222,0.7417417417417418,1.0,0.2022022022022022
171,0.24224224224224222,0.7357357357357357,1.0,0.1891891891891892
172,0.24224224224224222,0.7337337337337337,1.0,0.1991991991991992
173,0.24224224224224222,0.7317317317317317,1.0,0.2052052052052052
174,0.24224224224224222,0.7297297297297297,1.0,0.1941941941941942
175,0.24224224224224222,0.6996996996996997,1.0,0.1991991991991992
176,0.24224224224224222,0.6686686686686687,1.0,0.1991991991991992
177,0.24224224224224222,0.6666666666666666,1.0,0.1991991991991992
178,0.24224224224224222,0.6646646646646647,1.0,0.1991991991991992
179,0.24224224224224222,0.6436436436436437,1.0,0.1991991991991992
180,0.24224224224224222,0.6436436436436437,1.0,0.43343343343343343
181,0.24224224224224222,0.6436436436436437,1.0,0.4404404404404404
182,0.24224224224224222,0.6436436436436437,1.0,0.44344344344344344
183,0.24224224224224222,0.6436436436436437,1.0,0.2022022022022022
184,0.24224224224224222,0.6436436436436437,1.0,0.1891891891891892
185,0.24224224224224222,0.6436436436436437,1.0,0.1891891891891892
186,0.24224224224224222,0.6436436436436437,1.0,0.2022022022022022
187,0.24224224224224222,0.6436436436436437,1.0,0.2022022022022022
188,0.24224224224224222,0.6436436436436437,1.0,0.1856856856856857
189,0.24224224224224222,0.6436436436436437,1.0,0.1856856856856857
190,0.24224224224224222,0.6436436436436437,1.0,0.20870870870870872
191,0.24224224224224222,0.6436436436436437,1.0,0.20870870870870872
192,0.24224224224224222,0.6436436436436437,1.0,0.18218218218218218
193,0.24224224224224222,0.6436436436436437,1.0,0.1991991991991992
194,0.24224224224224222,0.6436436436436437,1.0,0.1941941941941942
195,0.24224224224224222,0.6436436436436437,1.0,0.1941941941941942
196,0.24224224224224222,0.6436436436436437,1.0,0.1856856856856857
197,0.24224224224224222,0.6436436436436437,1.0,0.1856856856856857
198,0.24224224224224222,0.6436436436436437,1.0,0.4814814814814815
199,0.24224224224224222,0.6436436436436437,1.0,0.4504504504504504
200,0.24224224224224222,0.6436436436436437,1.0,0.4129129129129129
201,0.24224224224224222,0.6436436436436437,1.0,0.4239239239239239
202,0.24224224224224222,0.6436436436436437,1.0,0.42742742742742745
203,0.24224224224224222,0.6436436436436437,1.0,0.42592592592592593
204,0.24224224224224222,0.6436436436436437,1.0,0.42592592592592593
205,0.24224224224224222,0.6436436436436437,1.0,0.42742742742742745
206,0.24224224224224222,0.6436436436436437,1.0,0.4304304304304304
207,0.24224224224224222,0.6436436436436437,1.0,0.4304304304304304
208,0.24224224224224222,0.6436436436436437,1.0,0.42592592592592593
209,0.24224224224224222,0.6436436436436437,1.0,0.4239239239239239
210,0.24224224224224222,0.6436436436436437,1.0,0.42592592592592593
211,0.24224224224224222,0.6436436436436437,1.0,0.42592592592592593
212,0.24224224224224222,0.6436436436436437,1.0,0.4239239239239239
213,0.24224224224224222,0.6436436436436437,1.0,0.42592592592592593
214,0.24224224224224222,0.6436436436436437,1.0,0.42592592592592593
215,0.24224224224224222,0.6436436436436437,1.0,0.4204204204204204
216,0.24224224224224222,0.6436436436436437,1.0,0.4239239239239239
217,0.24224224224224222,0.6436436436436437,1.0,0.4169169169169169
218,0.24224224224224222,0.6436436436436437,1.0,0.4204204204204204
219,0.24224224224224222,0.6436436436436437,1.0,0.42592592592592593
220,0.24224224224224222,0.6436436436436437,1.0,0.42592592592592593
221,0.24224224224224222,0.6436436436436437,1.0,0.42592592592592593
222,0.24224224224224222,0.6436436436436437,1.0,0.4239239239239239
223,0.24224224224224222,0.6436436436436437,1.0,0.4239239239239239
224,0.24224224224224222,0.6436436436436437,1.0,0.4369369369369369
225,0.24224224224224222,0.6436436436436437,1.0,0.42592592592592593
226,0.24224224224224222,0.6436436436436437,1.0,0.4204204204204204
227,0.24224224224224222,0.6436436436436437,1.0,0.4129129129129129
228,0.24224224224224222,0.6436436436436437,1.0,0.4129129129129129
229,0.24224224224224222,0.6436436436436437,1.0,0.4129129129129129
230,0.24224224224224222,0.6436436436436437,1.0,0.34384384384384387
231,0.24224224224224222,0.6436436436436437,1.0,0.1856856856856857
232,0.24224224224224222,0.6436436436436437,1.0,0.1856856856856857
233,0.24224224224224222,0.6436436436436437,1.0,0.18218218218218218
234,0.24224224224224222,0.6436436436436437,1.0,0.1891891891891892
235,0.24224224224224222,0.6436436436436437,1.0,0.1891891891891892
236,0.24224224224224222,0.6436436436436437,1.0,0.1891891891891892
237,0.24224224224224222,0.6436436436436437,1.0,0.18218218218218218
238,0.24224224224224222,0.6436436436436437,1.0,0.1856856856856857
239,0.24224224224224222,0.6436436436436437,1.0,0.1991991991991992
240,0.24224224224224222,0.6436436436436437,1.0,0.1991991991991992
241,0.24224224224224222,0.6246246246246246,1.0,0.1891891891891892
242,0.24224224224224222,0.6231231231231231,1.0,0.1856856856856857
243,0.24224224224224222,0.6211211211211212,1.0,0.1856856856856857
244,0.24224224224224222,0.6191191191191192,1.0,0.1856856856856857
245,0.24224224224224222,0.617117117117117,1.0,0.18218218218218218
246,0.24224224224224222,0.6146146146146146,1.0,0.17467467467467468
247,0.24224224224224222,0.6126126126126126,1.0,0.2305638972305639
248,0.24224224224224222,0.6106106106106106,1.0,0.18218218218218218
249,0.24224224224224222,0.6086086086086087,1.0,0.18218218218218218
250,0.24224224224224222,0.6066066066066066,1.0,0.1856856856856857
251,0.24224224224224222,0.6046046046046046,1.0,0.1891891891891892
252,0.24224224224224222,0.6031031031031031,1.0,0.1891891891891892
253,0.24224224224224222,0.6011011011011012,1.0,0.18218218218218218
254,0.24224224224224222,0.5990990990990991,1.0,0.18218218218218218
255,0.24224224224224222,0.5975975975975976,1.0,0.18218218218218218
256,0.24224224224224222,0.5955955955955956,1.0,0.18218218218218218
257,0.24224224224224222,0.5935935935935935,1.0,0.17867867867867868
258,0.24224224224224222,0.5890890890890891,1.0,0.17867867867867868
259,0.24224224224224222,0.5845845845845846,1.0,0.1856856856856857
260,0.24224224224224222,0.582082082082082,1.0,0.1941941941941942
261,0.24224224224224222,0.5805805805805806,1.0,0.1991991991991992
262,0.24224224224224222,0.5785785785785785,1.0,0.18218218218218218
263,0.24224224224224222,0.5765765765765766,1.0,0.1856856856856857
264,0.24224224224224222,0.5580580580580581,1.0,0.18218218218218218
265,0.24224224224224222,0.5395395395395395,1.0,0.1941941941941942
266,0.24224224224224222,0.5380380380380381,1.0,0.1856856856856857
267,0.24224224224224222,0.5355355355355356,1.0,0.18218218218218218
268,0.24224224224224222,0.5340340340340339,1.0,0.1856856856856857
269,0.24224224224224222,0.512012012012012,1.0,0.1856856856856857
270,0.24224224224224222,0.512012012012012,1.0,0.18218218218218218
271,0.22172919187844561,0.5325325325325325,1.0,0.1856856856856857
272,0.22122122122122123,0.5340340340340339,1.0,0.1891891891891892
273,0.22072072072072074,0.5355355355355356,1.0,0.1856856856856857
274,0.22022022022022023,0.5380380380380381,1.0,0.4714714714714715
275,0.21971224956299584,0.5395395395395395,1.0,0.42592592592592593
276,0.21921921921921922,0.5580580580580581,1.0,0.4129129129129129
277,0.21872618887544262,0.5765765765765766,1.0,0.4204204204204204
278,0.2182182182182182,0.5785785785785785,1.0,0.4129129129129129
279,0.21771771771771772,0.5805805805805806,1.0,0.4089089089089089
280,0.2172172172172172,0.582082082082082,1.0,0.4089089089089089
281,0.21670924655999282,0.5845845845845846,1.0,0.3968968968968969
282,0.21621621621621623,0.5890890890890891,1.0,0.4014014014014014
283,0.21584874110430347,0.5935935935935935,1.0,0.4054054054054054
284,0.2154701303829388,0.5955955955955956,1.0,0.4014014014014014
285,0.21508399391329672,0.5975975975975976,1.0,0.1991991991991992
286,0.21465559495703218,0.5990990990990991,1.0,0.1856856856856857
287,0.21421421421421422,0.6011011011011012,1.0,0.18218218218218218
288,0.21371371371371373,0.6031031031031031,1.0,0.1891891891891892
289,0.2132132132132132,0.6046046046046046,1.0,0.1891891891891892
290,0.21270524255598883,0.6066066066066066,1.0,0.17867867867867868
291,0.2122122122122122,0.6086086086086087,1.0,0.1856856856856857
292,0.21174012946898282,0.6106106106106106,1.0,0.1991991991991992
293,0.2112537411880798,0.6126126126126126,1.0,0.1991991991991992
294,0.21090143067859,0.6146146146146146,1.0,0.18218218218218218
295,0.21056097880610444,0.617117117117117,1.0,0.18218218218218218
296,0.21021021021021022,0.6191191191191192,1.0,0.1991991991991992
297,0.2097097097097097,0.6211211211211212,1.0,0.1991991991991992
298,0.2092092092092092,0.6231231231231231,1.0,0.18218218218218218
299,0.1896896896896897,0.6436436436436437,1.0,0.18218218218218218
300,0.1896896896896897,0.6436436436436437,1.0,0.1856856856856857
301,0.1896896896896897,0.6436436436436437,1.0,0.1856856856856857
302,0.1896896896896897,0.6436436436436437,1.0,0.20870870870870872
303,0.1896896896896897,0.6436436436436437,1.0,0.20870870870870872
304,0.1896896896896897,0.6436436436436437,1.0,0.18218218218218218
305,0.1896896896896897,0.6436436436436437,1.0,0.18218218218218218
306,0.1896896896896897,0.6436436436436437,1.0,0.18218218218218218
307,0.1896896896896897,0.6436436436436437,1.0,0.1856856856856857
308,0.1896896896896897,0.6436436436436437,1.0,0.1991991991991992
309,0.1896896896896897,0.6436436436436437,1.0,0.1991991991991992
310,0.1896896896896897,0.6436436436436437,1.0,0.18218218218218218
311,0.1896896896896897,0.6436436436436437,1.0,0.18218218218218218
312,0.1896896896896897,0.6436436436436437,1.0,0.2022022022022022
313,0.1896896896896897,0.6436436436436437,1.0,0.2022022022022022
314,0.1896896896896897,0.6436436436436437,1.0,0.18218218218218218
315,0.1896896896896897,0.6436436436436437,1.0,0.18218218218218218
316,0.1896896896896897,0.6436436436436437,1.0,0.1991991991991992
317,0.1896896896896897,0.6436436436436437,1.0,0.1991991991991992
318,0.1896896896896897,0.6436436436436437,1.0,0.18218218218218218
319,0.1896896896896897,0.6436436436436437,1.0,0.17867867867867868
320,0.1896896896896897,0.6436436436436437,1.0,0.1856856856856857
321,0.1896896896896897,0.6436436436436437,1.0,0.4714714714714715
322,0.1896896896896897,0.6436436436436437,1.0,0.4714714714714715
323,0.1896896896896897,0.6436436436436437,1.0,0.4129129129129129
324,0.1896896896896897,0.6436436436436437,1.0,0.4129129129129129
325,0.1896896896896897,0.6436436436436437,1.0,0.4129129129129129
326,0.1896896896896897,0.6436436436436437,1.0,0.4169169169169169
327,0.1896896896896897,0.6436436436436437,1.0,0.42742742742742745
328,0.1896896896896897,0.6436436436436437,1.0,0.42742742742742745
329,0.1896896896896897,0.6436436436436437,1.0,0.4239239239239239
330,0.1896896896896897,0.6436436436436437,1.0,0.4169169169169169
331,0.17084084084084084,0.6436436436436437,1.0,0.4204204204204204
332,0.1705005005005005,0.6436436436436437,1.0,0.4204204204204204
333,0.17017017017017017,0.6436436436436437,1.0,0.4129129129129129
334,0.16983983983983983,0.6436436436436437,1.0,0.4129129129129129
335,0.1694994994994995,0.6436436436436437,1.0,0.4169169169169169
336,0.16916916916916916,0.6436436436436437,1.0,0.4169169169169169
337,0.16867613882539256,0.6436436436436437,1.0,0.4129129129129129
338,0.16816816816816815,0.6436436436436437,1.0,0.4169169169169169
339,0.16776193432519612,0.6436436436436437,1.0,0.4129129129129129
340,0.1673557004822241,0.6436436436436437,1.0,0.4129129129129129
341,0.16694630801013802,0.6436436436436437,1.0,0.4169169169169169
342,0.1665562370881521,0.6436436436436437,1.0,0.4129129129129129
343,0.16616616616616617,0.6436436436436437,1.0,0.4169169169169169
344,0.16565819550894179,0.6436436436436437,1.0,0.4169169169169169
345,0.16516516516516516,0.6436436436436437,1.0,0.4129129129129129
346,0.16483483483483483,0.6436436436436437,1.0,0.4169169169169169
347,0.1644944944944945,0.6436436436436437,1.0,0.42592592592592593
348,0.16416416416416416,0.6436436436436437,1.0,0.42742742742742745
349,0.16383383383383382,0.6436436436436437,1.0,0.4239239239239239
350,0.16349349349349349,0.6436436436436437,1.0,0.4169169169169169
351,0.16316316316316315,0.6436436436436437,1.0,0.4204204204204204
352,0.16267013281938655,0.6436436436436437,1.0,0.4129129129129129
353,0.16216216216216217,0.6436436436436437,1.0,0.4129129129129129
354,0.16166166166166168,0.6436436436436437,1.0,0.18218218218218218
355,0.16116116116116116,0.6436436436436437,1.0,0.2022022022022022
356,0.16082082082082083,0.6436436436436437,1.0,0.2022022022022022
357,0.1604904904904905,0.6436436436436437,1.0,0.1991991991991992
358,0.16016016016016016,0.6436436436436437,1.0,0.1991991991991992
359,0.14464464464464466,0.6436436436436437,1.0,0.1891891891891892
360,0.14464464464464466,0.6436436436436437,1.0,0.1891891891891892
361,0.14464464464464466,0.6436436436436437,1.0,0.1856856856856857
362,0.14464464464464466,0.6436436436436437,1.0,0.1856856856856857
363,0.14464464464464466,0.6436436436436437,1.0,0.1991991991991992
364,0.14464464464464466,0.6436436436436437,1.0,0.1991991991991992
365,0.14464464464464466,0.6436436436436437,1.0,0.18218218218218218
366,0.14464464464464466,0.6436436436436437,1.0,0.18218218218218218
367,0.14464464464464466,0.6436436436436437,1.0,0.1891891891891892
368,0.14464464464464466,0.6436436436436437,1.0,0.1891891891891892
369,0.14464464464464466,0.6436436436436437,1.0,0.1856856856856857
370,0.14464464464464466,0.6436436436436437,1.0,0.1856856856856857
371,0.14464464464464466,0.6436436436436437,1.0,0.1891891891891892
372,0.14464464464464466,0.6436436436436437,1.0,0.1891891891891892
373,0.14464464464464466,0.6436436436436437,1.0,0.1891891891891892
374,0.14464464464464466,0.6436436436436437,1.0,0.18218218218218218
375,0.14464464464464466,0.6436436436436437,1.0,0.1941941941941942
376,0.14464464464464466,0.6436436436436437,1.0,0.1941941941941942
377,0.14464464464464466,0.6436436436436437,1.0,0.1891891891891892
378,0.14464464464464466,0.6436436436436437,1.0,0.1856856856856857
379,0.14464464464464466,0.6436436436436437,1.0,0.1856856856856857
380,0.14464464464464466,0.6436436436436437,1.0,0.1856856856856857
381,0.14464464464464466,0.6436436436436437,1.0,0.1856856856856857
382,0.14464464464464466,0.6436436436436437,1.0,0.1856856856856857
383,0.14464464464464466,0.6436436436436437,1.0,0.1856856856856857
384,0.14464464464464466,0.6436436436436437,1.0,0.1856856856856857
385,0.14464464464464466,0.6436436436436437,1.0,0.1856856856856857
386,0.14464464464464466,0.6436436436436437,1.0,0.1856856856856857
387,0.14464464464464466,0.6436436436436437,1.0,0.1891891891891892
388,0.14464464464464466,0.6436436436436437,1.0,0.1856856856856857
389,0.14464464464464466,0.6436436436436437,1.0,0.1941941941941942
390,0.14464464464464466,0.6436436436436437,1.0,0.1941941941941942
391,0.14464464464464466,0.6246246246246246,1.0,0.1856856856856857
392,0.14464464464464466,0.6231231231231231,1.0,0.4239239239239239
393,0.14464464464464466,0.6211211211211212,1.0,0.4239239239239239
394,0.14464464464464466,0.6191191191191192,1.0,0.4054054054054054
395,0.14464464464464466,0.617117117117117,1.0,0.44344344344344344
396,0.14464464464464466,0.6146146146146146,1.0,0.46846846846846846
397,0.14464464464464466,0.6126126126126126,1.0,0.45345345345345345
398,0.14464464464464466,0.6106106106106106,1.0,0.607107107107107
399,0.14464464464464466,0.6086086086086087,1.0,0.5950950950950951
400,0.14464464464464466,0.6066066066066066,1.0,0.58008008008008
401,0.14464464464464466,0.6046046046046046,1.0,0.5730730730730731
402,0.14464464464464466,0.6031031031031031,1.0,0.5730730730730731
403,0.14464464464464466,0.6011011011011012,1.0,0.5730730730730731
404,0.14464464464464466,0.5990990990990991,1.0,0.5640640640640641
405,0.14464464464464466,0.5975975975975976,1.0,0.555055055055055
406,0.14464464464464466,0.5955955955955956,1.0,0.5775775775775776
407,0.14464464464464466,0.5935935935935935,1.0,0.5595595595595595
408,0.14464464464464466,0.5890890890890891,1.0,0.5430430430430431
409,0.14464464464464466,0.5845845845845846,1.0,0.4169169169169169
410,0.14464464464464466,0.582082082082082,1.0,0.37487487487487486
411,0.14464464464464466,0.5805805805805806,1.0,0.33783783783783783
412,0.14464464464464466,0.5785785785785785,1.0,0.3718718718718719
413,0.14464464464464466,0.5765765765765766,1.0,0.42742742742742745
414,0.14464464464464466,0.5580580580580581,1.0,0.4014014014014014
415,0.14464464464464466,0.5395395395395395,1.0,0.37737737737737737
416,0.14464464464464466,0.5380380380380381,1.0,0.34384384384384387
417,0.14464464464464466,0.5355355355355356,1.0,0.42742742742742745
418,0.14464464464464466,0.5340340340340339,1.0,0.4089089089089089
419,0.14464464464464466,0.512012012012012,1.0,0.38538538538538536
420,0.14464464464464466,0.512012012012012,1.0,0.33783783783783783
421,0.12988176146070884,0.5325325325325325,1.0,0.33783783783783783
422,0.12962586646797172,0.5340340340340339,1.0,0.4204204204204204
423,0.12937749779855043,0.5355355355355356,1.0,0.3208208208208208
424,0.12912912912912913,0.5380380380380381,1.0,0.2977977977977978
425,0.1287887887887888,0.5395395395395395,1.0,0.29229229229229226
426,0.12845845845845846,0.5580580580580581,1.0,0.1891891891891892
427,0.12812812812812813,0.5765765765765766,1.0,0.17867867867867868
428,0.1277877877877878,0.5785785785785785,1.0,0.1856856856856857
429,0.12745745745745746,0.5805805805805806,1.0,0.1941941941941942
430,0.12712712712712712,0.582082082082082,1.0,0.1991991991991992
431,0.1267867867867868,0.5845845845845846,1.0,0.2052052052052052
432,0.12645645645645645,0.5890890890890891,1.0,0.2052052052052052
433,0.12612612612612611,0.5935935935935935,1.0,0.1991991991991992
434,0.12584445465447539,0.5955955955955956,1.0,0.3153153153153153
435,0.12557106763787323,0.5975975975975976,1.0,0.4369369369369369
436,0.12529768062127106,0.5990990990990991,1.0,0.38238238238238237
437,0.12495859537279598,0.6011011011011012,1.0,0.37737737737737737
438,0.12454135974846006,0.6031031031031031,1.0,0.4714714714714715
439,0.12412412412412413,0.6046046046046046,1.0,0.4714714714714715
440,0.12378378378378378,0.6066066066066066,1.0,0.478978978978979
441,0.12345345345345345,0.6086086086086087,1.0,0.5305305305305306
442,0.12312312312312312,0.6106106106106106,1.0,0.555055055055055
443,0.12278278278278278,0.6126126126126126,1.0,0.5537191326665041
444,0.12245245245245245,0.6146146146146146,1.0,0.5537191326665041
445,0.12212212212212212,0.617117117117117,1.0,0.555055055055055
446,0.12178178178178178,0.6191191191191192,1.0,0.5475475475475475
447,0.12145145145145145,0.6211211211211212,1.0,0.5430430430430431
448,0.12112112112112113,0.6231231231231231,1.0,0.42742742742742745
449,0.1086086086086086,0.6436436436436437,1.0,0.42742742742742745
450,0.1086086086086086,0.6436436436436437,1.0,0.4304304304304304
451,0.1086086086086086,0.6436436436436437,1.0,0.42742742742742745
452,0.1086086086086086,0.6436436436436437,1.0,0.4369369369369369
453,0.1086086086086086,0.6436436436436437,1.0,0.6111111111111112
454,0.1086086086086086,0.6436436436436437,1.0,0.6111111111111112
455,0.1086086086086086,0.6436436436436437,1.0,0.6011011011011012
456,0.1086086086086086,0.6436436436436437,1.0,0.6041041041041041
457,0.1086086086086086,0.6436436436436437,1.0,0.6056056056056056
458,0.1086086086086086,0.6436436436436437,1.0,0.6056056056056056
459,0.1086086086086086,0.6436436436436437,1.0,0.6056056056056056
460,0.1086086086086086,0.6436436436436437,1.0,0.6041041041041041
461,0.1086086086086086,0.6436436436436437,1.0,0.6026026026026026
462,0.1086086086086086,0.6436436436436437,1.0,0.5990990990990991
463,0.1086086086086086,0.6436436436436437,1.0,0.6061061061061062
464,0.1086086086086086,0.6436436436436437,1.0,0.6061061061061062
465,0.1086086086086086,0.6436436436436437,1.0,0.6011011011011012
466,0.1086086086086086,0.6436436436436437,1.0,0.6041041041041041
467,0.1086086086086086,0.6436436436436437,1.0,0.6026026026026026
468,0.1086086086086086,0.6436436436436437,1.0,0.6041041041041041
469,0.1086086086086086,0.6436436436436437,1.0,0.6056056056056056
470,0.1086086086086086,0.6436436436436437,1.0,0.6106106106106106
471,0.1086086086086086,0.6436436436436437,1.0,0.6201201201201201
472,0.1086086086086086,0.6436436436436437,1.0,0.6256256256256256
473,0.1086086086086086,0.6436436436436437,1.0,0.612112112112112
474,0.1086086086086086,0.6436436436436437,1.0,0.622122122122122
475,0.1086086086086086,0.6436436436436437,1.0,0.6511511511511512
476,0.1086086086086086,0.6436436436436437,1.0,0.6536536536536537
477,0.1086086086086086,0.6436436436436437,1.0,0.6561561561561562
478,0.1086086086086086,0.6436436436436437,1.0,0.6626626626626626
479,0.1086086086086086,0.6436436436436437,1.0,0.6911911911911912
480,0.1086086086086086,0.6436436436436437,1.0,0.6911911911911912
481,0.1086086086086086,0.6436436436436437,1.0,0.6706706706706707
482,0.1086086086086086,0.6436436436436437,1.0,0.6716716716716716
483,0.1086086086086086,0.6436436436436437,1.0,0.6366366366366366
484,0.1086086086086086,0.6436436436436437,1.0,0.6611611611611612
485,0.1086086086086086,0.6436436436436437,1.0,0.6351351351351351
486,0.1086086086086086,0.6436436436436437,1.0,0.5040040040040039
487,0.1086086086086086,0.6436436436436437,1.0,0.5040040040040039
488,0.1086086086086086,0.6436436436436437,1.0,0.5015015015015015
489,0.1086086086086086,0.6436436436436437,1.0,0.5015015015015015
490,0.1086086086086086,0.6436436436436437,1.0,0.4984984984984985
491,0.1086086086086086,0.6436436436436437,1.0,0.5015015015015015
492,0.1086086086086086,0.6436436436436437,1.0,0.4984984984984985
493,0.1086086086086086,0.6436436436436437,1.0,0.5015015015015015
494,0.1086086086086086,0.6436436436436437,1.0,0.5015015015015015
495,0.1086086086086086,0.6436436436436437,1.0,0.552052052052052
496,0.1086086086086086,0.6436436436436437,1.0,0.552052052052052
497,0.1086086086086086,0.6436436436436437,1.0,0.5380380380380381
498,0.1086086086086086,0.6436436436436437,1.0,0.5330330330330331
499,0.1086086086086086,0.6436436436436437,1.0,0.4984984984984985
500,0.1086086086086086,0.6436436436436437,1.0,0.5065065065065065
501,0.1086086086086086,0.6436436436436437,1.0,0.4924924924924925
502,0.1086086086086086,0.6436436436436437,1.0,0.4924924924924925
503,0.1086086086086086,0.6436436436436437,1.0,0.515015015015015
504,0.1086086086086086,0.6436436436436437,1.0,0.5015015015015015
505,0.1086086086086086,0.6436436436436437,1.0,0.5015015015015015
506,0.1086086086086086,0.6436436436436437,1.0,0.46846846846846846
507,0.1086086086086086,0.6436436436436437,1.0,0.4624624624624625
508,0.1086086086086086,0.6436436436436437,1.0,0.45345345345345345
509,0.1086086086086086,0.6436436436436437,1.0,0.46846846846846846
510,0.1086086086086086,0.6436436436436437,1.0,0.5280280280280281
511,0.1086086086086086,0.6436436436436437,1.0,0.5040040040040039
512,0.1086086086086086,0.6436436436436437,1.0,0.4924924924924925
513,0.1086086086086086,0.6436436436436437,1.0,0.48698698698698695
514,0.1086086086086086,0.6436436436436437,1.0,0.45945945945945943
515,0.1086086086086086,0.6436436436436437,1.0,0.45945945945945943
516,0.1086086086086086,0.6436436436436437,1.0,0.5225225225225225
517,0.1086086086086086,0.6436436436436437,1.0,0.5015015015015015
518,0.1086086086086086,0.6436436436436437,1.0,0.7822822822822824
519,0.1086086086086086,0.6436436436436437,1.0,0.7847847847847848
520,0.1086086086086086,0.6436436436436437,1.0,0.7897897897897898
521,0.1086086086086086,0.6436436436436437,1.0,0.8921421421421422
522,0.1086086086086086,0.6436436436436437,1.0,0.9894476089598041
523,0.1086086086086086,0.6436436436436437,1.0,0.9982264984376313
524,0.1086086086086086,0.6436436436436437,1.0,0.9884429884429884
525,0.1086086086086086,0.6436436436436437,1.0,0.8698698698698699
526,0.1086086086086086,0.6436436436436437,1.0,0.8733733733733733
527,0.1086086086086086,0.6436436436436437,1.0,0.8742075408742075
528,0.1086086086086086,0.6436436436436437,1.0,0.8742075408742075
529,0.1086086086086086,0.6436436436436437,1.0,0.8742075408742075
530,0.1086086086086086,0.6436436436436437,1.0,0.9552997879769531
531,0.1086086086086086,0.6436436436436437,1.0,0.6641641641641642
532,0.1086086086086086,0.6436436436436437,1.0,0.6671671671671671
533,0.1086086086086086,0.6436436436436437,1.0,0.6611611611611612
534,0.1086086086086086,0.6436436436436437,1.0,0.6566566566566566
535,0.1086086086086086,0.6436436436436437,1.0,0.6511511511511512
536,0.1086086086086086,0.6436436436436437,1.0,0.2617617617617618
537,0.1086086086086086,0.6436436436436437,1.0,0.24624624624624625
538,0.1086086086086086,0.6436436436436437,1.0,0.25375375375375375
539,0.1086086086086086,0.6436436436436437,1.0,0.2577577577577578
540,0.1086086086086086,0.6436436436436437,1.0,0.27127127127127126
541,0.1086086086086086,0.6436436436436437,1.0,0.25375375375375375
542,0.1086086086086086,0.6436436436436437,1.0,0.24974974974974976
543,0.1086086086086086,0.6436436436436437,1.0,0.6441441441441442
544,0.1086086086086086,0.6436436436436437,1.0,0.6441441441441442
545,0.1086086086086086,0.6436436436436437,1.0,0.5065065065065065
546,0.1086086086086086,0.6436436436436437,1.0,0.515015015015015
547,0.1086086086086086,0.6436436436436437,1.0,0.9040707374040707
548,0.1086086086086086,0.6436436436436437,1.0,0.8588588588588588
549,0.1086086086086086,0.6436436436436437,1.0,0.8568568568568569
550,0.1086086086086086,0.6436436436436437,1.0,0.8583583583583583
551,0.1086086086086086,0.6436436436436437,1.0,0.8518518518518519
552,0.1086086086086086,0.6436436436436437,1.0,0.8458458458458459
553,0.1086086086086086,0.6436436436436437,1.0,0.8458458458458459
554,0.1086086086086086,0.6436436436436437,1.0,0.8453453453453453
555,0.1086086086086086,0.6436436436436437,1.0,0.8388388388388388
556,0.1086086086086086,0.6436436436436437,1.0,0.8518518518518519
557,0.1086086086086086,0.6436436436436437,1.0,0.8518518518518519
558,0.1086086086086086,0.6436436436436437,1.0,0.8424661950085686
559,0.1086086086086086,0.6436436436436437,1.0,0.8458458458458459
560,0.1086086086086086,0.6436436436436437,1.0,0.8458458458458459
561,0.1086086086086086,0.6436436436436437,1.0,0.8458458458458459
562,0.1086086086086086,0.6436436436436437,1.0,0.8428428428428428
563,0.1086086086086086,0.6436436436436437,1.0,0.8438438438438438
564,0.1086086086086086,0.6436436436436437,1.0,0.8453453453453453
565,0.1086086086086086,0.6436436436436437,1.0,0.8420895471742944
566,0.1086086086086086,0.6436436436436437,1.0,0.8448448448448448
567,0.1086086086086086,0.6436436436436437,1.0,0.8458458458458459
568,0.1086086086086086,0.6436436436436437,1.0,0.8415865529959518
569,0.1086086086086086,0.6436436436436437,1.0,0.8415865529959518
570,0.1086086086086086,0.6436436436436437,1.0,0.8420895471742944
571,0.1086086086086086,0.6436436436436437,1.0,0.8388388388388388
572,0.1086086086086086,0.6436436436436437,1.0,0.8428428428428428
573,0.1086086086086086,0.6436436436436437,1.0,0.8408408408408409
574,0.1086086086086086,0.6436436436436437,1.0,0.5015015015015015
575,0.1086086086086086,0.6436436436436437,1.0,0.92605291005291
576,0.1086086086086086,0.6436436436436437,1.0,0.9367144922700478
577,0.1086086086086086,0.6436436436436437,1.0,0.9725179725179725
578,0.1086086086086086,0.6436436436436437,1.0,0.9725179725179725
579,0.1086086086086086,0.6436436436436437,1.0,0.9802146974560768
580,0.1086086086086086,0.6436436436436437,1.0,0.9785939785939786
581,0.1086086086086086,0.6436436436436437,1.0,0.9816691691691691
582,0.1086086086086086,0.6436436436436437,1.0,0.978054978054978
583,0.1086086086086086,0.6436436436436437,1.0,0.9783629783629784
584,0.1086086086086086,0.6436436436436437,1.0,0.9802146974560768
585,0.1086086086086086,0.6436436436436437,1.0,0.9802146974560768
586,0.1086086086086086,0.6436436436436437,1.0,0.9695079695079696
587,0.1086086086086086,0.6436436436436437,1.0,0.9697389697389698
588,0.1086086086086086,0.6436436436436437,1.0,0.9799786933463026
589,0.1086086086086086,0.6436436436436437,1.0,0.9700367033700367
590,0.1086086086086086,0.6436436436436437,1.0,0.9782089782089781
591,0.1086086086086086,0.6436436436436437,1.0,0.9664724965929785
592,0.1086086086086086,0.6436436436436437,1.0,0.9730563897230563
593,0.1086086086086086,0.6436436436436437,1.0,0.9398725336787994
594,0.1086086086086086,0.6436436436436437,1.0,0.9386886886886887
595,0.1086086086086086,0.6436436436436437,1.0,0.9392190173608971
596,0.1086086086086086,0.6436436436436437,1.0,0.9350509089828419
597,0.1086086086086086,0.6436436436436437,1.0,0.9674159320251001
598,0.1086086086086086,0.6436436436436437,1.0,0.9677874893145897
599,0.1086086086086086,0.6436436436436437,1.0,0.9385635635635636
600,0.1086086086086086,0.6436436436436437,1.0,0.9395124328505675
601,0.12061315046389674,0.6246246246246246,1.0,0.9395124328505675
602,0.12112112112112113,0.6231231231231231,1.0,0.9356141079529927
603,0.12145145145145145,0.6211211211211212,1.0,0.9390189613452128
604,0.12178178178178178,0.6191191191191192,1.0,0.9664604363399544
605,0.12212212212212212,0.617117117117117,1.0,0.9665930991232196
606,0.12245245245245245,0.6146146146146146,1.0,0.9364920476031587
607,0.12278278278278278,0.6126126126126126,1.0,0.9392857026994585
608,0.12312312312312312,0.6106106106106106,1.0,0.9358554789402002
609,0.12345345345345345,0.6086086086086087,1.0,0.9390456354806374
610,0.12378378378378378,0.6066066066066066,1.0,0.9665448581111231
611,0.12412412412412413,0.6046046046046046,1.0,0.9665448581111231
612,0.12454135974846006,0.6031031031031031,1.0,0.9357750219444643
613,0.12495859537279598,0.6011011011011012,1.0,0.9654786365312681
614,0.12529768062127106,0.5990990990990991,1.0,0.9651757020178073
615,0.12557106763787323,0.5975975975975976,1.0,0.9650439913597808
616,0.12584445465447539,0.5955955955955956,1.0,0.9646312979646313
617,0.12612612612612611,0.5935935935935935,1.0,0.9398458595433749
618,0.12645645645645645,0.5890890890890891,1.0,0.9373123123123123
619,0.1267867867867868,0.5845845845845846,1.0,0.9379379379379379
620,0.12712712712712712,0.582082082082082,1.0,0.9397258259339643
621,0.12745745745745746,0.5805805805805806,1.0,0.9397258259339643
622,0.1277877877877878,0.5785785785785785,1.0,0.9371871871871872
623,0.12812812812812813,0.5765765765765766,1.0,0.9393123768348832
624,0.12845845845845846,0.5580580580580581,1.0,0.938938938938939
625,0.1287887887887888,0.5395395395395395,1.0,0.9706373039706373
626,0.12912912912912913,0.5380380380380381,1.0,0.943404113873062
627,0.12937749779855043,0.5355355355355356,1.0,0.9358554789402002
628,0.12962586646797172,0.5340340340340339,1.0,0.9397791742048134
629,0.14464464464464466,0.512012012012012,1.0,0.9273542044626378
630,0.14464464464464466,0.512012012012012,1.0,0.9273542044626378
631,0.14464464464464466,0.512012012012012,1.0,0.8886386386386386
632,0.14464464464464466,0.512012012012012,1.0,0.8658658658658659
633,0.14464464464464466,0.512012012012012,1.0,0.6656656656656657
634,0.14464464464464466,0.512012012012012,1.0,0.7627627627627628
635,0.14464464464464466,0.512012012012012,1.0,0.8563563563563563
636,0.14464464464464466,0.512012012012012,1.0,0.9244800355911467
637,0.14464464464464466,0.512012012012012,1.0,0.9384384384384384
638,0.14464464464464466,0.512012012012012,1.0,0.9344535494184751
639,0.14464464464464466,0.512012012012012,1.0,0.9352118229743136
640,0.14464464464464466,0.512012012012012,1.0,0.9409141583054627
641,0.14464464464464466,0.512012012012012,1.0,0.9411191224136919
642,0.14464464464464466,0.512012012012012,1.0,0.9409972232243214
643,0.14464464464464466,0.512012012012012,1.0,0.8058058058058059
644,0.14464464464464466,0.512012012012012,1.0,0.8947028423772561
645,0.14464464464464466,0.512012012012012,1.0,0.8668668668668669
646,0.14464464464464466,0.512012012012012,1.0,0.8388388388388388
647,0.14464464464464466,0.512012012012012,1.0,0.6316316316316316
648,0.14464464464464466,0.512012012012012,1.0,0.9271629633075411
649,0.14464464464464466,0.512012012012012,1.0,0.9390456354806374
650,0.14464464464464466,0.512012012012012,1.0,0.9392456914963218
651,0.14464464464464466,0.512012012012012,1.0,0.9406586770717206
652,0.14464464464464466,0.512012012012012,1.0,0.9411495972110344
653,0.14464464464464466,0.512012012012012,1.0,0.9412410216030622
654,0.14464464464464466,0.512012012012012,1.0,0.9190093266578213
655,0.14464464464464466,0.512012012012012,1.0,0.699366032699366
656,0.14464464464464466,0.512012012012012,1.0,0.8738738738738738
657,0.14464464464464466,0.512012012012012,1.0,0.8118118118118118
658,0.14464464464464466,0.512012012012012,1.0,0.8583583583583583
659,0.14464464464464466,0.512012012012012,1.0,0.9355336509572568
660,0.14464464464464466,0.512012012012012,1.0,0.8733733733733733
661,0.15965218950293578,0.49149149149149146,1.0,0.8493493493493494
662,0.16016016016016016,0.4904904904904905,1.0,0.8493493493493494
663,0.1604904904904905,0.48848848848848847,1.0,0.7782782782782782
664,0.16082082082082083,0.48698698698698695,1.0,0.9163163163163163
665,0.16116116116116116,0.484984984984985,1.0,0.9182819182819182
666,0.16166166166166168,0.47847847847847846,1.0,0.9120939120939121
667,0.16216216216216217,0.47197197197197194,1.0,0.912002912002912
668,0.16267013281938655,0.46996996996997,1.0,0.8424661950085686
669,0.16316316316316315,0.46846846846846846,1.0,0.7667667667667668
670,0.16349349349349349,0.46646646646646645,1.0,0.542042042042042
671,0.16383383383383382,0.464964964964965,1.0,0.5305305305305306
672,0.16416416416416416,0.46296296296296297,1.0,0.545045045045045
673,0.1644944944944945,0.46096096096096095,1.0,0.542042042042042
674,0.16483483483483483,0.45945945945945943,1.0,0.5475475475475475
675,0.16516516516516516,0.4574574574574575,1.0,0.545045045045045
676,0.16565819550894179,0.45595595595595595,1.0,0.6561561561561562
677,0.16616616616616617,0.4544544544544544,1.0,0.6526526526526526
678,0.1665562370881521,0.44844844844844844,1.0,0.6526526526526526
679,0.16694630801013802,0.44344344344344344,1.0,0.6611611611611612
680,0.1673557004822241,0.44144144144144143,1.0,0.6756756756756757
681,0.16776193432519612,0.4394394394394394,1.0,0.6716716716716716
682,0.16816816816816815,0.43793793793793795,1.0,0.617117117117117
683,0.16867613882539256,0.4364364364364364,1.0,0.6136136136136137
684,0.16916916916916916,0.42242242242242245,1.0,0.617117117117117
685,0.1694994994994995,0.408901438752185,1.0,0.6201201201201201
686,0.16983983983983983,0.4074074074074074,1.0,0.6201201201201201
687,0.17017017017017017,0.40540540540540543,1.0,0.6151151151151151
688,0.1705005005005005,0.4034034034034034,1.0,0.6151151151151151
689,0.1896896896896897,0.3898898898898899,1.0,0.6241241241241242
690,0.1896896896896897,0.3898898898898899,1.0,0.6241241241241242
691,0.1896896896896897,0.3898898898898899,1.0,0.617117117117117
692,0.1896896896896897,0.3898898898898899,1.0,0.617117117117117
693,0.1896896896896897,0.3898898898898899,1.0,0.6151151151151151
694,0.1896896896896897,0.3898898898898899,1.0,0.6186186186186187
695,0.1896896896896897,0.3898898898898899,1.0,0.46846846846846846
696,0.1896896896896897,0.3898898898898899,1.0,0.473973973973974
697,0.1896896896896897,0.3898898898898899,1.0,0.4714714714714715
698,0.1896896896896897,0.3898898898898899,1.0,0.473973973973974
699,0.1896896896896897,0.3898898898898899,1.0,0.477977977977978
700,0.1896896896896897,0.3898898898898899,1.0,0.477977977977978
701,0.1896896896896897,0.3898898898898899,1.0,0.48448448448448445
702,0.1896896896896897,0.3898898898898899,1.0,0.48448448448448445
703,0.1896896896896897,0.3898898898898899,1.0,0.4714714714714715
704,0.1896896896896897,0.3898898898898899,1.0,0.4714714714714715
705,0.1896896896896897,0.3898898898898899,1.0,0.46846846846846846
706,0.1896896896896897,0.3898898898898899,1.0,0.46846846846846846
707,0.1896896896896897,0.3898898898898899,1.0,0.46846846846846846
708,0.1896896896896897,0.3898898898898899,1.0,0.46846846846846846
709,0.1896896896896897,0.3898898898898899,1.0,0.478978978978979
710,0.1896896896896897,0.3898898898898899,1.0,0.478978978978979
711,0.1896896896896897,0.3898898898898899,1.0,0.4764764764764765
712,0.1896896896896897,0.3898898898898899,1.0,0.4654654654654654
713,0.1896896896896897,0.3898898898898899,1.0,0.46846846846846846
714,0.1896896896896897,0.3898898898898899,1.0,0.4714714714714715
715,0.1896896896896897,0.3898898898898899,1.0,0.46846846846846846
716,0.1896896896896897,0.3898898898898899,1.0,0.8982982982982982
717,0.1896896896896897,0.3898898898898899,1.0,0.8988988988988988
718,0.1896896896896897,0.3898898898898899,1.0,0.9039039039039038
719,0.1896896896896897,0.3898898898898899,1.0,0.9014014014014013
720,0.1896896896896897,0.3898898898898899,1.0,0.9639929784857322
721,0.1896896896896897,0.3898898898898899,1.0,0.964370167268718
722,0.1896896896896897,0.3898898898898899,1.0,0.9641380510945728
723,0.1896896896896897,0.3898898898898899,1.0,0.9643411527469499
724,0.1896896896896897,0.3898898898898899,1.0,0.9619619619619619
725,0.1896896896896897,0.3898898898898899,1.0,0.8855522188855522
726,0.1896896896896897,0.3898898898898899,1.0,0.883112278945614
727,0.1896896896896897,0.3898898898898899,1.0,0.9082415749082415
728,0.1896896896896897,0.3898898898898899,1.0,0.9061536112383564
729,0.1896896896896897,0.3898898898898899,1.0,0.9057199008299243
730,0.1896896896896897,0.3898898898898899,1.0,0.9049049049049049
731,0.1896896896896897,0.3898898898898899,1.0,0.9656762025183078
732,0.1896896896896897,0.3898898898898899,1.0,0.9646312979646313
733,0.1896896896896897,0.3898898898898899,1.0,0.962829026209308
734,0.1896896896896897,0.3898898898898899,1.0,0.9629347657516673
735,0.1896896896896897,0.3898898898898899,1.0,0.904738071404738
736,0.1896896896896897,0.3898898898898899,1.0,0.9042375709042375
737,0.1896896896896897,0.3898898898898899,1.0,0.9032365699032365
738,0.1896896896896897,0.3898898898898899,1.0,0.9011511511511512
739,0.1896896896896897,0.3898898898898899,1.0,0.8845512178845513
740,0.1896896896896897,0.3898898898898899,1.0,0.8848848848848849
741,0.1896896896896897,0.3898898898898899,1.0,0.8842175508842175
742,0.1896896896896897,0.3898898898898899,1.0,0.883498081414749
743,0.1896896896896897,0.3898898898898899,1.0,0.8848848848848849
744,0.1896896896896897,0.3898898898898899,1.0,0.9933021179760877
745,0.1896896896896897,0.3898898898898899,1.0,0.9897394580321409
746,0.1896896896896897,0.3898898898898899,1.0,0.8623623623623624
747,0.1896896896896897,0.3898898898898899,1.0,0.8623623623623624
748,0.1896896896896897,0.3898898898898899,1.0,0.22122122122122123
749,0.1896896896896897,0.3898898898898899,1.0,0.20870870870870872
750,0.1896896896896897,0.3898898898898899,1.0,0.21521521521521522
751,0.1896896896896897,0.3898898898898899,1.0,0.21521521521521522
752,0.1896896896896897,0.3898898898898899,1.0,0.2122122122122122
753,0.1896896896896897,0.3898898898898899,1.0,0.4504504504504504
754,0.1896896896896897,0.3898898898898899,1.0,0.4404404404404404
755,0.1896896896896897,0.3898898898898899,1.0,0.4369369369369369
756,0.1896896896896897,0.3898898898898899,1.0,0.5690690690690691
757,0.1896896896896897,0.3898898898898899,1.0,0.5690690690690691
758,0.1896896896896897,0.3898898898898899,1.0,0.5640640640640641
759,0.1896896896896897,0.3898898898898899,1.0,0.5730730730730731
760,0.1896896896896897,0.3898898898898899,1.0,0.5665665665665666
761,0.1896896896896897,0.3898898898898899,1.0,0.562062062062062
762,0.1896896896896897,0.3898898898898899,1.0,0.5640640640640641
763,0.1896896896896897,0.3898898898898899,1.0,0.562062062062062
764,0.1896896896896897,0.3898898898898899,1.0,0.562062062062062
765,0.1896896896896897,0.3898898898898899,1.0,0.5595595595595595
766,0.1896896896896897,0.3898898898898899,1.0,0.44344344344344344
767,0.1896896896896897,0.3898898898898899,1.0,0.44344344344344344
768,0.1896896896896897,0.3898898898898899,1.0,0.44344344344344344
769,0.1896896896896897,0.3898898898898899,1.0,0.44344344344344344
770,0.1896896896896897,0.3898898898898899,1.0,0.44344344344344344
771,0.1896896896896897,0.3898898898898899,1.0,0.44344344344344344
772,0.1896896896896897,0.3898898898898899,1.0,0.4469469469469469
773,0.1896896896896897,0.3898898898898899,1.0,0.4469469469469469
774,0.1896896896896897,0.3898898898898899,1.0,0.4469469469469469
775,0.1896896896896897,0.3898898898898899,1.0,0.46846846846846846
776,0.1896896896896897,0.3898898898898899,1.0,0.473973973973974
777,0.1896896896896897,0.3898898898898899,1.0,0.473973973973974
778,0.1896896896896897,0.3898898898898899,1.0,0.478978978978979
779,0.1896896896896897,0.3898898898898899,1.0,0.473973973973974
780,0.1896896896896897,0.3898898898898899,1.0,0.477977977977978
781,0.20870123855198483,0.3783783783783784,1.0,0.7997997997997998
782,0.2092092092092092,0.3763763763763764,1.0,0.7997997997997998
783,0.2097097097097097,0.37537537537537535,1.0,0.7062062062062062
784,0.21021021021021022,0.3733733733733734,1.0,0.7157157157157157
785,0.21056097880610444,0.3718793420285958,1.0,0.7167167167167167
786,0.21090143067859,0.36536536536536535,1.0,0.7147147147147147
787,0.2112537411880798,0.35835835835835833,1.0,0.7147147147147147
788,0.21174012946898282,0.35735735735735735,1.0,0.7147147147147147
789,0.2122122122122122,0.35535535535535534,1.0,0.7242242242242243
790,0.21270524255598883,0.3533533533533533,1.0,0.7227227227227228
791,0.2132132132132132,0.3518904178150749,1.0,0.7117117117117117
792,0.21371371371371373,0.34984984984984985,1.0,0.7197197197197197
793,0.21421421421421422,0.34734734734734735,1.0,0.7182182182182182
794,0.21465559495703218,0.34634634634634637,1.0,0.7132132132132132
795,0.21508399391329672,0.34434434434434436,1.0,0.7117117117117117
796,0.2154701303829388,0.3433433433433433,1.0,0.7117117117117117
797,0.21584874110430347,0.3418493119985658,1.0,0.7092092092092093
798,0.21621621621621623,0.3338338338338338,1.0,0.7062062062062062
799,0.21670924655999282,0.3259610059726097,1.0,0.7077077077077077
800,0.2172172172172172,0.32432432432432434,1.0,0.7062062062062062
801,0.21771771771771772,0.3233233233233233,1.0,0.7092092092092093
802,0.2182182182182182,0.3213213213213213,1.0,0.7077077077077077
803,0.21872618887544262,0.31998998998999,1.0,0.7062062062062062
804,0.21921921921921922,0.3108108108108108,1.0,0.7027027027027027
805,0.21971224956299584,0.3023023023023023,1.0,0.7042042042042043
806,0.22022022022022023,0.3013013013013013,1.0,0.7042042042042043
807,0.22072072072072074,0.29929929929929927,1.0,0.6911911911911912
808,0.22122122122122123,0.2972972972972973,1.0,0.7512512512512513
809,0.24224224224224222,0.2882882882882883,1.0,0.7627627627627628
810,0.24224224224224222,0.2882882882882883,1.0,0.7627627627627628
811,0.22172919187844561,0.2882882882882883,1.0,0.7537537537537538
812,0.22122122122122123,0.2882882882882883,1.0,0.7547547547547547
813,0.22072072072072074,0.2882882882882883,1.0,0.7457457457457457
814,0.22022022022022023,0.2882882882882883,1.0,0.7397397397397397
815,0.21971224956299584,0.2882882882882883,1.0,0.7452452452452452
816,0.21921921921921922,0.2882882882882883,1.0,0.7297297297297297
817,0.21872618887544262,0.2882882882882883,1.0,0.7452452452452452
818,0.2182182182182182,0.2882882882882883,1.0,0.8368368368368369
819,0.21771771771771772,0.2882882882882883,1.0,0.8278278278278278
820,0.2172172172172172,0.2882882882882883,1.0,0.8278278278278278
821,0.21670924655999282,0.2882882882882883,1.0,0.8238238238238238
822,0.21621621621621623,0.2882882882882883,1.0,0.8158158158158159
823,0.21584874110430347,0.2882882882882883,1.0,0.7827827827827828
824,0.2154701303829388,0.2882882882882883,1.0,0.7822822822822824
825,0.21508399391329672,0.2882882882882883,1.0,0.7747747747747747
826,0.21465559495703218,0.2882882882882883,1.0,0.7887887887887888
827,0.21421421421421422,0.2882882882882883,1.0,0.7877877877877878
828,0.21371371371371373,0.2882882882882883,1.0,0.7782782782782782
829,0.2132132132132132,0.2882882882882883,1.0,0.7562562562562563
830,0.21270524255598883,0.2882882882882883,1.0,0.7427427427427428
831,0.2122122122122122,0.2882882882882883,1.0,0.7257257257257257
832,0.21174012946898282,0.2882882882882883,1.0,0.7287287287287287
833,0.2112537411880798,0.2882882882882883,1.0,0.7452452452452452
834,0.21090143067859,0.2882882882882883,1.0,0.7727727727727728
835,0.21056097880610444,0.2882882882882883,1.0,0.7772772772772774
836,0.21021021021021022,0.2882882882882883,1.0,0.7757757757757757
837,0.2097097097097097,0.2882882882882883,1.0,0.7397397397397397
838,0.2092092092092092,0.2882882882882883,1.0,0.7342342342342343
839,0.1896896896896897,0.2882882882882883,1.0,0.7357357357357357
840,0.1896896896896897,0.2882882882882883,1.0,0.7667667667667668
841,0.20870123855198483,0.2882882882882883,1.0,0.7182182182182182
842,0.2092092092092092,0.2882882882882883,1.0,0.7257257257257257
843,0.2097097097097097,0.2882882882882883,1.0,0.7312312312312312
844,0.21021021021021022,0.2882882882882883,1.0,0.7312312312312312
845,0.21056097880610444,0.2882882882882883,1.0,0.7287287287287287
846,0.21090143067859,0.2882882882882883,1.0,0.7297297297297297
847,0.2112537411880798,0.2882882882882883,1.0,0.7647647647647647
848,0.21174012946898282,0.2882882882882883,1.0,0.7677677677677678
849,0.2122122122122122,0.2882882882882883,1.0,0.7727727727727728
850,0.21270524255598883,0.2882882882882883,1.0,0.7727727727727728
851,0.2132132132132132,0.2882882882882883,1.0,0.7647647647647647
852,0.21371371371371373,0.2882882882882883,1.0,0.7717717717717718
853,0.21421421421421422,0.2882882882882883,1.0,0.7717717717717718
854,0.21465559495703218,0.2882882882882883,1.0,0.7782782782782782
855,0.21508399391329672,0.2882882882882883,1.0,0.7737737737737738
856,0.2154701303829388,0.2882882882882883,1.0,0.7677677677677678
857,0.21584874110430347,0.2882882882882883,1.0,0.7787787787787788
858,0.21621621621621623,0.2882882882882883,1.0,0.7772772772772774
859,0.21670924655999282,0.2882882882882883,1.0,0.7747747747747747
860,0.2172172172172172,0.2882882882882883,1.0,0.7547547547547547
861,0.21771771771771772,0.2882882882882883,1.0,0.7562562562562563
862,0.2182182182182182,0.2882882882882883,1.0,0.7637637637637638
863,0.21872618887544262,0.2882882882882883,1.0,0.7537537537537538
864,0.21921921921921922,0.2882882882882883,1.0,0.7062062062062062
865,0.21971224956299584,0.2882882882882883,1.0,0.7757757757757757
866,0.22022022022022023,0.2882882882882883,1.0,0.7647647647647647
867,0.22072072072072074,0.2882882882882883,1.0,0.7657657657657657
868,0.22122122122122123,0.2882882882882883,1.0,0.9629136178431954
869,0.24224224224224222,0.2882882882882883,1.0,0.963688012336661
870,0.24224224224224222,0.2882882882882883,1.0,0.9638016394773152
871,0.22172919187844561,0.2882882882882883,1.0,0.9638016394773152
872,0.22122122122122123,0.2882882882882883,1.0,0.477977977977978
873,0.22072072072072074,0.2882882882882883,1.0,0.9054482355215845
874,0.22022022022022023,0.2882882882882883,1.0,0.9131631631631631
875,0.21971224956299584,0.2882882882882883,1.0,0.914914914914915
876,0.21921921921921922,0.2882882882882883,1.0,0.914136358580803
877,0.21872618887544262,0.2882882882882883,1.0,0.9143588032476921
878,0.2182182182182182,0.2882882882882883,1.0,0.914136358580803
879,0.21771771771771772,0.2882882882882883,1.0,0.9136636636636636
880,0.2172172172172172,0.2882882882882883,1.0,0.9134134134134133
881,0.21670924655999282,0.2882882882882883,1.0,0.9143588032476921
882,0.21621621621621623,0.2882882882882883,1.0,0.9132882882882882
883,0.21584874110430347,0.2882882882882883,1.0,0.9140251362473584
884,0.2154701303829388,0.2882882882882883,1.0,0.9137887887887888
885,0.21508399391329672,0.2882882882882883,1.0,0.9134134134134133
886,0.21465559495703218,0.2882882882882883,1.0,0.9135385385385385
887,0.21421421421421422,0.2882882882882883,1.0,0.914136358580803
888,0.21371371371371373,0.2882882882882883,1.0,0.913038038038038
889,0.2132132132132132,0.2882882882882883,1.0,0.9070499070499071
890,0.21270524255598883,0.2882882882882883,1.0,0.9085752419085752
891,0.2122122122122122,0.2882882882882883,1.0,0.9061536112383564
892,0.21174012946898282,0.2882882882882883,1.0,0.9051765702132447
893,0.2112537411880798,0.2882882882882883,1.0,0.9071929071929071
894,0.21090143067859,0.2882882882882883,1.0,0.9077649077649077
895,0.21056097880610444,0.2882882882882883,1.0,0.9059652873212187
896,0.21021021021021022,0.2882882882882883,1.0,0.9073359073359073
897,0.2097097097097097,0.2882882882882883,1.0,0.9057199008299243
898,0.2092092092092092,0.2882882882882883,1.0,0.9944305140241279
899,0.1896896896896897,0.2882882882882883,1.0,0.9902496099843994
900,0.1896896896896897,0.2882882882882883,1.0,0.9902496099843994
901,0.1896896896896897,0.2882882882882883,1.0,0.8878878878878879
902,0.1896896896896897,0.2882882882882883,1.0,0.8908908908908909
903,0.1896896896896897,0.2882882882882883,1.0,0.8868868868868869
904,0.1896896896896897,0.2882882882882883,1.0,0.8893772893772895
905,0.1896896896896897,0.2882882882882883,1.0,0.8858858858858859
906,0.1896896896896897,0.2882882882882883,1.0,0.6306306306306306
907,0.1896896896896897,0.2882882882882883,1.0,0.6306306306306306
908,0.1896896896896897,0.2882882882882883,1.0,0.6186186186186187
909,0.1896896896896897,0.2882882882882883,1.0,0.515015015015015
910,0.1896896896896897,0.2882882882882883,1.0,0.4984984984984985
911,0.1896896896896897,0.2882882882882883,1.0,0.5015015015015015
912,0.1896896896896897,0.2882882882882883,1.0,0.3038038038038038
913,0.1896896896896897,0.2882882882882883,1.0,0.28128128128128127
914,0.1896896896896897,0.2882882882882883,1.0,0.28678678678678676
915,0.1896896896896897,0.2882882882882883,1.0,0.8243243243243243
916,0.1896896896896897,0.2882882882882883,1.0,0.8678678678678678
917,0.1896896896896897,0.2882882882882883,1.0,0.8692025358692025
918,0.1896896896896897,0.2882882882882883,1.0,0.3038038038038038
919,0.1896896896896897,0.2882882882882883,1.0,0.28678678678678676
920,0.1896896896896897,0.2882882882882883,1.0,0.29229229229229226
921,0.1896896896896897,0.2882882882882883,1.0,0.28678678678678676
922,0.1896896896896897,0.2882882882882883,1.0,0.28128128128128127
923,0.1896896896896897,0.2882882882882883,1.0,0.2977977977977978
924,0.1896896896896897,0.2882882882882883,1.0,0.27627627627627627
925,0.1896896896896897,0.2882882882882883,1.0,0.28128128128128127
926,0.1896896896896897,0.2882882882882883,1.0,0.28678678678678676
927,0.1896896896896897,0.2882882882882883,1.0,0.28678678678678676
928,0.1896896896896897,0.2882882882882883,1.0,0.28678678678678676
929,0.1896896896896897,0.2882882882882883,1.0,0.27627627627627627
930,0.1896896896896897,0.2882882882882883,1.0,0.28678678678678676
931,0.1896896896896897,0.2882882882882883,1.0,0.28678678678678676
932,0.1896896896896897,0.2882882882882883,1.0,0.2977977977977978
933,0.1896896896896897,0.2882882882882883,1.0,0.2977977977977978
934,0.1896896896896897,0.2882882882882883,1.0,0.28678678678678676
935,0.1896896896896897,0.2882882882882883,1.0,0.28128128128128127
936,0.1896896896896897,0.2882882882882883,1.0,0.27627627627627627
937,0.1896896896896897,0.2882882882882883,1.0,0.27127127127127126
938,0.1896896896896897,0.2882882882882883,1.0,0.27627627627627627
939,0.1896896896896897,0.2882882882882883,1.0,0.27627627627627627
940,0.1896896896896897,0.2882882882882883,1.0,0.27627627627627627
941,0.1896896896896897,0.2882882882882883,1.0,0.27127127127127126
942,0.1896896896896897,0.2882882882882883,1.0,0.28128128128128127
943,0.1896896896896897,0.2882882882882883,1.0,0.27627627627627627
944,0.1896896896896897,0.2882882882882883,1.0,0.29229229229229226
945,0.1896896896896897,0.2882882882882883,1.0,0.27127127127127126
946,0.1896896896896897,0.2882882882882883,1.0,0.27627627627627627
947,0.1896896896896897,0.2882882882882883,1.0,0.28678678678678676
948,0.1896896896896897,0.2882882882882883,1.0,0.28678678678678676
949,0.1896896896896897,0.2882882882882883,1.0,0.3098098098098098
950,0.1896896896896897,0.2882882882882883,1.0,0.3098098098098098
951,0.1896896896896897,0.2882882882882883,1.0,0.28128128128128127
952,0.1896896896896897,0.2882882882882883,1.0,0.28128128128128127
953,0.1896896896896897,0.2882882882882883,1.0,0.28678678678678676
954,0.1896896896896897,0.2882882882882883,1.0,0.5305305305305306
955,0.1896896896896897,0.2882882882882883,1.0,0.515015015015015
956,0.1896896896896897,0.2882882882882883,1.0,0.5040040040040039
957,0.1896896896896897,0.2882882882882883,1.0,0.5125125125125125
958,0.1896896896896897,0.2882882882882883,1.0,0.5040040040040039
959,0.1896896896896897,0.2882882882882883,1.0,0.5015015015015015
960,0.1896896896896897,0.2882882882882883,1.0,0.5015015015015015
961,0.17084084084084084,0.29556944173230054,1.0,0.49549549549549554
962,0.1705005005005005,0.29680055995845467,1.0,0.48998998998999
963,0.17017017017017017,0.2982982982982983,1.0,0.48998998998999
964,0.16983983983983983,0.29962962962962963,1.0,0.4924924924924925
965,0.1694994994994995,0.3013013013013013,1.0,0.29229229229229226
966,0.16916916916916916,0.3021033081274045,1.0,0.29229229229229226
967,0.16867613882539256,0.30290170409930894,1.0,0.3153153153153153
968,0.16816816816816815,0.318988988988989,1.0,0.3923923923923924
969,0.16776193432519612,0.3203203203203203,1.0,0.37737737737737737
970,0.1673557004822241,0.3213213213213213,1.0,0.37487487487487486
971,0.16694630801013802,0.3224073436414171,1.0,0.3663663663663664
972,0.1665562370881521,0.3239227251203299,1.0,0.35485485485485485
973,0.16616616616616617,0.3249427013656705,1.0,0.34934934934934936
974,0.16565819550894179,0.3263263263263263,1.0,0.34384384384384387
975,0.16516516516516516,0.3338338338338338,1.0,0.34934934934934936
976,0.16483483483483483,0.34134134134134136,1.0,0.34384384384384387
977,0.1644944944944945,0.3428466060045007,1.0,0.33783783783783783
978,0.16416416416416416,0.3437449425473378,1.0,0.33783783783783783
979,0.16383383383383382,0.34534534534534533,1.0,0.3238238238238238
980,0.16349349349349349,0.34634634634634637,1.0,0.3238238238238238
981,0.16316316316316315,0.3471483531724496,1.0,0.3153153153153153
982,0.16267013281938655,0.3483483483483483,1.0,0.3208208208208208
983,0.16216216216216217,0.3508546140125087,1.0,0.3153153153153153
984,0.16166166166166168,0.35238061916576885,1.0,0.3153153153153153
985,0.16116116116116116,0.3533533533533533,1.0,0.3153153153153153
986,0.16082082082082083,0.355025025025025,1.0,0.3238238238238238
987,0.1604904904904905,0.35627188683362815,1.0,0.3153153153153153
988,0.16016016016016016,0.35775534570715295,1.0,0.3153153153153153
989,0.14464464464464466,0.36536536536536535,1.0,0.3098098098098098
990,0.14464464464464466,0.36536536536536535,1.0,0.3153153153153153
991,0.14464464464464466,0.37237237237237236,1.0,0.3153153153153153
992,0.14464464464464466,0.3743743743743744,1.0,0.3153153153153153
993,0.14464464464464466,0.3759747771723819,1.0,0.55005005005005
994,0.14464464464464466,0.37813000970895705,1.0,0.5040040040040039
995,0.14464464464464466,0.3898898898898899,1.0,0.52002002002002
996,0.14464464464464466,0.4024024024024024,1.0,0.5125125125125125
997,0.14464464464464466,0.4044044044044044,1.0,0.4984984984984985
998,0.14464464464464466,0.4064064064064064,1.0,0.48698698698698695
999,0.14464464464464466,0.4084084084084084,1.0,0.46846846846846846
1000,0.14464464464464466,0.42242242242242245,1.0,0.45795795795795796
1001,0.14464464464464466,0.43663543061133425,1.0,0.5255255255255256
1002,0.14464464464464466,0.4388400376424329,1.0,0.4924924924924925
1003,0.14464464464464466,0.44044044044044045,1.0,0.48848848848848847
1004,0.14464464464464466,0.44244244244244246,1.0,0.647147147147147
1005,0.14464464464464466,0.44844844844844844,1.0,0.6381381381381381
1006,0.14464464464464466,0.45465344862935225,1.0,0.6366366366366366
1007,0.14464464464464466,0.4568580556604509,1.0,0.6256256256256256
1008,0.14464464464464466,0.45845845845845845,1.0,0.6091091091091092
1009,0.14464464464464466,0.46026146628556264,1.0,0.6106106106106106
1010,0.14464464464464466,0.46296296296296297,1.0,0.6441441441441442
1011,0.14464464464464466,0.46566445964036324,1.0,0.6331331331331331
1012,0.14464464464464466,0.4674674674674675,1.0,0.6106106106106106
1013,0.14464464464464466,0.46906787026547503,1.0,0.6366366366366366
1014,0.14464464464464466,0.4712724772965737,1.0,0.6306306306306306
1015,0.14464464464464466,0.47847847847847846,1.0,0.6351351351351351
1016,0.14464464464464466,0.48568447966038325,1.0,0.6401401401401401
1017,0.14464464464464466,0.48788908669148195,1.0,0.6241241241241242
1018,0.14464464464464466,0.4894894894894895,1.0,0.6061061061061062
1019,0.14464464464464466,0.512012012012012,1.0,0.6396396396396397
1020,0.14464464464464466,0.512012012012012,1.0,0.6111111111111112
1021,0.14464464464464466,0.4912924973165937,1.0,0.6026026026026026
1022,0.14464464464464466,0.4894894894894895,1.0,0.6351351351351351
1023,0.14464464464464466,0.48788908669148195,1.0,0.6011011011011012
1024,0.14464464464464466,0.48568447966038325,1.0,0.5890890890890891
1025,0.14464464464464466,0.47847847847847846,1.0,0.5880880880880881
1026,0.14464464464464466,0.4712724772965737,1.0,0.5065065065065065
1027,0.14464464464464466,0.46906787026547503,1.0,0.5015015015015015
1028,0.14464464464464466,0.4674674674674675,1.0,0.5095095095095095
1029,0.14464464464464466,0.46566445964036324,1.0,0.5065065065065065
1030,0.14464464464464466,0.46296296296296297,1.0,0.5125125125125125
1031,0.14464464464464466,0.46026146628556264,1.0,0.5160160160160161
1032,0.14464464464464466,0.45845845845845845,1.0,0.5475475475475475
1033,0.14464464464464466,0.4568580556604509,1.0,0.9100529100529101
1034,0.14464464464464466,0.45465344862935225,1.0,0.9656235182550972
1035,0.14464464464464466,0.44844844844844844,1.0,0.9654918075970708
1036,0.14464464464464466,0.44244244244244246,1.0,0.9635743851960068
1037,0.14464464464464466,0.44044044044044045,1.0,0.9634769905040176
1038,0.14464464464464466,0.4388400376424329,1.0,0.9642976309642977
1039,0.14464464464464466,0.43663543061133425,1.0,0.9640219930075002
1040,0.14464464464464466,0.42242242242242245,1.0,0.9624483638568145
1041,0.14464464464464466,0.4084084084084084,1.0,0.9617996374753132
1042,0.14464464464464466,0.4064064064064064,1.0,0.9619349078808538
1043,0.14464464464464466,0.4044044044044044,1.0,0.916016016016016
1044,0.14464464464464466,0.4024024024024024,1.0,0.9146924702480258
1045,0.14464464464464466,0.3898898898898899,1.0,0.9136636636636636
1046,0.14464464464464466,0.37813000970895705,1.0,0.9157729157729158
1047,0.14464464464464466,0.3759747771723819,1.0,0.9153439153439153
1048,0.14464464464464466,0.3743743743743744,1.0,0.9077649077649077
1049,0.14464464464464466,0.36536536536536535,1.0,0.9065302590726316
1050,0.14464464464464466,0.36536536536536535,1.0,0.9039039039039038
1051,0.14464464464464466,0.36536536536536535,1.0,0.9027027027027027
1052,0.14464464464464466,0.36536536536536535,1.0,0.9061536112383564
1053,0.14464464464464466,0.36536536536536535,1.0,0.9095095095095095
1054,0.14464464464464466,0.36536536536536535,1.0,0.9082415749082415
1055,0.14464464464464466,0.36536536536536535,1.0,0.9089089089089089
1056,0.14464464464464466,0.36536536536536535,1.0,0.9080747414080748
1057,0.14464464464464466,0.36536536536536535,1.0,0.9067185829897693
1058,0.14464464464464466,0.36536536536536535,1.0,0.906341935155494
1059,0.14464464464464466,0.36536536536536535,1.0,0.9054482355215845
1060,0.14464464464464466,0.36536536536536535,1.0,0.9023023023023022
1061,0.14464464464464466,0.36536536536536535,1.0,0.9016516516516516
1062,0.14464464464464466,0.36536536536536535,1.0,0.9025025025025025
1063,0.14464464464464466,0.36536536536536535,1.0,0.9025025025025025
1064,0.14464464464464466,0.36536536536536535,1.0,0.9023023023023022
1065,0.14464464464464466,0.36536536536536535,1.0,0.9057199008299243
1066,0.14464464464464466,0.36536536536536535,1.0,0.9032365699032365
1067,0.14464464464464466,0.36536536536536535,1.0,0.9029029029029029
1068,0.14464464464464466,0.36536536536536535,1.0,0.9025025025025025
1069,0.14464464464464466,0.36536536536536535,1.0,0.9027027027027027
1070,0.14464464464464466,0.36536536536536535,1.0,0.933086933086933
1071,0.14464464464464466,0.36536536536536535,1.0,0.9146924702480258
1072,0.14464464464464466,0.36536536536536535,1.0,0.9150579150579151
1073,0.14464464464464466,0.36536536536536535,1.0,0.9148036925814704
1074,0.14464464464464466,0.36536536536536535,1.0,0.9165165165165166
1075,0.14464464464464466,0.36536536536536535,1.0,0.9161161161161161
1076,0.14464464464464466,0.36536536536536535,1.0,0.9148036925814704
1077,0.14464464464464466,0.36536536536536535,1.0,0.9148036925814704
1078,0.14464464464464466,0.36536536536536535,1.0,0.9148036925814704
1079,0.14464464464464466,0.36536536536536535,1.0,0.9143588032476921
1080,0.14464464464464466,0.36536536536536535,1.0,0.9142475809142475
1081,0.14464464464464466,0.36536536536536535,1.0,0.9131631631631631
1082,0.14464464464464466,0.36536536536536535,1.0,0.9144700255811367
1083,0.14464464464464466,0.36536536536536535,1.0,0.9145812479145813
1084,0.14464464464464466,0.36536536536536535,1.0,0.9176176176176176
1085,0.14464464464464466,0.36536536536536535,1.0,0.9188279188279188
1086,0.14464464464464466,0.36536536536536535,1.0,0.9168168168168168
1087,0.14464464464464466,0.36536536536536535,1.0,0.7987987987987988
1088,0.14464464464464466,0.36536536536536535,1.0,0.8053053053053053
1089,0.14464464464464466,0.36536536536536535,1.0,0.8008008008008007
1090,0.14464464464464466,0.36536536536536535,1.0,0.7807807807807807
1091,0.14464464464464466,0.36536536536536535,1.0,0.7772772772772774
1092,0.14464464464464466,0.36536536536536535,1.0,0.7787787787787788
1093,0.14464464464464466,0.36536536536536535,1.0,0.7797797797797797
1094,0.14464464464464466,0.36536536536536535,1.0,0.7817817817817818
1095,0.14464464464464466,0.36536536536536535,1.0,0.8228228228228228
1096,0.14464464464464466,0.36536536536536535,1.0,0.8138138138138138
1097,0.14464464464464466,0.36536536536536535,1.0,0.8158158158158159
1098,0.14464464464464466,0.36536536536536535,1.0,0.8338338338338338
1099,0.14464464464464466,0.36536536536536535,1.0,0.8343343343343343
1100,0.14464464464464466,0.36536536536536535,1.0,0.8268268268268268
1101,0.14464464464464466,0.36536536536536535,1.0,0.8258258258258259
1102,0.14464464464464466,0.36536536536536535,1.0,0.9389922872097881
1103,0.14464464464464466,0.36536536536536535,1.0,0.9391923432254725
1104,0.14464464464464466,0.36536536536536535,1.0,0.9386886886886887
1105,0.14464464464464466,0.36536536536536535,1.0,0.9390189613452128
1106,0.14464464464464466,0.36536536536536535,1.0,0.9181909181909181
1107,0.14464464464464466,0.36536536536536535,1.0,0.9173173173173172
1108,0.14464464464464466,0.36536536536536535,1.0,0.9059652873212187
1109,0.14464464464464466,0.36536536536536535,1.0,0.9123669123669124
1110,0.14464464464464466,0.36536536536536535,1.0,0.9125489125489126
1111,0.14464464464464466,0.36536536536536535,1.0,0.9120939120939121
1112,0.14464464464464466,0.36536536536536535,1.0,0.9120939120939121
1113,0.14464464464464466,0.36536536536536535,1.0,0.9101959101959102
1114,0.14464464464464466,0.36536536536536535,1.0,0.9104819104819105
1115,0.14464464464464466,0.36536536536536535,1.0,0.9132882882882882
1116,0.14464464464464466,0.36536536536536535,1.0,0.9640510075292684
1117,0.14464464464464466,0.36536536536536535,1.0,0.9124579124579124
1118,0.14464464464464466,0.36536536536536535,1.0,0.8268268268268268
1119,0.14464464464464466,0.36536536536536535,1.0,0.8108108108108109
1120,0.14464464464464466,0.36536536536536535,1.0,0.8931155604502301
1121,0.14464464464464466,0.36536536536536535,1.0,0.9630387143900657
1122,0.14464464464464466,0.36536536536536535,1.0,0.8968968968968969
1123,0.14464464464464466,0.36536536536536535,1.0,0.8943798449612383
1124,0.14464464464464466,0.36536536536536535,1.0,0.8173173173173174
1125,0.14464464464464466,0.36536536536536535,1.0,0.8158158158158159
1126,0.14464464464464466,0.36536536536536535,1.0,0.8298298298298298
1127,0.14464464464464466,0.36536536536536535,1.0,0.8355021688355022
1128,0.14464464464464466,0.36536536536536535,1.0,0.8168168168168168
1129,0.14464464464464466,0.36536536536536535,1.0,0.8258258258258259
1130,0.14464464464464466,0.36536536536536535,1.0,0.8258258258258259
1131,0.14464464464464466,0.36536536536536535,1.0,0.8108108108108109
1132,0.14464464464464466,0.36536536536536535,1.0,0.8088088088088088
1133,0.14464464464464466,0.36536536536536535,1.0,0.8088088088088088
1134,0.14464464464464466,0.36536536536536535,1.0,0.8328328328328328
1135,0.14464464464464466,0.36536536536536535,1.0,0.8531865198531865
1136,0.14464464464464466,0.36536536536536535,1.0,0.8358358358358359
1137,0.14464464464464466,0.36536536536536535,1.0,0.8268268268268268
1138,0.14464464464464466,0.36536536536536535,1.0,0.8268268268268268
1139,0.14464464464464466,0.36536536536536535,1.0,0.8428428428428428
1140,0.14464464464464466,0.36536536536536535,1.0,0.9073359073359073
1141,0.14464464464464466,0.37237237237237236,1.0,0.9172172172172172
1142,0.14464464464464466,0.3743743743743744,1.0,0.9172172172172172
1143,0.14464464464464466,0.3759747771723819,1.0,0.9042375709042375
1144,0.14464464464464466,0.37813000970895705,1.0,0.9040707374040707
1145,0.14464464464464466,0.3898898898898899,1.0,0.8973973973973974
1146,0.14464464464464466,0.4024024024024024,1.0,0.8960960960960961
1147,0.14464464464464466,0.4044044044044044,1.0,0.8978978978978979
1148,0.14464464464464466,0.4064064064064064,1.0,0.8971471471471472
1149,0.14464464464464466,0.4084084084084084,1.0,0.8966966966966967
1150,0.14464464464464466,0.42242242242242245,1.0,0.8971471471471472
1151,0.14464464464464466,0.43663543061133425,1.0,0.8971471471471472
1152,0.14464464464464466,0.4388400376424329,1.0,0.8971471471471472
1153,0.14464464464464466,0.44044044044044045,1.0,0.8658658658658659
1154,0.14464464464464466,0.44244244244244246,1.0,0.8692025358692025
1155,0.14464464464464466,0.44844844844844844,1.0,0.8672005338672005
1156,0.14464464464464466,0.45465344862935225,1.0,0.8663663663663663
1157,0.14464464464464466,0.4568580556604509,1.0,0.8643643643643644
1158,0.14464464464464466,0.45845845845845845,1.0,0.8695362028695363
1159,0.14464464464464466,0.46026146628556264,1.0,0.871735548778352
1160,0.14464464464464466,0.46296296296296297,1.0,0.871735548778352
1161,0.14464464464464466,0.46566445964036324,1.0,0.8698698698698699
1162,0.14464464464464466,0.4674674674674675,1.0,0.8708708708708709
1163,0.14464464464464466,0.46906787026547503,1.0,0.8708708708708709
1164,0.14464464464464466,0.4712724772965737,1.0,0.8783783783783784
1165,0.14464464464464466,0.47847847847847846,1.0,0.8618618618618619
1166,0.14464464464464466,0.48568447966038325,1.0,0.8628628628628628
1167,0.14464464464464466,0.48788908669148195,1.0,0.8398398398398398
1168,0.14464464464464466,0.4894894894894895,1.0,0.8578578578578578
1169,0.14464464464464466,0.512012012012012,1.0,0.8578578578578578
1170,0.14464464464464466,0.512012012012012,1.0,0.8278278278278278
1171,0.14464464464464466,0.512012012012012,1.0,0.8913913913913913
1172,0.14464464464464466,0.512012012012012,1.0,0.895601951157505
1173,0.14464464464464466,0.512012012012012,1.0,0.8947028423772561
1174,0.14464464464464466,0.512012012012012,1.0,0.9106249106249107
1175,0.14464464464464466,0.512012012012012,1.0,0.992992992992993
1176,0.14464464464464466,0.512012012012012,1.0,0.992555055055055
1177,0.14464464464464466,0.512012012012012,1.0,0.9936885242049559
1178,0.14464464464464466,0.512012012012012,1.0,0.99242992992993
1179,0.14464464464464466,0.512012012012012,1.0,0.9124579124579124
1180,0.14464464464464466,0.512012012012012,1.0,0.9124579124579124
1181,0.14464464464464466,0.512012012012012,1.0,0.9071929071929071
1182,0.14464464464464466,0.512012012012012,1.0,0.9119119119119119
1183,0.14464464464464466,0.512012012012012,1.0,0.909109109109109
1184,0.14464464464464466,0.512012012012012,1.0,0.9190997343967238
1185,0.14464464464464466,0.512012012012012,1.0,0.9188279188279188
1186,0.14464464464464466,0.512012012012012,1.0,0.9180999180999181
1187,0.14464464464464466,0.512012012012012,1.0,0.9179179179179179
1188,0.14464464464464466,0.512012012012012,1.0,0.9188279188279188
1189,0.14464464464464466,0.512012012012012,1.0,0.9191901421356262
1190,0.14464464464464466,0.512012012012012,1.0,0.9181909181909181
1191,0.14464464464464466,0.512012012012012,1.0,0.9187369187369187
1192,0.14464464464464466,0.512012012012012,1.0,0.9167167167167167
1193,0.14464464464464466,0.512012012012012,1.0,0.9174174174174174
1194,0.14464464464464466,0.512012012012012,1.0,0.917017017017017
1195,0.14464464464464466,0.512012012012012,1.0,0.917017017017017
1196,0.14464464464464466,0.512012012012012,1.0,0.9168168168168168
1197,0.14464464464464466,0.512012012012012,1.0,0.8888888888888888
1198,0.14464464464464466,0.512012012012012,1.0,0.883498081414749
1199,0.14464464464464466,0.512012012012012,1.0,0.8643643643643644
1200,0.14464464464464466,0.512012012012012,1.0,0.8648648648648649
1201,0.14464464464464466,0.512012012012012,1.0,0.8553553553553553
1202,0.14464464464464466,0.512012012012012,1.0,0.8448448448448448
1203,0.14464464464464466,0.512012012012012,1.0,0.9126399126399126
1204,0.14464464464464466,0.512012012012012,1.0,0.9127309127309127
1205,0.14464464464464466,0.512012012012012,1.0,0.9120939120939121
1206,0.14464464464464466,0.512012012012012,1.0,0.9095095095095095
1207,0.14464464464464466,0.512012012012012,1.0,0.8651985318651986
1208,0.14464464464464466,0.512012012012012,1.0,0.8911411411411412
1209,0.14464464464464466,0.512012012012012,1.0,0.8898656898656903
1210,0.14464464464464466,0.512012012012012,1.0,0.8918918918918919
1211,0.14464464464464466,0.512012012012012,1.0,0.8908908908908909
1212,0.14464464464464466,0.512012012012012,1.0,0.8896214896214899
1213,0.14464464464464466,0.512012012012012,1.0,0.8933382280075673
1214,0.14464464464464466,0.512012012012012,1.0,0.8926426426426426
1215,0.14464464464464466,0.512012012012012,1.0,0.8911411411411412
1216,0.14464464464464466,0.512012012012012,1.0,0.8896214896214899
1217,0.14464464464464466,0.512012012012012,1.0,0.8881381381381381
1218,0.14464464464464466,0.512012012012012,1.0,0.8886386386386386
1219,0.14464464464464466,0.512012012012012,1.0,0.8838838838838838
1220,0.14464464464464466,0.512012012012012,1.0,0.8825941325941355
1221,0.14464464464464466,0.512012012012012,1.0,0.8783783783783784
1222,0.14464464464464466,0.512012012012012,1.0,0.8845512178845513
1223,0.14464464464464466,0.512012012012012,1.0,0.8888888888888888
1224,0.14464464464464466,0.512012012012012,1.0,0.8881381381381381
1225,0.14464464464464466,0.512012012012012,1.0,0.8881381381381381
1226,0.14464464464464466,0.512012012012012,1.0,0.8923923923923924
1227,0.14464464464464466,0.512012012012012,1.0,0.8883883883883883
1228,0.14464464464464466,0.512012012012012,1.0,0.8862195528862196
1229,0.14464464464464466,0.512012012012012,1.0,0.8742075408742075
1230,0.14464464464464466,0.512012012012012,1.0,0.8378378378378378
1231,0.14464464464464466,0.512012012012012,1.0,0.8388388388388388
1232,0.14464464464464466,0.512012012012012,1.0,0.8531865198531865
1233,0.14464464464464466,0.512012012012012,1.0,0.8424661950085686
1234,0.14464464464464466,0.512012012012012,1.0,0.8398398398398398
1235,0.14464464464464466,0.512012012012012,1.0,0.8448448448448448
1236,0.14464464464464466,0.512012012012012,1.0,0.8528528528528528
1237,0.14464464464464466,0.512012012012012,1.0,0.8398398398398398
1238,0.14464464464464466,0.512012012012012,1.0,0.8343343343343343
1239,0.14464464464464466,0.512012012012012,1.0,0.8368368368368369
1240,0.14464464464464466,0.512012012012012,1.0,0.8408408408408409
1241,0.14464464464464466,0.512012012012012,1.0,0.8348348348348348
1242,0.14464464464464466,0.512012012012012,1.0,0.8420895471742944
1243,0.14464464464464466,0.512012012012012,1.0,0.8355021688355022
1244,0.14464464464464466,0.512012012012012,1.0,0.8368368368368369
1245,0.14464464464464466,0.512012012012012,1.0,0.8378378378378378
1246,0.14464464464464466,0.512012012012012,1.0,0.8424661950085686
1247,0.14464464464464466,0.512012012012012,1.0,0.8558558558558559
1248,0.14464464464464466,0.512012012012012,1.0,0.8428428428428428
1249,0.14464464464464466,0.512012012012012,1.0,0.8424661950085686
1250,0.14464464464464466,0.512012012012012,1.0,0.8453453453453453
1251,0.14464464464464466,0.512012012012012,1.0,0.8453453453453453
1252,0.14464464464464466,0.512012012012012,1.0,0.8388388388388388
1253,0.14464464464464466,0.512012012012012,1.0,0.8348348348348348
1254,0.14464464464464466,0.512012012012012,1.0,0.8348348348348348
1255,0.14464464464464466,0.512012012012012,1.0,0.8408408408408409
1256,0.14464464464464466,0.512012012012012,1.0,0.8318318318318318
1257,0.14464464464464466,0.512012012012012,1.0,0.8428428428428428
1258,0.14464464464464466,0.512012012012012,1.0,0.8424661950085686
1259,0.14464464464464466,0.512012012012012,1.0,0.8424661950085686
1260,0.14464464464464466,0.512012012012012,1.0,0.8420895471742944
1261,0.14464464464464466,0.512012012012012,1.0,0.8420895471742944
1262,0.14464464464464466,0.512012012012012,1.0,0.8531865198531865
1263,0.14464464464464466,0.512012012012012,1.0,0.8268268268268268
1264,0.14464464464464466,0.512012012012012,1.0,0.8173173173173174
1265,0.14464464464464466,0.512012012012012,1.0,0.8358358358358359
1266,0.14464464464464466,0.512012012012012,1.0,0.8368368368368369
1267,0.14464464464464466,0.512012012012012,1.0,0.8355021688355022
1268,0.14464464464464466,0.512012012012012,1.0,0.8852185518852186
1269,0.14464464464464466,0.512012012012012,1.0,0.8408408408408409
1270,0.14464464464464466,0.512012012012012,1.0,0.8593593593593594
1271,0.14464464464464466,0.512012012012012,1.0,0.8563563563563563
1272,0.14464464464464466,0.512012012012012,1.0,0.8378378378378378
1273,0.14464464464464466,0.512012012012012,1.0,0.8351685018351684
1274,0.14464464464464466,0.512012012012012,1.0,0.8588588588588588
1275,0.14464464464464466,0.512012012012012,1.0,0.8368368368368369
1276,0.14464464464464466,0.512012012012012,1.0,0.8415865529959518
1277,0.14464464464464466,0.512012012012012,1.0,0.9076219076219076
1278,0.14464464464464466,0.512012012012012,1.0,0.8893772893772895
1279,0.14464464464464466,0.512012012012012,1.0,0.8898656898656903
1280,0.14464464464464466,0.512012012012012,1.0,0.8862195528862196
1281,0.14464464464464466,0.512012012012012,1.0,0.8873873873873874
1282,0.14464464464464466,0.512012012012012,1.0,0.7717717717717718
1283,0.14464464464464466,0.512012012012012,1.0,0.7627627627627628
1284,0.14464464464464466,0.512012012012012,1.0,0.7612612612612613
1285,0.14464464464464466,0.512012012012012,1.0,0.7527527527527528
1286,0.14464464464464466,0.512012012012012,1.0,0.7547547547547547
1287,0.14464464464464466,0.512012012012012,1.0,0.7537537537537538
1288,0.14464464464464466,0.512012012012012,1.0,0.8008008008008007
1289,0.14464464464464466,0.512012012012012,1.0,0.7937937937937938
1290,0.14464464464464466,0.512012012012012,1.0,0.7537537537537538
1291,0.14464464464464466,0.512012012012012,1.0,0.7597597597597597
1292,0.14464464464464466,0.512012012012012,1.0,0.7562562562562563
1293,0.14464464464464466,0.512012012012012,1.0,0.7797797797797797
1294,0.14464464464464466,0.512012012012012,1.0,0.7822822822822824
1295,0.14464464464464466,0.512012012012012,1.0,0.7847847847847848
1296,0.14464464464464466,0.512012012012012,1.0,0.7727727727727728
1297,0.14464464464464466,0.512012012012012,1.0,0.7807807807807807
1298,0.14464464464464466,0.512012012012012,1.0,0.8858858858858859
1299,0.14464464464464466,0.512012012012012,1.0,0.9630549468387306
1300,0.14464464464464466,0.512012012012012,1.0,0.9619349078808538
1301,0.14464464464464466,0.512012012012012,1.0,0.7667667667667668
1302,0.14464464464464466,0.512012012012012,1.0,0.8493493493493494
1303,0.14464464464464466,0.512012012012012,1.0,0.8468468468468469
1304,0.14464464464464466,0.512012012012012,1.0,0.8448448448448448
1305,0.14464464464464466,0.512012012012012,1.0,0.8518518518518519
1306,0.14464464464464466,0.512012012012012,1.0,0.8318318318318318
1307,0.14464464464464466,0.512012012012012,1.0,0.8528528528528528
1308,0.14464464464464466,0.512012012012012,1.0,0.8528528528528528
1309,0.14464464464464466,0.512012012012012,1.0,0.8458458458458459
1310,0.14464464464464466,0.512012012012012,1.0,0.8298298298298298
1311,0.14464464464464466,0.512012012012012,1.0,0.8318318318318318
1312,0.14464464464464466,0.512012012012012,1.0,0.8420895471742944
1313,0.14464464464464466,0.512012012012012,1.0,0.8453453453453453
1314,0.14464464464464466,0.512012012012012,1.0,0.8328328328328328
1315,0.14464464464464466,0.512012012012012,1.0,0.8188188188188188
1316,0.14464464464464466,0.512012012012012,1.0,0.8188188188188188
1317,0.14464464464464466,0.512012012012012,1.0,0.8208208208208209
1318,0.14464464464464466,0.512012012012012,1.0,0.8218218218218218
1319,0.14464464464464466,0.512012012012012,1.0,0.8243243243243243
1320,0.14464464464464466,0.512012012012012,1.0,0.8243243243243243
1321,0.12988176146070884,0.5325325325325325,1.0,0.8278278278278278
1322,0.12962586646797172,0.5340340340340339,1.0,0.8308308308308309
1323,0.12937749779855043,0.5355355355355356,1.0,0.8343343343343343
1324,0.12912912912912913,0.5380380380380381,1.0,0.8424661950085686
1325,0.1287887887887888,0.5395395395395395,1.0,0.8448448448448448
1326,0.12845845845845846,0.5580580580580581,1.0,0.8458458458458459
1327,0.12812812812812813,0.5765765765765766,1.0,0.8424661950085686
1328,0.1277877877877878,0.5785785785785785,1.0,0.8248248248248248
1329,0.12745745745745746,0.5805805805805806,1.0,0.8415865529959518
1330,0.12712712712712712,0.582082082082082,1.0,0.8453453453453453
1331,0.1267867867867868,0.5845845845845846,1.0,0.8468468468468469
1332,0.12645645645645645,0.5890890890890891,1.0,0.8468468468468469
1333,0.12612612612612611,0.5935935935935935,1.0,0.8424661950085686
1334,0.12584445465447539,0.5955955955955956,1.0,0.8448448448448448
1335,0.12557106763787323,0.5975975975975976,1.0,0.8173173173173174
1336,0.12529768062127106,0.5990990990990991,1.0,0.8173173173173174
1337,0.12495859537279598,0.6011011011011012,1.0,0.8158158158158159
1338,0.12454135974846006,0.6031031031031031,1.0,0.7817817817817818
1339,0.12412412412412413,0.6046046046046046,1.0,0.7822822822822824
1340,0.12378378378378378,0.6066066066066066,1.0,0.7822822822822824
1341,0.12345345345345345,0.6086086086086087,1.0,0.7657657657657657
1342,0.12312312312312312,0.6106106106106106,1.0,0.7772772772772774
1343,0.12278278278278278,0.6126126126126126,1.0,0.7807807807807807
1344,0.12245245245245245,0.6146146146146146,1.0,0.7807807807807807
1345,0.12212212212212212,0.617117117117117,1.0,0.7637637637637638
1346,0.12178178178178178,0.6191191191191192,1.0,0.7657657657657657
1347,0.12145145145145145,0.6211211211211212,1.0,0.7667667667667668
1348,0.12112112112112113,0.6231231231231231,1.0,0.7637637637637638
1349,0.1086086086086086,0.6436436436436437,1.0,0.7527527527527528
1350,0.1086086086086086,0.6436436436436437,1.0,0.7677677677677678
1351,0.1086086086086086,0.6436436436436437,1.0,0.7562562562562563
1352,0.1086086086086086,0.6436436436436437,1.0,0.7717717717717718
1353,0.1086086086086086,0.6436436436436437,1.0,0.7717717717717718
1354,0.1086086086086086,0.6436436436436437,1.0,0.7577577577577578
1355,0.1086086086086086,0.6436436436436437,1.0,0.7772772772772774
1356,0.1086086086086086,0.6436436436436437,1.0,0.7772772772772774
1357,0.1086086086086086,0.6436436436436437,1.0,0.7637637637637638
1358,0.1086086086086086,0.6436436436436437,1.0,0.7637637637637638
1359,0.1086086086086086,0.6436436436436437,1.0,0.7582582582582582
1360,0.1086086086086086,0.6436436436436437,1.0,0.7527527527527528
1361,0.1086086086086086,0.6436436436436437,1.0,0.7457457457457457
1362,0.1086086086086086,0.6436436436436437,1.0,0.7442442442442443
1363,0.1086086086086086,0.6436436436436437,1.0,0.7422422422422423
1364,0.1086086086086086,0.6436436436436437,1.0,0.7382382382382382
1365,0.1086086086086086,0.6436436436436437,1.0,0.7382382382382382
1366,0.1086086086086086,0.6436436436436437,1.0,0.7357357357357357
1367,0.1086086086086086,0.6436436436436437,1.0,0.7367367367367368
1368,0.1086086086086086,0.6436436436436437,1.0,0.7427427427427428
1369,0.1086086086086086,0.6436436436436437,1.0,0.7442442442442443
1370,0.1086086086086086,0.6436436436436437,1.0,0.7457457457457457
1371,0.1086086086086086,0.6436436436436437,1.0,0.7457457457457457
1372,0.1086086086086086,0.6436436436436437,1.0,0.8028028028028028
1373,0.1086086086086086,0.6436436436436437,1.0,0.8173173173173174
1374,0.1086086086086086,0.6436436436436437,1.0,0.8173173173173174
1375,0.1086086086086086,0.6436436436436437,1.0,0.8173173173173174
1376,0.1086086086086086,0.6436436436436437,1.0,0.8078078078078078
1377,0.1086086086086086,0.6436436436436437,1.0,0.8208208208208209
1378,0.1086086086086086,0.6436436436436437,1.0,0.8268268268268268
1379,0.1086086086086086,0.6436436436436437,1.0,0.8178178178178178
1380,0.1086086086086086,0.6436436436436437,1.0,0.8128128128128128
1381,0.1086086086086086,0.6436436436436437,1.0,0.8168168168168168
1382,0.1086086086086086,0.6436436436436437,1.0,0.8098098098098098
1383,0.1086086086086086,0.6436436436436437,1.0,0.8093093093093093
1384,0.1086086086086086,0.6436436436436437,1.0,0.7737737737737738
1385,0.1086086086086086,0.6436436436436437,1.0,0.8638638638638638
1386,0.1086086086086086,0.6436436436436437,1.0,0.6581581581581581
1387,0.1086086086086086,0.6436436436436437,1.0,0.6656656656656657
1388,0.1086086086086086,0.6436436436436437,1.0,0.6496496496496497
1389,0.1086086086086086,0.6436436436436437,1.0,0.6596596596596597
1390,0.1086086086086086,0.6436436436436437,1.0,0.6726726726726726
1391,0.1086086086086086,0.6436436436436437,1.0,0.8655321988655322
1392,0.1086086086086086,0.6436436436436437,1.0,0.8655321988655322
1393,0.1086086086086086,0.6436436436436437,1.0,0.8608608608608609
1394,0.1086086086086086,0.6436436436436437,1.0,0.2182182182182182
1395,0.1086086086086086,0.6436436436436437,1.0,0.21521521521521522
1396,0.1086086086086086,0.6436436436436437,1.0,0.21521521521521522
1397,0.1086086086086086,0.6436436436436437,1.0,0.2122122122122122
1398,0.1086086086086086,0.6436436436436437,1.0,0.21521521521521522
1399,0.1086086086086086,0.6436436436436437,1.0,0.22122122122122123
1400,0.1086086086086086,0.6436436436436437,1.0,0.7132132132132132
1401,0.1086086086086086,0.6436436436436437,1.0,0.6741741741741742
1402,0.1086086086086086,0.6436436436436437,1.0,0.6841841841841843
1403,0.1086086086086086,0.6436436436436437,1.0,0.6841841841841843
1404,0.1086086086086086,0.6436436436436437,1.0,0.6851851851851851
1405,0.1086086086086086,0.6436436436436437,1.0,0.6881881881881882
1406,0.1086086086086086,0.6436436436436437,1.0,0.6881881881881882
1407,0.1086086086086086,0.6436436436436437,1.0,0.6811811811811812
1408,0.1086086086086086,0.6436436436436437,1.0,0.6811811811811812
1409,0.1086086086086086,0.6436436436436437,1.0,0.6841841841841843
1410,0.1086086086086086,0.6436436436436437,1.0,0.6851851851851851
1411,0.1086086086086086,0.6436436436436437,1.0,0.1856856856856857
1412,0.1086086086086086,0.6436436436436437,1.0,0.1891891891891892
1413,0.1086086086086086,0.6436436436436437,1.0,0.18218218218218218
1414,0.1086086086086086,0.6436436436436437,1.0,0.1856856856856857
1415,0.1086086086086086,0.6436436436436437,1.0,0.1891891891891892
1416,0.1086086086086086,0.6436436436436437,1.0,0.1891891891891892
1417,0.1086086086086086,0.6436436436436437,1.0,0.18218218218218218
1418,0.1086086086086086,0.6436436436436437,1.0,0.18218218218218218
1419,0.1086086086086086,0.6436436436436437,1.0,0.1856856856856857
1420,0.1086086086086086,0.6436436436436437,1.0,0.18218218218218218
1421,0.1086086086086086,0.6436436436436437,1.0,0.18218218218218218
1422,0.1086086086086086,0.6436436436436437,1.0,0.1856856856856857
1423,0.1086086086086086,0.6436436436436437,1.0,0.1856856856856857
1424,0.1086086086086086,0.6436436436436437,1.0,0.17867867867867868
1425,0.1086086086086086,0.6436436436436437,1.0,0.5640640640640641
1426,0.1086086086086086,0.6436436436436437,1.0,0.38538538538538536
1427,0.1086086086086086,0.6436436436436437,1.0,0.38238238238238237
1428,0.1086086086086086,0.6436436436436437,1.0,0.38538538538538536
1429,0.1086086086086086,0.6436436436436437,1.0,0.4714714714714715
1430,0.1086086086086086,0.6436436436436437,1.0,0.4714714714714715
1431,0.1086086086086086,0.6436436436436437,1.0,0.6061061061061062
1432,0.1086086086086086,0.6436436436436437,1.0,0.6041041041041041
1433,0.1086086086086086,0.6436436436436437,1.0,0.552052052052052
1434,0.1086086086086086,0.6436436436436437,1.0,0.5680680680680681
1435,0.1086086086086086,0.6436436436436437,1.0,0.607107107107107
1436,0.1086086086086086,0.6436436436436437,1.0,0.612112112112112
1437,0.1086086086086086,0.6436436436436437,1.0,0.612112112112112
1438,0.1086086086086086,0.6436436436436437,1.0,0.5537191326665041
1439,0.1086086086086086,0.6436436436436437,1.0,0.5405405405405406
