0,2016-03-01-1,0.0803503319621086,0.0225031898851641
1,2016-03-01-2,0.0666141659021377,0.0171673819742489
2,2016-03-01-3,0.0742420852184295,0.0204152650504581
3,2016-03-01-4,0.0613175891339778,0.0150794571395429
4,2016-03-01-5,0.0678839981555938,0.0173993736225495
5,2016-03-01-6,0.0655410438776016,0.0161234195568959
6,2016-03-01-7,0.2195220589637756,0.295441364110892
7,2016-03-01-8,0.2297067940235138,0.5454123651548545
8,2016-03-01-9,0.1936142742633819,0.2239879364342883
9,2016-03-01-10,0.1293848901987075,0.081081081081081
10,2016-03-01-11,0.1252257376909256,0.0357267138383018
11,2016-03-01-12,0.1256609559059143,0.0383946177937594
12,2016-03-01-13,0.1258119791746139,0.0395545760352627
13,2016-03-01-14,0.0829105228185653,0.0194872984572555
14,2016-03-01-15,0.0956112965941429,0.0225031898851641
15,2016-03-01-16,0.1257472336292266,0.038974596914511
16,2016-03-01-17,0.2216472774744033,0.3454355643196845
17,2016-03-01-18,0.1280512660741806,0.068089548776244
18,2016-03-01-19,0.2035778760910034,0.2460271430228511
19,2016-03-01-20,0.2192154675722122,0.2970653056489966
20,2016-03-01-21,0.1268768161535263,0.0541700498782043
21,2016-03-01-22,0.2016408592462539,0.2412713142326876
22,2016-03-01-23,0.1259856075048446,0.0423384758148706
23,2016-03-01-24,0.12996906042099,0.0857209140470943
24,2016-03-02-1,0.1542358100414276,0.1467347175501681
25,2016-03-02-2,0.0718530789017677,0.0171673819742489
26,2016-03-02-3,0.0951318070292472,0.024939102192321
27,2016-03-02-4,0.0630177408456802,0.0147314696670919
28,2016-03-02-5,0.0741105303168296,0.0194872984572555
29,2016-03-02-6,0.062021542340517,0.0148474654912423
30,2016-03-02-7,0.0518916137516498,0.0097436492286277
31,2016-03-02-8,0.2212765663862228,0.3323280361906971
32,2016-03-02-9,0.2239996641874313,0.4091172717782159
33,2016-03-02-10,0.1253393143415451,0.0599698410857209
34,2016-03-02-11,0.1297398060560226,0.0867648764644472
35,2016-03-02-12,0.0904903039336204,0.0262150562579747
36,2016-03-02-13,0.0842772275209426,0.0234311564783667
37,2016-03-02-14,0.074913665652275,0.0200672775780071
38,2016-03-02-15,0.0728368386626243,0.0196032942814058
39,2016-03-02-16,0.0949581488966941,0.0255190813130727
40,2016-03-02-17,0.0706766173243522,0.0182113443916019
41,2016-03-02-18,0.2167261093854904,0.2688783203804663
42,2016-03-02-19,0.2218445986509323,0.350191393109848
43,2016-03-02-20,0.2214765846729278,0.3388238023431156
44,2016-03-02-21,0.1238385885953903,0.0505741793295441
45,2016-03-02-22,0.2074571102857589,0.2483470595058577
46,2016-03-02-23,0.2220563888549804,0.3558751884932142
47,2016-03-02-24,0.2197683900594711,0.2978772764180489
48,2016-03-03-1,0.0746668204665184,0.0193713026331052
49,2016-03-03-2,0.0631525218486785,0.0150794571395429
50,2016-03-03-3,0.1250336170196533,0.0524301125159494
51,2016-03-03-4,0.0641690492630004,0.0155434404361443
52,2016-03-03-5,0.0684375762939453,0.0176313652708502
53,2016-03-03-6,0.1296895891427993,0.0888528012991532
54,2016-03-03-7,0.0810500010848045,0.0227351815334647
55,2016-03-03-8,0.2290142327547073,0.5290569539496578
56,2016-03-03-9,0.212573155760765,0.2556547964273286
57,2016-03-03-10,0.1238576620817184,0.05614197888876
58,2016-03-03-11,0.1243607178330421,0.054054054054054
59,2016-03-03-12,0.1004492938518524,0.0269110312028766
60,2016-03-03-13,0.1598899513483047,0.1576383250202992
61,2016-03-03-14,0.1260962933301925,0.0476742837257858
62,2016-03-03-15,0.1259757876396179,0.0438464215288249
63,2016-03-03-16,0.128288447856903,0.069481498666048
64,2016-03-03-17,0.220785841345787,0.3201484746549124
65,2016-03-03-18,0.1167462170124054,0.0296949309824846
66,2016-03-03-19,0.1946178674697876,0.2260758612689943
67,2016-03-03-20,0.192052736878395,0.220740053358079
68,2016-03-03-21,0.1947050243616104,0.224915903027491
69,2016-03-03-22,0.1232856214046478,0.0402505509801647
70,2016-03-03-23,0.1238385885953903,0.0441944090012759
71,2016-03-03-24,0.0963352173566818,0.0258670687855237
72,2016-03-04-1,0.0512421801686286,0.0085836909871244
73,2016-03-04-2,0.0518388003110885,0.0086996868112747
74,2016-03-04-3,0.0520989559590816,0.0085836909871244
75,2016-03-04-4,0.0483299642801284,0.0071917410973204
76,2016-03-04-5,0.0598224215209484,0.0138035030738893
77,2016-03-04-6,0.0618097819387912,0.0153114487878436
78,2016-03-04-7,0.0599454566836357,0.0151954529636933
79,2016-03-04-8,0.2284157872200012,0.5157174341723698
80,2016-03-04-9,0.1293228417634964,0.0917526969029114
81,2016-03-04-10,0.2198625206947326,0.2969493098248463
82,2016-03-04-11,0.2201229631900787,0.3026331052082125
83,2016-03-04-12,0.0814701244235038,0.0213432316436608
84,2016-03-04-13,0.0840050280094146,0.0218072149402621
85,2016-03-04-14,0.2283017486333847,0.5144414801067162
86,2016-03-04-15,0.0986292511224746,0.0255190813130727
87,2016-03-04-16,0.0573819763958454,0.0114835865908827
88,2016-03-04-17,0.1179542765021324,0.0310868808722886
89,2016-03-04-18,0.2247432172298431,0.4290685535320728
90,2016-03-04-19,0.2206666618585586,0.3144646792715462
91,2016-03-04-20,0.2207597196102142,0.3164366082821018
92,2016-03-04-21,0.2215099930763244,0.3395197772880176
93,2016-03-04-22,0.1218928322196006,0.0432664424080733
94,2016-03-04-23,0.1221240311861038,0.0476742837257858
95,2016-03-04-24,0.2200665175914764,0.2981092680663496
96,2016-03-05-1,0.2205999046564102,0.294049414221088
97,2016-03-05-2,0.0528460033237934,0.0168193945017979
98,2016-03-05-3,0.0419417768716812,0.0104396241735297
99,2016-03-05-4,0.0470023602247238,0.0139194988980396
100,2016-03-05-5,0.0728986263275146,0.027027027027027
101,2016-03-05-6,0.0488272309303283,0.0154274446119939
102,2016-03-05-7,0.0496049262583255,0.0158914279085952
103,2016-03-05-8,0.2300639897584915,0.5075977264818466
104,2016-03-05-9,0.2304164618253708,0.5153694466999188
105,2016-03-05-10,0.1921673417091369,0.2118083748985036
106,2016-03-05-11,0.2211571633815765,0.3085488922398793
107,2016-03-05-12,0.2309654355049133,0.5270850249391023
108,2016-03-05-13,0.112284742295742,0.0711054402041526
109,2016-03-05-14,0.0860041677951812,0.0288829602134323
110,2016-03-05-15,0.1001810282468795,0.0383946177937594
111,2016-03-05-16,0.2210754752159118,0.3086648880640297
112,2016-03-05-17,0.1039236485958099,0.0424544716390209
113,2016-03-05-18,0.2184457331895828,0.2598306460967405
114,2016-03-05-19,0.2240144908428192,0.3787263658508293
115,2016-03-05-20,0.221586987376213,0.3198004871824614
116,2016-03-05-21,0.222127765417099,0.3329080153114487
117,2016-03-05-22,0.0798728168010711,0.0284189769168309
118,2016-03-05-23,0.0648723989725112,0.0220392065885628
119,2016-03-05-24,0.0530547946691513,0.0164714070293469
120,2016-03-06-1,0.0704843327403068,0.0244751188957197
121,2016-03-06-2,0.1067783311009407,0.0566059621853613
122,2016-03-06-3,0.0528460033237934,0.0168193945017979
123,2016-03-06-4,0.1040657833218574,0.0489502377914395
124,2016-03-06-5,0.0411309637129306,0.0093956617561767
125,2016-03-06-6,0.0395503789186477,0.0081197076905231
126,2016-03-06-7,0.0491279363632202,0.0151954529636933
127,2016-03-06-8,0.2210311144590377,0.3043730425704674
128,2016-03-06-9,0.1911939829587936,0.2103004291845493
129,2016-03-06-10,0.063287042081356,0.0215752232919614
130,2016-03-06-11,0.1001523807644844,0.0411785175733673
131,2016-03-06-12,0.1746543645858764,0.1844333603990256
132,2016-03-06-13,0.2228396087884903,0.3516993388238023
133,2016-03-06-14,0.1154334396123886,0.0778331980048718
134,2016-03-06-15,0.0607941970229148,0.0184433360399025
135,2016-03-06-16,0.1338009387254715,0.1202876696438928
136,2016-03-06-17,0.1057468280196189,0.0503421876812434
137,2016-03-06-18,0.2236959338188171,0.3707226539844565
138,2016-03-06-19,0.218309611082077,0.2582067045586358
139,2016-03-06-20,0.1118638068437576,0.0708734485558519
140,2016-03-06-21,0.2177777290344238,0.253682867416773
141,2016-03-06-22,0.1106831729412078,0.0669295905347407
142,2016-03-06-23,0.2274123877286911,0.4536596682519429
143,2016-03-06-24,0.2202978730201721,0.2875536480686695
144,2016-03-07-1,0.1162120029330253,0.0343347639484978
145,2016-03-07-2,0.0588458180427551,0.0143834821946409
146,2016-03-07-3,0.0454184263944625,0.0062637745041178
147,2016-03-07-4,0.0594052262604236,0.0151954529636933
148,2016-03-07-5,0.0465009734034538,0.0077717202180721
149,2016-03-07-6,0.06135243922472,0.0167033986776476
150,2016-03-07-7,0.0476134121417999,0.0085836909871244
151,2016-03-07-8,0.2291298806667328,0.5307968913119128
152,2016-03-07-9,0.1900393068790435,0.2078645168773924
153,2016-03-07-10,0.1901852637529373,0.209836445887948
154,2016-03-07-11,0.1149234175682067,0.0329428140586938
155,2016-03-07-12,0.1242752596735954,0.0562579747129103
156,2016-03-07-13,0.1204262599349021,0.0350307388933998
157,2016-03-07-14,0.103734090924263,0.027723001971929
158,2016-03-07-15,0.1244943439960479,0.0488342419672891
159,2016-03-07-16,0.1257824748754501,0.0573019371302633
160,2016-03-07-17,0.2025356739759445,0.2402273518153346
161,2016-03-07-18,0.1873863488435745,0.2103004291845493
162,2016-03-07-19,0.2208855599164962,0.3210764412481151
163,2016-03-07-20,0.1232441738247871,0.0432664424080733
164,2016-03-07-21,0.2319890260696411,0.593666628001392
165,2016-03-07-22,0.1290176957845688,0.0825890267950353
166,2016-03-07-23,0.1237619072198867,0.0556779955921586
167,2016-03-07-24,0.1895656734704971,0.2103004291845493
168,2016-03-08-1,0.097461462020874,0.0284189769168309
169,2016-03-08-2,0.0804081186652183,0.0237791439508177
170,2016-03-08-3,0.0629044398665428,0.0171673819742489
171,2016-03-08-4,0.0494334511458873,0.0098596450527781
172,2016-03-08-5,0.1219991371035575,0.0600858369098712
173,2016-03-08-6,0.0631984323263168,0.0180953485674515
174,2016-03-08-7,0.0970780029892921,0.0301589142790859
175,2016-03-08-8,0.2278098165988922,0.5004059853845262
176,2016-03-08-9,0.1948176324367523,0.2165642036886672
177,2016-03-08-10,0.0743536725640297,0.0213432316436608
178,2016-03-08-11,0.1030833572149276,0.0285349727409813
179,2016-03-08-12,0.1904696673154831,0.2156362370954645
180,2016-03-08-13,0.1889002174139022,0.2141282913815102
181,2016-03-08-14,0.1896706819534301,0.2159842245679155
182,2016-03-08-15,0.2256414294242859,0.4528476974828906
183,2016-03-08-16,0.1285361051559448,0.0722653984456559
184,2016-03-08-17,0.2216472774744033,0.3447395893747825
185,2016-03-08-18,0.1248313710093498,0.0444264006495766
186,2016-03-08-19,0.1246890723705291,0.0431504465839229
187,2016-03-08-20,0.2143417596817016,0.2629625333487994
188,2016-03-08-21,0.1264613419771194,0.0615937826238255
189,2016-03-08-22,0.2217312604188919,0.3463635309128871
190,2016-03-08-23,0.1247538849711418,0.0504581835053938
191,2016-03-08-24,0.0555961094796657,0.01055561999768
192,2016-03-09-1,0.0737662389874458,0.0184433360399025
193,2016-03-09-2,0.1001523807644844,0.0262150562579747
194,2016-03-09-3,0.0661979243159294,0.0155434404361443
195,2016-03-09-4,0.1024910807609558,0.0267950353787263
196,2016-03-09-5,0.1240402534604072,0.0422224799907203
197,2016-03-09-6,0.0528323426842689,0.0095116575803271
198,2016-03-09-7,0.0520989559590816,0.0085836909871244
199,2016-03-09-8,0.2248629629611969,0.4325484282565827
200,2016-03-09-9,0.1841462850570678,0.2041526505045818
201,2016-03-09-10,0.124831236898899,0.040714534276766
202,2016-03-09-11,0.1224836036562919,0.0331748057069945
203,2016-03-09-12,0.1876904517412185,0.2120403665468043
204,2016-03-09-13,0.1949963122606277,0.2275838069829486
205,2016-03-09-14,0.2211076915264129,0.3291961489386382
206,2016-03-09-15,0.2234446257352829,0.3963577311216796
207,2016-03-09-16,0.125040516257286,0.0390905927386614
208,2016-03-09-17,0.2207641303539276,0.3187565247651084
209,2016-03-09-18,0.2229813337326049,0.3830182113443915
210,2016-03-09-19,0.2199198305606842,0.3026331052082125
211,2016-03-09-20,0.2216278314590454,0.3438116227815798
212,2016-03-09-21,0.1241767704486846,0.0465143254842825
213,2016-03-09-22,0.1240045502781868,0.0451223755944786
214,2016-03-09-23,0.123878926038742,0.0445423964737269
215,2016-03-09-24,0.093392513692379,0.0254030854889224
216,2016-03-10-1,0.0793555080890655,0.0215752232919614
217,2016-03-10-2,0.0664773806929588,0.0168193945017979
218,2016-03-10-3,0.1212750971317291,0.0370026679039554
219,2016-03-10-4,0.0776213631033897,0.0209952441712098
220,2016-03-10-5,0.1209062933921814,0.0365386846073541
221,2016-03-10-6,0.0848644971847534,0.0233151606542164
222,2016-03-10-7,0.1304038316011428,0.0903607470131075
223,2016-03-10-8,0.2293424606323242,0.5370606658160306
224,2016-03-10-9,0.2245614528656005,0.4235007539728569
225,2016-03-10-10,0.2193444222211837,0.2913815102656304
226,2016-03-10-11,0.2180633842945099,0.2775780071917411
227,2016-03-10-12,0.2082487940788269,0.2521749217028187
228,2016-03-10-13,0.1111585348844528,0.0288829602134323
229,2016-03-10-14,0.1150469630956649,0.0295789351583342
230,2016-03-10-15,0.0975891351699829,0.024939102192321
231,2016-03-10-16,0.219742864370346,0.3015891427908595
232,2016-03-10-17,0.0822135359048843,0.0206472566987588
233,2016-03-10-18,0.1936928182840347,0.22456791555504
234,2016-03-10-19,0.2207141071557998,0.3181765456443567
235,2016-03-10-20,0.2131940722465515,0.2606426168657928
236,2016-03-10-21,0.2076612710952758,0.2486950469783087
237,2016-03-10-22,0.1247786357998848,0.056489966361211
238,2016-03-10-23,0.118163838982582,0.0347987472450991
239,2016-03-10-24,0.1157685294747352,0.0334067973552952
240,2016-03-11-1,0.1244943439960479,0.0653056489966361
241,2016-03-11-2,0.0668146014213562,0.0180953485674515
242,2016-03-11-3,0.0636728629469871,0.0175153694466999
243,2016-03-11-4,0.0604348741471767,0.0162394153810462
244,2016-03-11-5,0.059969276189804,0.0160074237327456
245,2016-03-11-6,0.048743799328804,0.0098596450527781
246,2016-03-11-7,0.058333121240139,0.0156594362602946
247,2016-03-11-8,0.2222573608160019,0.3585430924486718
248,2016-03-11-9,0.2112614661455154,0.2457951513745505
249,2016-03-11-10,0.1196258142590522,0.0429184549356223
250,2016-03-11-11,0.1868360489606857,0.2083285001739937
251,2016-03-11-12,0.2280385047197342,0.5082937014267487
252,2016-03-11-13,0.2277381718158722,0.5021459227467812
253,2016-03-11-14,0.221186876296997,0.3308200904767428
254,2016-03-11-15,0.220452219247818,0.3148126667439972
255,2016-03-11-16,0.1294738203287124,0.0818930518501334
256,2016-03-11-17,0.1319539099931717,0.0924486718478134
257,2016-03-11-18,0.2210597246885299,0.3271082241039322
258,2016-03-11-19,0.2212162762880325,0.3315160654216448
259,2016-03-11-20,0.1250207126140594,0.0578819162510149
260,2016-03-11-21,0.1250775158405304,0.0583458995476162
261,2016-03-11-22,0.1228642091155052,0.0437304257046746
262,2016-03-11-23,0.1233279332518577,0.0582299037234659
263,2016-03-11-24,0.1910996288061142,0.2125043498434056
264,2016-03-12-1,0.0517479106783866,0.0155434404361443
265,2016-03-12-2,0.0520191043615341,0.0154274446119939
266,2016-03-12-3,0.0507349483668804,0.0147314696670919
267,2016-03-12-4,0.0623208060860633,0.0201832734021575
268,2016-03-12-5,0.0501066297292709,0.0143834821946409
269,2016-03-12-6,0.0524757914245128,0.0156594362602946
270,2016-03-12-7,0.0501066297292709,0.0143834821946409
271,2016-03-12-8,0.0522495694458484,0.0155434404361443
272,2016-03-12-9,0.0584326945245265,0.0179793527433012
273,2016-03-12-10,0.2302100658416748,0.5130495302169122
274,2016-03-12-11,0.2208379209041595,0.3034450759772648
275,2016-03-12-12,0.0599218867719173,0.0175153694466999
276,2016-03-12-13,0.0559260994195938,0.0148474654912423
277,2016-03-12-14,0.2216361612081527,0.3243243243243243
278,2016-03-12-15,0.1025217473506927,0.0344507597726481
279,2016-03-12-16,0.0987661778926849,0.0310868808722886
280,2016-03-12-17,0.2210449874401092,0.3095928546572323
281,2016-03-12-18,0.2324447631835937,0.5833429996520125
282,2016-03-12-19,0.1156271323561668,0.0776012063565711
283,2016-03-12-20,0.2318450957536697,0.5448323860341028
284,2016-03-12-21,0.2048199474811554,0.2274678111587982
285,2016-03-12-22,0.1062742248177528,0.0497622085604918
286,2016-03-12-23,0.1011700630187988,0.040714534276766
287,2016-03-12-24,0.2201617956161499,0.2850017399373622
288,2016-03-13-1,0.2202102392911911,0.2859297065305649
289,2016-03-13-2,0.0426370799541473,0.0096276534044774
290,2016-03-13-3,0.1194151118397712,0.0940726133859181
291,2016-03-13-4,0.0395863950252532,0.0083516993388238
292,2016-03-13-5,0.1174974739551544,0.0931446467927154
293,2016-03-13-6,0.0444791950285434,0.0120635657116343
294,2016-03-13-7,0.0406192950904369,0.0093956617561767
295,2016-03-13-8,0.2231969684362411,0.3580791091520705
296,2016-03-13-9,0.2310047149658203,0.5268530332908016
297,2016-03-13-10,0.2256543934345245,0.4160770212272358
298,2016-03-13-11,0.2203693091869354,0.2916135019139311
299,2016-03-13-12,0.220051035284996,0.2840737733441596
300,2016-03-13-13,0.2268694341182708,0.4450759772648184
301,2016-03-13-14,0.2199432402849197,0.2825658276302053
302,2016-03-13-15,0.0965798646211624,0.0322468391137919
303,2016-03-13-16,0.0915686711668968,0.0295789351583342
304,2016-03-13-17,0.2202102392911911,0.2873216564203688
305,2016-03-13-18,0.2277946770191192,0.4625913467115183
306,2016-03-13-19,0.1053493320941925,0.0480222711982368
307,2016-03-13-20,0.2208335250616073,0.3017051386150098
308,2016-03-13-21,0.1033908426761627,0.0445423964737269
309,2016-03-13-22,0.1029421687126159,0.0437304257046746
310,2016-03-13-23,0.0880453512072563,0.0312028766964389
311,2016-03-13-24,0.043942280113697,0.01055561999768
312,2016-03-14-1,0.0693511441349983,0.0185593318640528
313,2016-03-14-2,0.0525144338607788,0.0098596450527781
314,2016-03-14-3,0.050442885607481,0.0085836909871244
315,2016-03-14-4,0.0486609153449535,0.0074237327456211
316,2016-03-14-5,0.0711401402950286,0.0186753276882032
317,2016-03-14-6,0.0626520663499832,0.0154274446119939
318,2016-03-14-7,0.0516990162432193,0.0098596450527781
319,2016-03-14-8,0.2224024832248687,0.3653868460735413
320,2016-03-14-9,0.2296651005744934,0.5437884236167498
321,2016-03-14-10,0.1225732341408729,0.0452383714186289
322,2016-03-14-11,0.1253684610128402,0.0600858369098712
323,2016-03-14-12,0.2196421474218368,0.2969493098248463
324,2016-03-14-13,0.2191766649484634,0.2927734601554344
325,2016-03-14-14,0.2188871800899505,0.2908015311448788
326,2016-03-14-15,0.1229382529854774,0.0328268182345435
327,2016-03-14-16,0.1866417974233627,0.2103004291845493
328,2016-03-14-17,0.2205999046564102,0.3163206124579515
329,2016-03-14-18,0.1890093237161636,0.2143602830298109
330,2016-03-14-19,0.2219968885183334,0.3544832386034102
331,2016-03-14-20,0.2222221791744232,0.3608630089316784
332,2016-03-14-21,0.2220742106437683,0.3563391717898155
333,2016-03-14-22,0.2215777188539505,0.3418396937710242
334,2016-03-14-23,0.2203185558319091,0.3061129799327224
335,2016-03-14-24,0.219742864370346,0.2956733557591927
336,2016-03-15-1,0.1154119670391082,0.0331748057069945
337,2016-03-15-2,0.1212048083543777,0.0415265050458183
338,2016-03-15-3,0.0865124985575676,0.0250550980164714
339,2016-03-15-4,0.0597150102257728,0.0150794571395429
340,2016-03-15-5,0.0634824112057685,0.0171673819742489
341,2016-03-15-6,0.079059325158596,0.0233151606542164
342,2016-03-15-7,0.1222040206193924,0.0539380582299037
343,2016-03-15-8,0.2308719903230667,0.5698874840505742
344,2016-03-15-9,0.197927713394165,0.2295557359935042
345,2016-03-15-10,0.1236990988254547,0.0498782043846421
346,2016-03-15-11,0.221559926867485,0.3410277230019719
347,2016-03-15-12,0.2041682004928589,0.2442872056605962
348,2016-03-15-13,0.2261174470186233,0.463519313304721
349,2016-03-15-14,0.1704941242933273,0.1772416193017051
350,2016-03-15-15,0.2202833890914917,0.3100568379538336
351,2016-03-15-16,0.1301945149898529,0.0869968681127479
352,2016-03-15-17,0.2224069237709045,0.3668947917874956
353,2016-03-15-18,0.2229361087083816,0.3817422572787379
354,2016-03-15-19,0.1279111504554748,0.0665816030622897
355,2016-03-15-20,0.2249857932329177,0.435796311332792
356,2016-03-15-21,0.2217438519001007,0.3470595058577891
357,2016-03-15-22,0.1260053068399429,0.0586938870200672
358,2016-03-15-23,0.1254734396934509,0.0553300081197076
359,2016-03-15-24,0.0579066015779972,0.012295557359935
360,2016-03-16-1,0.056123960763216,0.0113675907667323
361,2016-03-16-2,0.0773207694292068,0.0202992692263078
362,2016-03-16-3,0.0746668204665184,0.0193713026331052
363,2016-03-16-4,0.0720922350883483,0.0184433360399025
364,2016-03-16-5,0.0588341690599918,0.0127595406565363
365,2016-03-16-6,0.0751965939998626,0.0192553068089548
366,2016-03-16-7,0.2203693091869354,0.3092448671847813
367,2016-03-16-8,0.2301438748836517,0.5549240227351816
368,2016-03-16-9,0.2020964473485946,0.2394153810462823
369,2016-03-16-10,0.123878926038742,0.041062521749217
370,2016-03-16-11,0.2208413183689117,0.3203804663032131
371,2016-03-16-12,0.1165747344493866,0.0305069017515369
372,2016-03-16-13,0.1182214990258216,0.0307388933998376
373,2016-03-16-14,0.0721386447548866,0.0178633569191509
374,2016-03-16-15,0.0677566975355148,0.0158914279085952
375,2016-03-16-16,0.0893134847283363,0.0227351815334647
376,2016-03-16-17,0.1886494904756546,0.2134323164366082
377,2016-03-16-18,0.1260231286287307,0.0588098828442176
378,2016-03-16-19,0.2001595646142959,0.2355875188493214
379,2016-03-16-20,0.1220765188336372,0.0363066929590534
380,2016-03-16-21,0.2295406758785247,0.5413525113095929
381,2016-03-16-22,0.2227701842784881,0.3766384410161234
382,2016-03-16-23,0.2201895266771316,0.3044890383946178
383,2016-03-16-24,0.2202802151441574,0.3046050342187681
384,2016-03-17-1,0.1218986958265304,0.0463983296601322
385,2016-03-17-2,0.0690966248512268,0.0190233151606542
386,2016-03-17-3,0.0688003450632095,0.0189073193365038
387,2016-03-17-4,0.0787090212106704,0.0231991648300661
388,2016-03-17-5,0.0627415403723716,0.0168193945017979
389,2016-03-17-6,0.0508797504007816,0.0103236283493794
390,2016-03-17-7,0.0730563774704933,0.0214592274678111
391,2016-03-17-8,0.2318950295448303,0.5901867532768821
392,2016-03-17-9,0.2082969546318054,0.2474190929126551
393,2016-03-17-10,0.1814992129802703,0.1976568843521633
394,2016-03-17-11,0.1240461468696594,0.03862660944206
395,2016-03-17-12,0.1269203722476959,0.054750028998956
396,2016-03-17-13,0.1944632828235626,0.2266558403897459
397,2016-03-17-14,0.1898197531700134,0.2169121911611181
398,2016-03-17-15,0.1257420033216476,0.0385106136179097
399,2016-03-17-16,0.1257303357124328,0.0376986428488574
400,2016-03-17-17,0.219021126627922,0.2941654100452383
401,2016-03-17-18,0.1260415613651275,0.0444264006495766
402,2016-03-17-19,0.2198413610458374,0.3014731469667092
403,2016-03-17-20,0.2291943132877349,0.5341607702122724
404,2016-03-17-21,0.2213053405284881,0.3331400069597494
405,2016-03-17-22,0.1238385885953903,0.0505741793295441
406,2016-03-17-23,0.1240046620368957,0.0545180373506553
407,2016-03-17-24,0.0528331324458122,0.01055561999768
408,2016-03-18-1,0.0494969859719276,0.0084676951629741
409,2016-03-18-2,0.0688003450632095,0.0189073193365038
410,2016-03-18-3,0.0834582969546318,0.0241271314232687
411,2016-03-18-4,0.049981452524662,0.0095116575803271
412,2016-03-18-5,0.0559260994195938,0.013339519777288
413,2016-03-18-6,0.0578460842370986,0.0143834821946409
414,2016-03-18-7,0.0484188199043273,0.0086996868112747
415,2016-03-18-8,0.2279827743768692,0.5055098016471408
416,2016-03-18-9,0.1910996288061142,0.2125043498434056
417,2016-03-18-10,0.061025071889162,0.0151954529636933
418,2016-03-18-11,0.0624046213924884,0.0153114487878436
419,2016-03-18-12,0.049527920782566,0.0080037118663728
420,2016-03-18-13,0.2227778285741806,0.3767544368402737
421,2016-03-18-14,0.2196421474218368,0.2968333140006959
422,2016-03-18-15,0.1102939471602439,0.0289989560375826
423,2016-03-18-16,0.0555961094796657,0.01055561999768
424,2016-03-18-17,0.069365382194519,0.0168193945017979
425,2016-03-18-18,0.2206666618585586,0.3164366082821018
426,2016-03-18-19,0.1955575793981552,0.2266558403897459
427,2016-03-18-20,0.1290594786405563,0.0782971813014731
428,2016-03-18-21,0.2036437392234802,0.2424312724741909
429,2016-03-18-22,0.1249001547694206,0.0513861500985964
430,2016-03-18-23,0.1231918632984161,0.0395545760352627
431,2016-03-18-24,0.06606937199831,0.0163554112051966
432,2016-03-19-1,0.0435269698500633,0.0095116575803271
433,2016-03-19-2,0.0526987612247467,0.0147314696670919
434,2016-03-19-3,0.042242631316185,0.0083516993388238
435,2016-03-19-4,0.0468972958624362,0.0114835865908827
436,2016-03-19-5,0.0524757914245128,0.0146154738429416
437,2016-03-19-6,0.0549797154963016,0.0161234195568959
438,2016-03-19-7,0.0443215668201446,0.0103236283493794
439,2016-03-19-8,0.2300429493188858,0.5091056721958009
440,2016-03-19-9,0.1984275877475738,0.2166801995128175
441,2016-03-19-10,0.2163710594177246,0.2483470595058577
442,2016-03-19-11,0.1030833572149276,0.0402505509801647
443,2016-03-19-12,0.2320857644081115,0.5510961605382206
444,2016-03-19-13,0.2208929061889648,0.3048370258670688
445,2016-03-19-14,0.1220410540699958,0.0921006843753624
446,2016-03-19-15,0.053105566650629,0.0138035030738893
447,2016-03-19-16,0.0526085160672664,0.0141514905463403
448,2016-03-19-17,0.0435762554407119,0.0088156826354251
449,2016-03-19-18,0.0892765447497367,0.0289989560375826
450,2016-03-19-19,0.1114669442176818,0.0629857325136295
451,2016-03-19-20,0.1050225719809532,0.0437304257046746
452,2016-03-19-21,0.1084247604012489,0.0546340331748057
453,2016-03-19-22,0.1027946323156356,0.0412945133975176
454,2016-03-19-23,0.2230675369501114,0.3570351467347175
455,2016-03-19-24,0.2203907072544098,0.2923094768588331
456,2016-03-20-1,0.0618097819387912,0.0191393109848045
457,2016-03-20-2,0.052817054092884,0.0153114487878436
458,2016-03-20-3,0.0541677288711071,0.0160074237327456
459,2016-03-20-4,0.0525648817420005,0.0151954529636933
460,2016-03-20-5,0.0525648817420005,0.0151954529636933
461,2016-03-20-6,0.0583191588521003,0.0182113443916019
462,2016-03-20-7,0.0544319599866867,0.0161234195568959
463,2016-03-20-8,0.0560449846088886,0.0171673819742489
464,2016-03-20-9,0.2301148027181625,0.5108456095580559
465,2016-03-20-10,0.1935794502496719,0.2086764876464447
466,2016-03-20-11,0.2206906825304031,0.2995012179561536
467,2016-03-20-12,0.0558178015053272,0.0160074237327456
468,2016-03-20-13,0.219595268368721,0.2768820322468391
469,2016-03-20-14,0.113307774066925,0.0663496114139891
470,2016-03-20-15,0.0531699135899543,0.0132235239531376
471,2016-03-20-16,0.0506833717226982,0.011947569887484
472,2016-03-20-17,0.2199534624814987,0.2833777983992576
473,2016-03-20-18,0.2204110920429229,0.293353439276186
474,2016-03-20-19,0.2219191491603851,0.3316320612457951
475,2016-03-20-20,0.2130090445280075,0.2430112515949425
476,2016-03-20-21,0.0755678638815879,0.0228511773576151
477,2016-03-20-22,0.1121948361396789,0.0627537408653288
478,2016-03-20-23,0.080566219985485,0.025635077137223
479,2016-03-20-24,0.0668674334883689,0.0201832734021575
480,2016-03-21-1,0.0532758645713329,0.0092796659320264
481,2016-03-21-2,0.0730522274971008,0.0182113443916019
482,2016-03-21-3,0.1254456937313079,0.0488342419672891
483,2016-03-21-4,0.0656439736485481,0.0158914279085952
484,2016-03-21-5,0.0945533439517021,0.0254030854889224
485,2016-03-21-6,0.0523944199085235,0.0092796659320264
486,2016-03-21-7,0.2206666618585586,0.3151606542164482
487,2016-03-21-8,0.2284417599439621,0.5178053590070758
488,2016-03-21-9,0.220730721950531,0.3182925414685071
489,2016-03-21-10,0.1257537603378296,0.0419904883424196
490,2016-03-21-11,0.1260654181241989,0.0434984340563739
491,2016-03-21-12,0.1262117624282837,0.0453543672427792
492,2016-03-21-13,0.1258547008037567,0.040366546804315
493,2016-03-21-14,0.1259546726942062,0.0416425008699686
494,2016-03-21-15,0.1295700073242187,0.0816610602018327
495,2016-03-21-16,0.120699718594551,0.0298109268066349
496,2016-03-21-17,0.1255833655595779,0.0363066929590534
497,2016-03-21-18,0.1255674213171005,0.0372346595522561
498,2016-03-21-19,0.1922985166311264,0.2219000115995824
499,2016-03-21-20,0.2206259071826934,0.3165526041062521
500,2016-03-21-21,0.220546081662178,0.3149286625681475
501,2016-03-21-22,0.1263604909181594,0.052314116691799
502,2016-03-21-23,0.2197855710983276,0.3008931678459575
503,2016-03-21-24,0.2187693566083908,0.2848857441132119
504,2016-03-22-1,0.0689115226268768,0.0180953485674515
505,2016-03-22-2,0.0522918179631233,0.0097436492286277
506,2016-03-22-3,0.0526130571961402,0.0104396241735297
507,2016-03-22-4,0.0479633174836635,0.0074237327456211
508,2016-03-22-5,0.0823507010936737,0.0237791439508177
509,2016-03-22-6,0.0547589622437953,0.0121795615357847
510,2016-03-22-7,0.1486320048570633,0.1346711518385338
511,2016-03-22-8,0.2209944874048233,0.3235123535552719
512,2016-03-22-9,0.130584567785263,0.0912887136063101
513,2016-03-22-10,0.2316366136074066,0.5862428952557708
514,2016-03-22-11,0.1294532269239425,0.0815450643776824
515,2016-03-22-12,0.1261155605316162,0.0440784131771256
516,2016-03-22-13,0.1258284449577331,0.0401345551560143
517,2016-03-22-14,0.2213480174541473,0.33685187333256
518,2016-03-22-15,0.1514144390821457,0.1391949889803967
519,2016-03-22-16,0.1250424534082412,0.0338707806518965
520,2016-03-22-17,0.2219191491603851,0.3532072845377566
521,2016-03-22-18,0.1274489611387252,0.0614777867996752
522,2016-03-22-19,0.22182597219944,0.35088736805475
523,2016-03-22-20,0.2196808457374572,0.3028650968565131
524,2016-03-22-21,0.1724593937397003,0.1811854773228163
525,2016-03-22-22,0.2026215344667434,0.2426632641224915
526,2016-03-22-23,0.1254319250583648,0.0419904883424196
527,2016-03-22-24,0.1214689388871193,0.0321308432896415
528,2016-03-23-1,0.0762828662991523,0.0190233151606542
529,2016-03-23-2,0.1224228590726852,0.0349147430692495
530,2016-03-23-3,0.0522874668240547,0.0086996868112747
531,2016-03-23-4,0.0502953603863716,0.0080037118663728
532,2016-03-23-5,0.0607373751699924,0.013687507249739
533,2016-03-23-6,0.0544067248702049,0.0104396241735297
534,2016-03-23-7,0.2188122123479843,0.2862776940030159
535,2016-03-23-8,0.2295406758785247,0.5417004987820438
536,2016-03-23-9,0.1829315423965454,0.2014847465491242
537,2016-03-23-10,0.2289078831672668,0.5284769748289062
538,2016-03-23-11,0.2189349383115768,0.2911495186173297
539,2016-03-23-12,0.1284232586622238,0.0713374318524533
540,2016-03-23-13,0.0830329433083534,0.0202992692263078
541,2016-03-23-14,0.0915083810687065,0.0227351815334647
542,2016-03-23-15,0.0664475634694099,0.0144994780187913
543,2016-03-23-16,0.1097695007920265,0.0272590186753276
544,2016-03-23-17,0.2215777188539505,0.3428836561883772
545,2016-03-23-18,0.1265598237514495,0.0502261918570931
546,2016-03-23-19,0.201348215341568,0.2405753392877856
547,2016-03-23-20,0.1135776489973068,0.0281869852685303
548,2016-03-23-21,0.1262737959623336,0.0461663380118315
549,2016-03-23-22,0.1914185136556625,0.2198120867648764
550,2016-03-23-23,0.2201542258262634,0.3082009047674283
551,2016-03-23-24,0.2190427482128143,0.2927734601554344
552,2016-03-24-1,0.1322644203901291,0.0945365966825194
553,2016-03-24-2,0.1132279559969902,0.0287669643892819
554,2016-03-24-3,0.0712033286690712,0.0175153694466999
555,2016-03-24-4,0.1317387968301773,0.0939566175617677
556,2016-03-24-5,0.0523944199085235,0.0092796659320264
557,2016-03-24-6,0.0769927501678466,0.0201832734021575
558,2016-03-24-7,0.2193190455436706,0.292657464331284
559,2016-03-24-8,0.1873863488435745,0.2103004291845493
560,2016-03-24-9,0.2207597196102142,0.3180605498202065
561,2016-03-24-10,0.2217407524585724,0.34740749333024
562,2016-03-24-11,0.2267246693372726,0.479990720334068
563,2016-03-24-12,0.2301980853080749,0.5573599350423385
564,2016-03-24-13,0.2222627103328704,0.362834937942234
565,2016-03-24-14,0.2205138951539993,0.3166685999304025
566,2016-03-24-15,0.1255042999982834,0.0360747013107528
567,2016-03-24-16,0.1847807615995407,0.2065885628117387
568,2016-03-24-17,0.1953290998935699,0.2283957777520009
569,2016-03-24-18,0.1264732182025909,0.0490662336155898
570,2016-03-24-19,0.2195487916469574,0.2990372346595522
571,2016-03-24-20,0.2201542258262634,0.3079689131191277
572,2016-03-24-21,0.196056455373764,0.2294397401693539
573,2016-03-24-22,0.1291462332010269,0.0786451687739241
574,2016-03-24-23,0.1269876211881637,0.0556779955921586
575,2016-03-24-24,0.0975891351699829,0.024939102192321
576,2016-03-25-1,0.0467946492135524,0.0103236283493794
577,2016-03-25-2,0.0641020685434341,0.0185593318640528
578,2016-03-25-3,0.0452967658638954,0.0093956617561767
579,2016-03-25-4,0.0425638854503631,0.0075397285697714
580,2016-03-25-5,0.0458583571016788,0.0097436492286277
581,2016-03-25-6,0.061132289469242,0.0173993736225495
582,2016-03-25-7,0.0567764453589916,0.0155434404361443
583,2016-03-25-8,0.229394793510437,0.4977380814290685
584,2016-03-25-9,0.221186876296997,0.3128407377334415
585,2016-03-25-10,0.2206124365329742,0.2986892471871012
586,2016-03-25-11,0.2206906825304031,0.3007771720218072
587,2016-03-25-12,0.2214421033859253,0.3195684955341608
588,2016-03-25-13,0.2055556029081344,0.2315276650040598
589,2016-03-25-14,0.0643974021077156,0.0161234195568959
590,2016-03-25-15,0.0609367229044437,0.0144994780187913
591,2016-03-25-16,0.2194429337978363,0.2769980280709894
592,2016-03-25-17,0.1127060428261756,0.0462823338359819
593,2016-03-25-18,0.0664773061871528,0.0162394153810462
594,2016-03-25-19,0.0575441792607307,0.0131075281289873
595,2016-03-25-20,0.0695673748850822,0.0185593318640528
596,2016-03-25-21,0.0512596257030963,0.011947569887484
597,2016-03-25-22,0.0508944690227508,0.0120635657116343
598,2016-03-25-23,0.1095482036471366,0.053358079109152
599,2016-03-25-24,0.0691461712121963,0.0207632525229091
600,2016-03-26-1,0.0483375526964664,0.0118315740633337
601,2016-03-26-2,0.1186258345842361,0.0850249391021923
602,2016-03-26-3,0.0847490727901458,0.026331052082125
603,2016-03-26-4,0.0475547201931476,0.0107876116459807
604,2016-03-26-5,0.0452967658638954,0.0093956617561767
605,2016-03-26-6,0.0577337406575679,0.0156594362602946
606,2016-03-26-7,0.0479633174836635,0.0104396241735297
607,2016-03-26-8,0.0514336749911308,0.012643544832386
608,2016-03-26-9,0.0493753775954246,0.0118315740633337
609,2016-03-26-10,0.0507768504321575,0.012295557359935
610,2016-03-26-11,0.1094851419329643,0.0497622085604918
611,2016-03-26-12,0.0582038424909114,0.0146154738429416
612,2016-03-26-13,0.0511813275516033,0.0110196032942814
613,2016-03-26-14,0.0594930239021778,0.0148474654912423
614,2016-03-26-15,0.0560449846088886,0.0127595406565363
615,2016-03-26-16,0.0546842627227306,0.0118315740633337
616,2016-03-26-17,0.0790228471159935,0.0200672775780071
617,2016-03-26-18,0.1015572026371955,0.0289989560375826
618,2016-03-26-19,0.055703368037939,0.012295557359935
619,2016-03-26-20,0.0487741492688655,0.010903607470131
620,2016-03-26-21,0.052240040153265,0.0127595406565363
621,2016-03-26-22,0.0531699135899543,0.0132235239531376
622,2016-03-26-23,0.0504724457859993,0.0118315740633337
623,2016-03-26-24,0.0524765849113464,0.0128755364806866
624,2016-03-27-1,0.0515710413455963,0.0124115531840853
625,2016-03-27-2,0.0990286245942115,0.0327108224103932
626,2016-03-27-3,0.0469835512340068,0.0098596450527781
627,2016-03-27-4,0.0487741492688655,0.010903607470131
628,2016-03-27-5,0.0458638332784175,0.0091636701078761
629,2016-03-27-6,0.0500375218689441,0.011599582415033
630,2016-03-27-7,0.0506833717226982,0.011947569887484
631,2016-03-27-8,0.0991433784365654,0.0328268182345435
632,2016-03-27-9,0.0642664358019828,0.0179793527433012
633,2016-03-27-10,0.0541155934333801,0.013687507249739
634,2016-03-27-11,0.0563644431531429,0.0147314696670919
635,2016-03-27-12,0.0531904511153698,0.0141514905463403
636,2016-03-27-13,0.0570234730839729,0.0156594362602946
637,2016-03-27-14,0.0564293712377548,0.0141514905463403
638,2016-03-27-15,0.0664395540952682,0.0184433360399025
639,2016-03-27-16,0.0619539767503738,0.0164714070293469
640,2016-03-27-17,0.1807257235050201,0.1876812434752348
641,2016-03-27-18,0.082441858947277,0.0241271314232687
642,2016-03-27-19,0.0506833717226982,0.011947569887484
643,2016-03-27-20,0.0489563234150409,0.011599582415033
644,2016-03-27-21,0.0472575835883617,0.010903607470131
645,2016-03-27-22,0.046972632408142,0.0104396241735297
646,2016-03-27-23,0.0883631780743599,0.0276070061477786
647,2016-03-27-24,0.0578285977244377,0.0160074237327456
648,2016-03-28-1,0.0923861190676689,0.0238951397749681
649,2016-03-28-2,0.057135134935379,0.0113675907667323
650,2016-03-28-3,0.0569914579391479,0.0110196032942814
651,2016-03-28-4,0.0546880513429641,0.0092796659320264
652,2016-03-28-5,0.0557848028838634,0.0098596450527781
653,2016-03-28-6,0.0585288517177104,0.011251594942582
654,2016-03-28-7,0.1018715053796768,0.026331052082125
655,2016-03-28-8,0.0680321604013443,0.0171673819742489
656,2016-03-28-9,0.0570910163223743,0.0124115531840853
657,2016-03-28-10,0.0595723539590835,0.012295557359935
658,2016-03-28-11,0.070469930768013,0.0163554112051966
659,2016-03-28-12,0.0693534165620803,0.0150794571395429
660,2016-03-28-13,0.0788920223712921,0.0182113443916019
661,2016-03-28-14,0.1243508830666542,0.0325948265862428
662,2016-03-28-15,0.0751650482416153,0.0169353903259482
663,2016-03-28-16,0.0763332992792129,0.0171673819742489
664,2016-03-28-17,0.0573819763958454,0.0106716158218304
665,2016-03-28-18,0.0594683736562728,0.0125275490082357
666,2016-03-28-19,0.0564776360988616,0.0110196032942814
667,2016-03-28-20,0.1777602136135101,0.1909291265514441
668,2016-03-28-21,0.0783790200948715,0.0206472566987588
669,2016-03-28-22,0.077698141336441,0.0204152650504581
670,2016-03-28-23,0.2198800295591354,0.3003131887252059
671,2016-03-28-24,0.1265813410282135,0.0626377450411785
672,2016-03-29-1,0.0655410438776016,0.0161234195568959
673,2016-03-29-2,0.0486609153449535,0.0074237327456211
674,2016-03-29-3,0.1625448018312454,0.1622781579863124
675,2016-03-29-4,0.0483401529490947,0.0067277578007191
676,2016-03-29-5,0.0894372016191482,0.0240111355991184
677,2016-03-29-6,0.0705792605876922,0.0178633569191509
678,2016-03-29-7,0.0687951818108558,0.0171673819742489
679,2016-03-29-8,0.2286290973424911,0.5218652128523373
680,2016-03-29-9,0.2184999883174896,0.2854657232339636
681,2016-03-29-10,0.1288480907678604,0.0755132815218652
682,2016-03-29-11,0.2214265316724777,0.338591810694815
683,2016-03-29-12,0.1264099478721618,0.0480222711982368
684,2016-03-29-13,0.2211252599954605,0.3303561071801415
685,2016-03-29-14,0.2208602428436279,0.3235123535552719
686,2016-03-29-15,0.1255833655595779,0.0358427096624521
687,2016-03-29-16,0.1261558532714843,0.0453543672427792
688,2016-03-29-17,0.2205999046564102,0.3178285581719058
689,2016-03-29-18,0.2188655287027359,0.2902215520241271
690,2016-03-29-19,0.2215344160795211,0.3406797355295209
691,2016-03-29-20,0.2153079956769943,0.2655144414801067
692,2016-03-29-21,0.1257824748754501,0.0512701542744461
693,2016-03-29-22,0.2195034921169281,0.2967173181765456
694,2016-03-29-23,0.2179431170225143,0.2771140238951398
695,2016-03-29-24,0.048678208142519,0.0069597494490198
696,2016-03-30-1,0.067040242254734,0.0164714070293469
697,2016-03-30-2,0.052000168710947,0.0090476742837257
698,2016-03-30-3,0.1286592930555343,0.0756292773460155
699,2016-03-30-4,0.0931026265025138,0.025635077137223
700,2016-03-30-5,0.0769366323947906,0.0207632525229091
701,2016-03-30-6,0.050232857465744,0.0084676951629741
702,2016-03-30-7,0.0926458090543747,0.0255190813130727
703,2016-03-30-8,0.2282128036022186,0.5120055677995593
704,2016-03-30-9,0.228278562426567,0.5140934926342652
705,2016-03-30-10,0.2203947156667709,0.3121447627885396
706,2016-03-30-11,0.125473290681839,0.0365386846073541
707,2016-03-30-12,0.2209401577711105,0.3257162742141283
708,2016-03-30-13,0.1513349711894989,0.139310984804547
709,2016-03-30-14,0.1334903836250305,0.0938406217376174
710,2016-03-30-15,0.2224305272102356,0.3685187333256002
711,2016-03-30-16,0.2226311862468719,0.3739705370606658
712,2016-03-30-17,0.2154533267021179,0.2695742953253682
713,2016-03-30-18,0.2190825641155243,0.2960213432316436
714,2016-03-30-19,0.1908584833145141,0.2195800951165757
715,2016-03-30-20,0.1968118250370025,0.2314116691799095
716,2016-03-30-21,0.1256180256605148,0.0405985384526157
717,2016-03-30-22,0.1114132180809974,0.0283029810926806
718,2016-03-30-23,0.0737846940755844,0.0178633569191509
719,2016-03-30-24,0.1251980364322662,0.040366546804315
720,2016-03-31-1,0.121449775993824,0.0336387890035958
721,2016-03-31-2,0.0701339393854141,0.0168193945017979
722,2016-03-31-3,0.055329967290163,0.0106716158218304
723,2016-03-31-4,0.0714508444070816,0.0182113443916019
724,2016-03-31-5,0.0483317971229553,0.0069597494490198
725,2016-03-31-6,0.0643350929021835,0.0158914279085952
726,2016-03-31-7,0.094793677330017,0.0260990604338243
727,2016-03-31-8,0.2282864898443222,0.5138615009859645
728,2016-03-31-9,0.1916622817516327,0.2188841201716738
729,2016-03-31-10,0.2207641303539276,0.3182925414685071
730,2016-03-31-11,0.1887497752904892,0.2144762788539612
731,2016-03-31-12,0.1256609559059143,0.0385106136179097
732,2016-03-31-13,0.1036761105060577,0.025287089664772
733,2016-03-31-14,0.1269168704748153,0.0552140122955573
734,2016-03-31-15,0.2230675369501114,0.3861500985964505
735,2016-03-31-16,0.1304735988378524,0.0847929474538916
736,2016-03-31-17,0.1270665973424911,0.0569539496578123
737,2016-03-31-18,0.2236059159040451,0.4012295557359935
738,2016-03-31-19,0.2197575271129608,0.3036770676255654
739,2016-03-31-20,0.127732515335083,0.0636817074585315
740,2016-03-31-21,0.1264848709106445,0.053358079109152
741,2016-03-31-22,0.2202152460813522,0.307736921470827
742,2016-03-31-23,0.2202315032482147,0.3063449715810231
743,2016-03-31-24,0.0857797190546989,0.0229671731817654
