2014년 11월 1일 - 0시,205
2014년 11월 1일 - 1시,207
2014년 11월 1일 - 2시,210
2014년 11월 1일 - 3시,208
2014년 11월 1일 - 4시,206
2014년 11월 1일 - 5시,207
2014년 11월 1일 - 6시,212
2014년 11월 1일 - 7시,357
2014년 11월 1일 - 8시,215
2014년 11월 1일 - 9시,214
2014년 11월 1일 - 10시,211
2014년 11월 1일 - 11시,245
2014년 11월 1일 - 12시,257
2014년 11월 1일 - 13시,243
2014년 11월 1일 - 14시,257
2014년 11월 1일 - 15시,214
2014년 11월 1일 - 16시,221
2014년 11월 1일 - 17시,215
2014년 11월 1일 - 18시,289
2014년 11월 1일 - 19시,287
2014년 11월 1일 - 20시,298
2014년 11월 1일 - 21시,288
2014년 11월 1일 - 22시,359
2014년 11월 1일 - 23시,205
2014년 11월 2일 - 0시,210
2014년 11월 2일 - 1시,215
2014년 11월 2일 - 2시,217
2014년 11월 2일 - 3시,204
2014년 11월 2일 - 4시,205
2014년 11월 2일 - 5시,224
2014년 11월 2일 - 6시,205
2014년 11월 2일 - 7시,904
2014년 11월 2일 - 8시,205
2014년 11월 2일 - 9시,208
2014년 11월 2일 - 10시,208
2014년 11월 2일 - 11시,216
2014년 11월 2일 - 12시,359
2014년 11월 2일 - 13시,269
2014년 11월 2일 - 14시,208
2014년 11월 2일 - 15시,243
2014년 11월 2일 - 16시,207
2014년 11월 2일 - 17시,211
2014년 11월 2일 - 18시,213
2014년 11월 2일 - 19시,280
2014년 11월 2일 - 20시,213
2014년 11월 2일 - 21시,207
2014년 11월 2일 - 22시,217
2014년 11월 2일 - 23시,365
2014년 11월 3일 - 0시,309
2014년 11월 3일 - 1시,270
2014년 11월 3일 - 2시,316
2014년 11월 3일 - 3시,742
2014년 11월 3일 - 4시,367
2014년 11월 3일 - 5시,301
2014년 11월 3일 - 6시,273
2014년 11월 3일 - 7시,4691
2014년 11월 3일 - 8시,4569
2014년 11월 3일 - 9시,1890
2014년 11월 3일 - 10시,4808
2014년 11월 3일 - 11시,1911
2014년 11월 3일 - 12시,4753
2014년 11월 3일 - 13시,1968
2014년 11월 3일 - 14시,432
2014년 11월 3일 - 15시,2780
2014년 11월 3일 - 16시,2773
2014년 11월 3일 - 17시,2907
2014년 11월 3일 - 18시,2113
2014년 11월 3일 - 19시,3034
2014년 11월 3일 - 20시,723
2014년 11월 3일 - 21시,599
2014년 11월 3일 - 22시,580
2014년 11월 3일 - 23시,379
2014년 11월 4일 - 0시,270
2014년 11월 4일 - 1시,324
2014년 11월 4일 - 2시,319
2014년 11월 4일 - 3시,312
2014년 11월 4일 - 4시,921
2014년 11월 4일 - 5시,310
2014년 11월 4일 - 6시,2060
2014년 11월 4일 - 7시,333
2014년 11월 4일 - 8시,4531
2014년 11월 4일 - 9시,2683
2014년 11월 4일 - 10시,4683
2014년 11월 4일 - 11시,899
2014년 11월 4일 - 12시,2067
2014년 11월 4일 - 13시,331
2014년 11월 4일 - 14시,254
2014년 11월 4일 - 15시,2873
2014년 11월 4일 - 16시,2967
2014년 11월 4일 - 17시,3129
2014년 11월 4일 - 18시,4642
2014년 11월 4일 - 19시,4402
2014년 11월 4일 - 20시,4482
2014년 11월 4일 - 21시,1652
2014년 11월 4일 - 22시,283
2014년 11월 4일 - 23시,445
2014년 11월 5일 - 0시,249
2014년 11월 5일 - 1시,293
2014년 11월 5일 - 2시,299
2014년 11월 5일 - 3시,2669
2014년 11월 5일 - 4시,292
2014년 11월 5일 - 5시,438
2014년 11월 5일 - 6시,332
2014년 11월 5일 - 7시,4672
2014년 11월 5일 - 8시,476
2014년 11월 5일 - 9시,2145
2014년 11월 5일 - 10시,544
2014년 11월 5일 - 11시,364
2014년 11월 5일 - 12시,332
2014년 11월 5일 - 13시,837
2014년 11월 5일 - 14시,504
2014년 11월 5일 - 15시,429
2014년 11월 5일 - 16시,405
2014년 11월 5일 - 17시,404
2014년 11월 5일 - 18시,2022
2014년 11월 5일 - 19시,370
2014년 11월 5일 - 20시,5306
2014년 11월 5일 - 21시,4671
2014년 11월 5일 - 22시,613
2014년 11월 5일 - 23시,339
2014년 11월 6일 - 0시,289
2014년 11월 6일 - 1시,292
2014년 11월 6일 - 2시,313
2014년 11월 6일 - 3시,287
2014년 11월 6일 - 4시,583
2014년 11월 6일 - 5시,363
2014년 11월 6일 - 6시,242
2014년 11월 6일 - 7시,4466
2014년 11월 6일 - 8시,2574
2014년 11월 6일 - 9시,1928
2014년 11월 6일 - 10시,4557
2014년 11월 6일 - 11시,2523
2014년 11월 6일 - 12시,1941
2014년 11월 6일 - 13시,4528
2014년 11월 6일 - 14시,275
2014년 11월 6일 - 15시,287
2014년 11월 6일 - 16시,437
2014년 11월 6일 - 17시,3251
2014년 11월 6일 - 18시,2333
2014년 11월 6일 - 19시,638
2014년 11월 6일 - 20시,5251
2014년 11월 6일 - 21시,1658
2014년 11월 6일 - 22시,2869
2014년 11월 6일 - 23시,1909
2014년 11월 7일 - 0시,217
2014년 11월 7일 - 1시,229
2014년 11월 7일 - 2시,212
2014년 11월 7일 - 3시,212
2014년 11월 7일 - 4시,277
2014년 11월 7일 - 5시,211
2014년 11월 7일 - 6시,213
2014년 11월 7일 - 7시,1972
2014년 11월 7일 - 8시,2728
2014년 11월 7일 - 9시,3671
2014년 11월 7일 - 10시,4974
2014년 11월 7일 - 11시,3081
2014년 11월 7일 - 12시,348
2014년 11월 7일 - 13시,352
2014년 11월 7일 - 14시,401
2014년 11월 7일 - 15시,447
2014년 11월 7일 - 16시,2093
2014년 11월 7일 - 17시,2941
2014년 11월 7일 - 18시,2874
2014년 11월 7일 - 19시,2054
2014년 11월 7일 - 20시,4291
2014년 11월 7일 - 21시,503
2014년 11월 7일 - 22시,291
2014년 11월 7일 - 23시,1918
2014년 11월 8일 - 0시,245
2014년 11월 8일 - 1시,359
2014년 11월 8일 - 2시,258
2014년 11월 8일 - 3시,694
2014년 11월 8일 - 4시,308
2014년 11월 8일 - 5시,207
2014년 11월 8일 - 6시,893
2014년 11월 8일 - 7시,2791
2014년 11월 8일 - 8시,3702
2014년 11월 8일 - 9시,4541
2014년 11월 8일 - 10시,2930
2014년 11월 8일 - 11시,345
2014년 11월 8일 - 12시,5934
2014년 11월 8일 - 13시,2007
2014년 11월 8일 - 14시,2560
2014년 11월 8일 - 15시,1925
2014년 11월 8일 - 16시,429
2014년 11월 8일 - 17시,515
2014년 11월 8일 - 18시,3719
2014년 11월 8일 - 19시,4688
2014년 11월 8일 - 20시,2139
2014년 11월 8일 - 21시,649
2014년 11월 8일 - 22시,567
2014년 11월 8일 - 23시,926
2014년 11월 9일 - 0시,1982
2014년 11월 9일 - 1시,213
2014년 11월 9일 - 2시,213
2014년 11월 9일 - 3시,221
2014년 11월 9일 - 4시,257
2014년 11월 9일 - 5시,207
2014년 11월 9일 - 6시,215
2014년 11월 9일 - 7시,359
2014년 11월 9일 - 8시,4242
2014년 11월 9일 - 9시,4242
2014년 11월 9일 - 10시,4987
2014년 11월 9일 - 11시,2807
2014년 11월 9일 - 12시,1822
2014년 11월 9일 - 13시,280
2014년 11월 9일 - 14시,585
2014년 11월 9일 - 15시,332
2014년 11월 9일 - 16시,2000
2014년 11월 9일 - 17시,1930
2014년 11월 9일 - 18시,3810
2014년 11월 9일 - 19시,6257
2014년 11월 9일 - 20시,1668
2014년 11월 9일 - 21시,2868
2014년 11월 9일 - 22시,2647
2014년 11월 9일 - 23시,2647
2014년 11월 10일 - 0시,287
2014년 11월 10일 - 1시,232
2014년 11월 10일 - 2시,2013
2014년 11월 10일 - 3시,216
2014년 11월 10일 - 4시,292
2014년 11월 10일 - 5시,240
2014년 11월 10일 - 6시,218
2014년 11월 10일 - 7시,3606
2014년 11월 10일 - 8시,1985
2014년 11월 10일 - 9시,2675
2014년 11월 10일 - 10시,1952
2014년 11월 10일 - 11시,1977
2014년 11월 10일 - 12시,4430
2014년 11월 10일 - 13시,4604
2014년 11월 10일 - 14시,1790
2014년 11월 10일 - 15시,215
2014년 11월 10일 - 16시,803
2014년 11월 10일 - 17시,4697
2014년 11월 10일 - 18시,2133
2014년 11월 10일 - 19시,430
2014년 11월 10일 - 20시,529
2014년 11월 10일 - 21시,4726
2014년 11월 10일 - 22시,369
2014년 11월 10일 - 23시,232
2014년 11월 11일 - 0시,226
2014년 11월 11일 - 1시,215
2014년 11월 11일 - 2시,289
2014년 11월 11일 - 3시,210
2014년 11월 11일 - 4시,274
2014년 11월 11일 - 5시,208
2014년 11월 11일 - 6시,927
2014년 11월 11일 - 7시,2752
2014년 11월 11일 - 8시,2056
2014년 11월 11일 - 9시,6652
2014년 11월 11일 - 10시,2918
2014년 11월 11일 - 11시,2607
2014년 11월 11일 - 12시,506
2014년 11월 11일 - 13시,3536
2014년 11월 11일 - 14시,777
2014년 11월 11일 - 15시,772
2014년 11월 11일 - 16시,3070
2014년 11월 11일 - 17시,2989
2014년 11월 11일 - 18시,2037
2014년 11월 11일 - 19시,2096
2014년 11월 11일 - 20시,459
2014년 11월 11일 - 21시,2179
2014년 11월 11일 - 22시,1411
2014년 11월 11일 - 23시,273
2014년 11월 12일 - 0시,247
2014년 11월 12일 - 1시,1961
2014년 11월 12일 - 2시,902
2014년 11월 12일 - 3시,254
2014년 11월 12일 - 4시,309
2014년 11월 12일 - 5시,235
2014년 11월 12일 - 6시,302
2014년 11월 12일 - 7시,4514
2014년 11월 12일 - 8시,2066
2014년 11월 12일 - 9시,2182
2014년 11월 12일 - 10시,557
2014년 11월 12일 - 11시,538
2014년 11월 12일 - 12시,507
2014년 11월 12일 - 13시,443
2014년 11월 12일 - 14시,318
2014년 11월 12일 - 15시,382
2014년 11월 12일 - 16시,870
2014년 11월 12일 - 17시,437
2014년 11월 12일 - 18시,2869
2014년 11월 12일 - 19시,4480
2014년 11월 12일 - 20시,4547
2014년 11월 12일 - 21시,544
2014년 11월 12일 - 22시,544
2014년 11월 12일 - 23시,530
2014년 11월 13일 - 0시,235
2014년 11월 13일 - 1시,239
2014년 11월 13일 - 2시,212
2014년 11월 13일 - 3시,363
2014년 11월 13일 - 4시,292
2014년 11월 13일 - 5시,278
2014년 11월 13일 - 6시,217
2014년 11월 13일 - 7시,2626
2014년 11월 13일 - 8시,3832
2014년 11월 13일 - 9시,611
2014년 11월 13일 - 10시,5055
2014년 11월 13일 - 11시,3318
2014년 11월 13일 - 12시,3867
2014년 11월 13일 - 13시,4513
2014년 11월 13일 - 14시,2763
2014년 11월 13일 - 15시,762
2014년 11월 13일 - 16시,313
2014년 11월 13일 - 17시,2026
2014년 11월 13일 - 18시,2089
2014년 11월 13일 - 19시,511
2014년 11월 13일 - 20시,4592
2014년 11월 13일 - 21시,631
2014년 11월 13일 - 22시,4761
2014년 11월 13일 - 23시,2850
2014년 11월 14일 - 0시,2679
2014년 11월 14일 - 1시,265
2014년 11월 14일 - 2시,257
2014년 11월 14일 - 3시,488
2014년 11월 14일 - 4시,283
2014년 11월 14일 - 5시,245
2014년 11월 14일 - 6시,236
2014년 11월 14일 - 7시,2677
2014년 11월 14일 - 8시,3621
2014년 11월 14일 - 9시,2583
2014년 11월 14일 - 10시,2869
2014년 11월 14일 - 11시,1805
2014년 11월 14일 - 12시,1993
2014년 11월 14일 - 13시,375
2014년 11월 14일 - 14시,1973
2014년 11월 14일 - 15시,2949
2014년 11월 14일 - 16시,3262
2014년 11월 14일 - 17시,1994
2014년 11월 14일 - 18시,4546
2014년 11월 14일 - 19시,4848
2014년 11월 14일 - 20시,1943
2014년 11월 14일 - 21시,622
2014년 11월 14일 - 22시,2212
2014년 11월 14일 - 23시,4592
2014년 11월 15일 - 0시,2663
2014년 11월 15일 - 1시,724
2014년 11월 15일 - 2시,335
2014년 11월 15일 - 3시,238
2014년 11월 15일 - 4시,309
2014년 11월 15일 - 5시,243
2014년 11월 15일 - 6시,235
2014년 11월 15일 - 7시,342
2014년 11월 15일 - 8시,2915
2014년 11월 15일 - 9시,2029
2014년 11월 15일 - 10시,447
2014년 11월 15일 - 11시,340
2014년 11월 15일 - 12시,1643
2014년 11월 15일 - 13시,446
2014년 11월 15일 - 14시,1887
2014년 11월 15일 - 15시,516
2014년 11월 15일 - 16시,2919
2014년 11월 15일 - 17시,2164
2014년 11월 15일 - 18시,1972
2014년 11월 15일 - 19시,2043
2014년 11월 15일 - 20시,2189
2014년 11월 15일 - 21시,541
2014년 11월 15일 - 22시,1261
2014년 11월 15일 - 23시,310
2014년 11월 16일 - 0시,316
2014년 11월 16일 - 1시,224
2014년 11월 16일 - 2시,217
2014년 11월 16일 - 3시,580
2014년 11월 16일 - 4시,486
2014년 11월 16일 - 5시,453
2014년 11월 16일 - 6시,245
2014년 11월 16일 - 7시,2102
2014년 11월 16일 - 8시,4591
2014년 11월 16일 - 9시,1975
2014년 11월 16일 - 10시,3069
2014년 11월 16일 - 11시,3143
2014년 11월 16일 - 12시,3870
2014년 11월 16일 - 13시,2742
2014년 11월 16일 - 14시,1937
2014년 11월 16일 - 15시,6246
2014년 11월 16일 - 16시,493
2014년 11월 16일 - 17시,3034
2014년 11월 16일 - 18시,4795
2014년 11월 16일 - 19시,829
2014년 11월 16일 - 20시,716
2014년 11월 16일 - 21시,2651
2014년 11월 16일 - 22시,2651
2014년 11월 16일 - 23시,2609
2014년 11월 17일 - 0시,410
2014년 11월 17일 - 1시,1661
2014년 11월 17일 - 2시,345
2014년 11월 17일 - 3시,237
2014년 11월 17일 - 4시,320
2014년 11월 17일 - 5시,238
2014년 11월 17일 - 6시,811
2014년 11월 17일 - 7시,2621
2014년 11월 17일 - 8시,625
2014년 11월 17일 - 9시,1968
2014년 11월 17일 - 10시,511
2014년 11월 17일 - 11시,463
2014년 11월 17일 - 12시,4599
2014년 11월 17일 - 13시,436
2014년 11월 17일 - 14시,274
2014년 11월 17일 - 15시,2791
2014년 11월 17일 - 16시,2908
2014년 11월 17일 - 17시,2795
2014년 11월 17일 - 18시,4178
2014년 11월 17일 - 19시,1860
2014년 11월 17일 - 20시,546
2014년 11월 17일 - 21시,534
2014년 11월 17일 - 22시,1888
2014년 11월 17일 - 23시,382
2014년 11월 18일 - 0시,295
2014년 11월 18일 - 1시,367
2014년 11월 18일 - 2시,213
2014년 11월 18일 - 3시,761
2014년 11월 18일 - 4시,288
2014년 11월 18일 - 5시,215
2014년 11월 18일 - 6시,330
2014년 11월 18일 - 7시,4640
2014년 11월 18일 - 8시,1875
2014년 11월 18일 - 9시,1978
2014년 11월 18일 - 10시,291
2014년 11월 18일 - 11시,281
2014년 11월 18일 - 12시,1991
2014년 11월 18일 - 13시,4430
2014년 11월 18일 - 14시,4387
2014년 11월 18일 - 15시,3087
2014년 11월 18일 - 16시,3412
2014년 11월 18일 - 17시,3113
2014년 11월 18일 - 18시,2139
2014년 11월 18일 - 19시,552
2014년 11월 18일 - 20시,2169
2014년 11월 18일 - 21시,531
2014년 11월 18일 - 22시,2651
2014년 11월 18일 - 23시,2615
2014년 11월 19일 - 0시,304
2014년 11월 19일 - 1시,445
2014년 11월 19일 - 2시,212
2014년 11월 19일 - 3시,345
2014년 11월 19일 - 4시,292
2014년 11월 19일 - 5시,218
2014년 11월 19일 - 6시,215
2014년 11월 19일 - 7시,4645
2014년 11월 19일 - 8시,683
2014년 11월 19일 - 9시,4583
2014년 11월 19일 - 10시,2472
2014년 11월 19일 - 11시,472
2014년 11월 19일 - 12시,2719
2014년 11월 19일 - 13시,405
2014년 11월 19일 - 14시,2024
2014년 11월 19일 - 15시,421
2014년 11월 19일 - 16시,383
2014년 11월 19일 - 17시,2031
2014년 11월 19일 - 18시,2311
2014년 11월 19일 - 19시,2034
2014년 11월 19일 - 20시,698
2014년 11월 19일 - 21시,515
2014년 11월 19일 - 22시,372
2014년 11월 19일 - 23시,318
2014년 11월 20일 - 0시,293
2014년 11월 20일 - 1시,215
2014년 11월 20일 - 2시,776
2014년 11월 20일 - 3시,319
2014년 11월 20일 - 4시,288
2014년 11월 20일 - 5시,229
2014년 11월 20일 - 6시,366
2014년 11월 20일 - 7시,2782
2014년 11월 20일 - 8시,1909
2014년 11월 20일 - 9시,1985
2014년 11월 20일 - 10시,2530
2014년 11월 20일 - 11시,2217
2014년 11월 20일 - 12시,2041
2014년 11월 20일 - 13시,4516
2014년 11월 20일 - 14시,2978
2014년 11월 20일 - 15시,1798
2014년 11월 20일 - 16시,584
2014년 11월 20일 - 17시,2062
2014년 11월 20일 - 18시,2796
2014년 11월 20일 - 19시,792
2014년 11월 20일 - 20시,643
2014년 11월 20일 - 21시,615
2014년 11월 20일 - 22시,485
2014년 11월 20일 - 23시,2643
2014년 11월 21일 - 0시,2619
2014년 11월 21일 - 1시,223
2014년 11월 21일 - 2시,273
2014년 11월 21일 - 3시,375
2014년 11월 21일 - 4시,326
2014년 11월 21일 - 5시,321
2014년 11월 21일 - 6시,643
2014년 11월 21일 - 7시,2714
2014년 11월 21일 - 8시,1943
2014년 11월 21일 - 9시,4499
2014년 11월 21일 - 10시,415
2014년 11월 21일 - 11시,356
2014년 11월 21일 - 12시,1969
2014년 11월 21일 - 13시,868
2014년 11월 21일 - 14시,2037
2014년 11월 21일 - 15시,738
2014년 11월 21일 - 16시,703
2014년 11월 21일 - 17시,3152
2014년 11월 21일 - 18시,2365
2014년 11월 21일 - 19시,2123
2014년 11월 21일 - 20시,2138
2014년 11월 21일 - 21시,596
2014년 11월 21일 - 22시,354
2014년 11월 21일 - 23시,311
2014년 11월 22일 - 0시,237
2014년 11월 22일 - 1시,262
2014년 11월 22일 - 2시,239
2014년 11월 22일 - 3시,246
2014년 11월 22일 - 4시,337
2014년 11월 22일 - 5시,936
2014년 11월 22일 - 6시,232
2014년 11월 22일 - 7시,237
2014년 11월 22일 - 8시,2706
2014년 11월 22일 - 9시,6879
2014년 11월 22일 - 10시,2931
2014년 11월 22일 - 11시,2590
2014년 11월 22일 - 12시,2185
2014년 11월 22일 - 13시,2722
2014년 11월 22일 - 14시,520
2014년 11월 22일 - 15시,2027
2014년 11월 22일 - 16시,351
2014년 11월 22일 - 17시,293
2014년 11월 22일 - 18시,2929
2014년 11월 22일 - 19시,668
2014년 11월 22일 - 20시,718
2014년 11월 22일 - 21시,2349
2014년 11월 22일 - 22시,682
2014년 11월 22일 - 23시,2296
2014년 11월 23일 - 0시,2322
2014년 11월 23일 - 1시,227
2014년 11월 23일 - 2시,225
2014년 11월 23일 - 3시,218
2014년 11월 23일 - 4시,293
2014년 11월 23일 - 5시,217
2014년 11월 23일 - 6시,229
2014년 11월 23일 - 7시,2788
2014년 11월 23일 - 8시,6572
2014년 11월 23일 - 9시,2625
2014년 11월 23일 - 10시,2840
2014년 11월 23일 - 11시,2788
2014년 11월 23일 - 12시,2767
2014년 11월 23일 - 13시,280
2014년 11월 23일 - 14시,429
2014년 11월 23일 - 15시,358
2014년 11월 23일 - 16시,2995
2014년 11월 23일 - 17시,3250
2014년 11월 23일 - 18시,4622
2014년 11월 23일 - 19시,5397
2014년 11월 23일 - 20시,558
2014년 11월 23일 - 21시,656
2014년 11월 23일 - 22시,294
2014년 11월 23일 - 23시,293
2014년 11월 24일 - 0시,229
2014년 11월 24일 - 1시,237
2014년 11월 24일 - 2시,216
2014년 11월 24일 - 3시,222
2014년 11월 24일 - 4시,297
2014년 11월 24일 - 5시,632
2014년 11월 24일 - 6시,234
2014년 11월 24일 - 7시,4532
2014년 11월 24일 - 8시,4515
2014년 11월 24일 - 9시,4374
2014년 11월 24일 - 10시,1501
2014년 11월 24일 - 11시,347
2014년 11월 24일 - 12시,3650
2014년 11월 24일 - 13시,4558
2014년 11월 24일 - 14시,1745
2014년 11월 24일 - 15시,1955
2014년 11월 24일 - 16시,2621
2014년 11월 24일 - 17시,2880
2014년 11월 24일 - 18시,2139
2014년 11월 24일 - 19시,4540
2014년 11월 24일 - 20시,835
2014년 11월 24일 - 21시,502
2014년 11월 24일 - 22시,368
2014년 11월 24일 - 23시,299
2014년 11월 25일 - 0시,302
2014년 11월 25일 - 1시,219
2014년 11월 25일 - 2시,265
2014년 11월 25일 - 3시,213
2014년 11월 25일 - 4시,272
2014년 11월 25일 - 5시,372
2014년 11월 25일 - 6시,223
2014년 11월 25일 - 7시,4661
2014년 11월 25일 - 8시,1978
2014년 11월 25일 - 9시,1973
2014년 11월 25일 - 10시,4908
2014년 11월 25일 - 11시,674
2014년 11월 25일 - 12시,1939
2014년 11월 25일 - 13시,2014
2014년 11월 25일 - 14시,328
2014년 11월 25일 - 15시,1975
2014년 11월 25일 - 16시,2715
2014년 11월 25일 - 17시,3210
2014년 11월 25일 - 18시,4617
2014년 11월 25일 - 19시,540
2014년 11월 25일 - 20시,971
2014년 11월 25일 - 21시,522
2014년 11월 25일 - 22시,347
2014년 11월 25일 - 23시,305
2014년 11월 26일 - 0시,405
2014년 11월 26일 - 1시,710
2014년 11월 26일 - 2시,1973
2014년 11월 26일 - 3시,337
2014년 11월 26일 - 4시,347
2014년 11월 26일 - 5시,239
2014년 11월 26일 - 6시,334
2014년 11월 26일 - 7시,2675
2014년 11월 26일 - 8시,2640
2014년 11월 26일 - 9시,7111
2014년 11월 26일 - 10시,2752
2014년 11월 26일 - 11시,4460
2014년 11월 26일 - 12시,2620
2014년 11월 26일 - 13시,832
2014년 11월 26일 - 14시,264
2014년 11월 26일 - 15시,2026
2014년 11월 26일 - 16시,4645
2014년 11월 26일 - 17시,3108
2014년 11월 26일 - 18시,3623
2014년 11월 26일 - 19시,4888
2014년 11월 26일 - 20시,2906
2014년 11월 26일 - 21시,1837
2014년 11월 26일 - 22시,616
2014년 11월 26일 - 23시,2075
2014년 11월 27일 - 0시,430
2014년 11월 27일 - 1시,301
2014년 11월 27일 - 2시,282
2014년 11월 27일 - 3시,239
2014년 11월 27일 - 4시,316
2014년 11월 27일 - 5시,280
2014년 11월 27일 - 6시,239
2014년 11월 27일 - 7시,278
2014년 11월 27일 - 8시,2649
2014년 11월 27일 - 9시,4948
2014년 11월 27일 - 10시,5168
2014년 11월 27일 - 11시,467
2014년 11월 27일 - 12시,358
2014년 11월 27일 - 13시,2677
2014년 11월 27일 - 14시,1905
2014년 11월 27일 - 15시,1991
2014년 11월 27일 - 16시,3067
2014년 11월 27일 - 17시,2176
2014년 11월 27일 - 18시,4618
2014년 11월 27일 - 19시,2856
2014년 11월 27일 - 20시,574
2014년 11월 27일 - 21시,540
2014년 11월 27일 - 22시,335
2014년 11월 27일 - 23시,307
2014년 11월 28일 - 0시,304
2014년 11월 28일 - 1시,302
2014년 11월 28일 - 2시,301
2014년 11월 28일 - 3시,348
2014년 11월 28일 - 4시,460
2014년 11월 28일 - 5시,458
2014년 11월 28일 - 6시,300
2014년 11월 28일 - 7시,4571
2014년 11월 28일 - 8시,2213
2014년 11월 28일 - 9시,516
2014년 11월 28일 - 10시,7002
2014년 11월 28일 - 11시,3438
2014년 11월 28일 - 12시,1955
2014년 11월 28일 - 13시,2634
2014년 11월 28일 - 14시,2656
2014년 11월 28일 - 15시,2964
2014년 11월 28일 - 16시,2942
2014년 11월 28일 - 17시,2392
2014년 11월 28일 - 18시,2147
2014년 11월 28일 - 19시,2123
2014년 11월 28일 - 20시,623
2014년 11월 28일 - 21시,615
2014년 11월 28일 - 22시,568
2014년 11월 28일 - 23시,330
2014년 11월 29일 - 0시,311
2014년 11월 29일 - 1시,351
2014년 11월 29일 - 2시,354
2014년 11월 29일 - 3시,302
2014년 11월 29일 - 4시,398
2014년 11월 29일 - 5시,563
2014년 11월 29일 - 6시,912
2014년 11월 29일 - 7시,2849
2014년 11월 29일 - 8시,3968
2014년 11월 29일 - 9시,1935
2014년 11월 29일 - 10시,868
2014년 11월 29일 - 11시,1532
2014년 11월 29일 - 12시,908
2014년 11월 29일 - 13시,375
2014년 11월 29일 - 14시,4765
2014년 11월 29일 - 15시,485
2014년 11월 29일 - 16시,5260
2014년 11월 29일 - 17시,5249
2014년 11월 29일 - 18시,2696
2014년 11월 29일 - 19시,2798
2014년 11월 29일 - 20시,2519
2014년 11월 29일 - 21시,554
2014년 11월 29일 - 22시,1983
2014년 11월 29일 - 23시,382
2014년 11월 30일 - 0시,361
2014년 11월 30일 - 1시,370
2014년 11월 30일 - 2시,288
2014년 11월 30일 - 3시,218
2014년 11월 30일 - 4시,1494
2014년 11월 30일 - 5시,218
2014년 11월 30일 - 6시,221
2014년 11월 30일 - 7시,2850
2014년 11월 30일 - 8시,3397
2014년 11월 30일 - 9시,2818
2014년 11월 30일 - 10시,1812
2014년 11월 30일 - 11시,1980
2014년 11월 30일 - 12시,317
2014년 11월 30일 - 13시,301
2014년 11월 30일 - 14시,2740
2014년 11월 30일 - 15시,2756
2014년 11월 30일 - 16시,4517
2014년 11월 30일 - 17시,2226
2014년 11월 30일 - 18시,2110
2014년 11월 30일 - 19시,2977
2014년 11월 30일 - 20시,2329
2014년 11월 30일 - 21시,665
2014년 11월 30일 - 22시,696
2014년 11월 30일 - 23시,599
