2013년 4월 1일 - 0시,0,239
2013년 4월 1일 - 1시,1,226
2013년 4월 1일 - 2시,2,492
2013년 4월 1일 - 3시,3,246
2013년 4월 1일 - 4시,4,238
2013년 4월 1일 - 5시,5,245
2013년 4월 1일 - 6시,6,242
2013년 4월 1일 - 7시,7,254
2013년 4월 1일 - 8시,8,1773
2013년 4월 1일 - 9시,9,248
2013년 4월 1일 - 10시,10,265
2013년 4월 1일 - 11시,11,259
2013년 4월 1일 - 12시,12,260
2013년 4월 1일 - 13시,13,426
2013년 4월 1일 - 14시,14,277
2013년 4월 1일 - 15시,15,299
2013년 4월 1일 - 16시,16,288
2013년 4월 1일 - 17시,17,256
2013년 4월 1일 - 18시,18,239
2013년 4월 1일 - 19시,19,567
2013년 4월 1일 - 20시,20,2642
2013년 4월 1일 - 21시,21,2450
2013년 4월 1일 - 22시,22,633
2013년 4월 1일 - 23시,23,308
2013년 4월 2일 - 0시,0,305
2013년 4월 2일 - 1시,1,328
2013년 4월 2일 - 2시,2,1508
2013년 4월 2일 - 3시,3,318
2013년 4월 2일 - 4시,4,382
2013년 4월 2일 - 5시,5,333
2013년 4월 2일 - 6시,6,2880
2013년 4월 2일 - 7시,7,4863
2013년 4월 2일 - 8시,8,2897
2013년 4월 2일 - 9시,9,2719
2013년 4월 2일 - 10시,10,335
2013년 4월 2일 - 11시,11,2909
2013년 4월 2일 - 12시,12,3188
2013년 4월 2일 - 13시,13,3160
2013년 4월 2일 - 14시,14,1907
2013년 4월 2일 - 15시,15,504
2013년 4월 2일 - 16시,16,4644
2013년 4월 2일 - 17시,17,2755
2013년 4월 2일 - 18시,18,3291
2013년 4월 2일 - 19시,19,2594
2013년 4월 2일 - 20시,20,842
2013년 4월 2일 - 21시,21,624
2013년 4월 2일 - 22시,22,511
2013년 4월 2일 - 23시,23,610
2013년 4월 3일 - 0시,0,222
2013년 4월 3일 - 1시,1,776
2013년 4월 3일 - 2시,2,300
2013년 4월 3일 - 3시,3,369
2013년 4월 3일 - 4시,4,250
2013년 4월 3일 - 5시,5,262
2013년 4월 3일 - 6시,6,281
2013년 4월 3일 - 7시,7,4789
2013년 4월 3일 - 8시,8,665
2013년 4월 3일 - 9시,9,561
2013년 4월 3일 - 10시,10,3465
2013년 4월 3일 - 11시,11,2757
2013년 4월 3일 - 12시,12,2943
2013년 4월 3일 - 13시,13,3023
2013년 4월 3일 - 14시,14,721
2013년 4월 3일 - 15시,15,2207
2013년 4월 3일 - 16시,16,3361
2013년 4월 3일 - 17시,17,5349
2013년 4월 3일 - 18시,18,4999
2013년 4월 3일 - 19시,19,3081
2013년 4월 3일 - 20시,20,930
2013년 4월 3일 - 21시,21,4876
2013년 4월 3일 - 22시,22,2630
2013년 4월 3일 - 23시,23,229
2013년 4월 4일 - 0시,0,1719
2013년 4월 4일 - 1시,1,224
2013년 4월 4일 - 2시,2,223
2013년 4월 4일 - 3시,3,224
2013년 4월 4일 - 4시,4,475
2013년 4월 4일 - 5시,5,319
2013년 4월 4일 - 6시,6,280
2013년 4월 4일 - 7시,7,3171
2013년 4월 4일 - 8시,8,2572
2013년 4월 4일 - 9시,9,418
2013년 4월 4일 - 10시,10,1977
2013년 4월 4일 - 11시,11,3202
2013년 4월 4일 - 12시,12,4942
2013년 4월 4일 - 13시,13,2128
2013년 4월 4일 - 14시,14,518
2013년 4월 4일 - 15시,15,939
2013년 4월 4일 - 16시,16,2344
2013년 4월 4일 - 17시,17,5010
2013년 4월 4일 - 18시,18,3659
2013년 4월 4일 - 19시,19,829
2013년 4월 4일 - 20시,20,741
2013년 4월 4일 - 21시,21,564
2013년 4월 4일 - 22시,22,1971
2013년 4월 4일 - 23시,23,374
2013년 4월 5일 - 0시,0,234
2013년 4월 5일 - 1시,1,783
2013년 4월 5일 - 2시,2,686
2013년 4월 5일 - 3시,3,792
2013년 4월 5일 - 4시,4,832
2013년 4월 5일 - 5시,5,941
2013년 4월 5일 - 6시,6,1977
2013년 4월 5일 - 7시,7,4603
2013년 4월 5일 - 8시,8,2931
2013년 4월 5일 - 9시,9,435
2013년 4월 5일 - 10시,10,2155
2013년 4월 5일 - 11시,11,2979
2013년 4월 5일 - 12시,12,3022
2013년 4월 5일 - 13시,13,787
2013년 4월 5일 - 14시,14,612
2013년 4월 5일 - 15시,15,414
2013년 4월 5일 - 16시,16,2956
2013년 4월 5일 - 17시,17,1931
2013년 4월 5일 - 18시,18,3139
2013년 4월 5일 - 19시,19,2748
2013년 4월 5일 - 20시,20,886
2013년 4월 5일 - 21시,21,2592
2013년 4월 5일 - 22시,22,2593
2013년 4월 5일 - 23시,23,2576
2013년 4월 6일 - 0시,0,336
2013년 4월 6일 - 1시,1,1970
2013년 4월 6일 - 2시,2,313
2013년 4월 6일 - 3시,3,232
2013년 4월 6일 - 4시,4,370
2013년 4월 6일 - 5시,5,370
2013년 4월 6일 - 6시,6,288
2013년 4월 6일 - 7시,7,297
2013년 4월 6일 - 8시,8,4542
2013년 4월 6일 - 9시,9,2341
2013년 4월 6일 - 10시,10,2825
2013년 4월 6일 - 11시,11,1741
2013년 4월 6일 - 12시,12,308
2013년 4월 6일 - 13시,13,287
2013년 4월 6일 - 14시,14,2655
2013년 4월 6일 - 15시,15,1902
2013년 4월 6일 - 16시,16,2688
2013년 4월 6일 - 17시,17,2341
2013년 4월 6일 - 18시,18,330
2013년 4월 6일 - 19시,19,938
2013년 4월 6일 - 20시,20,674
2013년 4월 6일 - 21시,21,2192
2013년 4월 6일 - 22시,22,355
2013년 4월 6일 - 23시,23,250
2013년 4월 7일 - 0시,0,261
2013년 4월 7일 - 1시,1,239
2013년 4월 7일 - 2시,2,310
2013년 4월 7일 - 3시,3,260
2013년 4월 7일 - 4시,4,238
2013년 4월 7일 - 5시,5,327
2013년 4월 7일 - 6시,6,294
2013년 4월 7일 - 7시,7,4514
2013년 4월 7일 - 8시,8,1964
2013년 4월 7일 - 9시,9,4412
2013년 4월 7일 - 10시,10,414
2013년 4월 7일 - 11시,11,415
2013년 4월 7일 - 12시,12,341
2013년 4월 7일 - 13시,13,301
2013년 4월 7일 - 14시,14,2647
2013년 4월 7일 - 15시,15,2719
2013년 4월 7일 - 16시,16,4578
2013년 4월 7일 - 17시,17,6484
2013년 4월 7일 - 18시,18,633
2013년 4월 7일 - 19시,19,2156
2013년 4월 7일 - 20시,20,507
2013년 4월 7일 - 21시,21,719
2013년 4월 7일 - 22시,22,357
2013년 4월 7일 - 23시,23,315
2013년 4월 8일 - 0시,0,307
2013년 4월 8일 - 1시,1,452
2013년 4월 8일 - 2시,2,585
2013년 4월 8일 - 3시,3,309
2013년 4월 8일 - 4시,4,343
2013년 4월 8일 - 5시,5,302
2013년 4월 8일 - 6시,6,4600
2013년 4월 8일 - 7시,7,3044
2013년 4월 8일 - 8시,8,2704
2013년 4월 8일 - 9시,9,667
2013년 4월 8일 - 10시,10,1024
2013년 4월 8일 - 11시,11,487
2013년 4월 8일 - 12시,12,2809
2013년 4월 8일 - 13시,13,5344
2013년 4월 8일 - 14시,14,3292
2013년 4월 8일 - 15시,15,2880
2013년 4월 8일 - 16시,16,3362
2013년 4월 8일 - 17시,17,4361
2013년 4월 8일 - 18시,18,5390
2013년 4월 8일 - 19시,19,1935
2013년 4월 8일 - 20시,20,869
2013년 4월 8일 - 21시,21,591
2013년 4월 8일 - 22시,22,277
2013년 4월 8일 - 23시,23,231
2013년 4월 9일 - 0시,0,231
2013년 4월 9일 - 1시,1,234
2013년 4월 9일 - 2시,2,585
2013년 4월 9일 - 3시,3,231
2013년 4월 9일 - 4시,4,234
2013년 4월 9일 - 5시,5,306
2013년 4월 9일 - 6시,6,440
2013년 4월 9일 - 7시,7,449
2013년 4월 9일 - 8시,8,2778
2013년 4월 9일 - 9시,9,2205
2013년 4월 9일 - 10시,10,475
2013년 4월 9일 - 11시,11,3163
2013년 4월 9일 - 12시,12,4769
2013년 4월 9일 - 13시,13,533
2013년 4월 9일 - 14시,14,3461
2013년 4월 9일 - 15시,15,629
2013년 4월 9일 - 16시,16,4669
2013년 4월 9일 - 17시,17,2099
2013년 4월 9일 - 18시,18,458
2013년 4월 9일 - 19시,19,714
2013년 4월 9일 - 20시,20,3090
2013년 4월 9일 - 21시,21,809
2013년 4월 9일 - 22시,22,455
2013년 4월 9일 - 23시,23,270
2013년 4월 10일 - 0시,0,322
2013년 4월 10일 - 1시,1,247
2013년 4월 10일 - 2시,2,257
2013년 4월 10일 - 3시,3,341
2013년 4월 10일 - 4시,4,259
2013년 4월 10일 - 5시,5,317
2013년 4월 10일 - 6시,6,307
2013년 4월 10일 - 7시,7,3781
2013년 4월 10일 - 8시,8,855
2013년 4월 10일 - 9시,9,507
2013년 4월 10일 - 10시,10,2108
2013년 4월 10일 - 11시,11,2821
2013년 4월 10일 - 12시,12,476
2013년 4월 10일 - 13시,13,337
2013년 4월 10일 - 14시,14,320
2013년 4월 10일 - 15시,15,368
2013년 4월 10일 - 16시,16,1936
2013년 4월 10일 - 17시,17,1961
2013년 4월 10일 - 18시,18,284
2013년 4월 10일 - 19시,19,4720
2013년 4월 10일 - 20시,20,434
2013년 4월 10일 - 21시,21,4818
2013년 4월 10일 - 22시,22,2604
2013년 4월 10일 - 23시,23,2610
2013년 4월 11일 - 0시,0,755
2013년 4월 11일 - 1시,1,225
2013년 4월 11일 - 2시,2,281
2013년 4월 11일 - 3시,3,380
2013년 4월 11일 - 4시,4,243
2013년 4월 11일 - 5시,5,240
2013년 4월 11일 - 6시,6,327
2013년 4월 11일 - 7시,7,4707
2013년 4월 11일 - 8시,8,992
2013년 4월 11일 - 9시,9,3455
2013년 4월 11일 - 10시,10,2803
2013년 4월 11일 - 11시,11,2780
2013년 4월 11일 - 12시,12,2830
2013년 4월 11일 - 13시,13,440
2013년 4월 11일 - 14시,14,2617
2013년 4월 11일 - 15시,15,544
2013년 4월 11일 - 16시,16,2852
2013년 4월 11일 - 17시,17,3004
2013년 4월 11일 - 18시,18,2997
2013년 4월 11일 - 19시,19,2492
2013년 4월 11일 - 20시,20,848
2013년 4월 11일 - 21시,21,684
2013년 4월 11일 - 22시,22,570
2013년 4월 11일 - 23시,23,232
2013년 4월 12일 - 0시,0,225
2013년 4월 12일 - 1시,1,228
2013년 4월 12일 - 2시,2,285
2013년 4월 12일 - 3시,3,306
2013년 4월 12일 - 4시,4,749
2013년 4월 12일 - 5시,5,304
2013년 4월 12일 - 6시,6,2628
2013년 4월 12일 - 7시,7,4550
2013년 4월 12일 - 8시,8,589
2013년 4월 12일 - 9시,9,2598
2013년 4월 12일 - 10시,10,832
2013년 4월 12일 - 11시,11,295
2013년 4월 12일 - 12시,12,291
2013년 4월 12일 - 13시,13,1990
2013년 4월 12일 - 14시,14,249
2013년 4월 12일 - 15시,15,1977
2013년 4월 12일 - 16시,16,2241
2013년 4월 12일 - 17시,17,3004
2013년 4월 12일 - 18시,18,2997
2013년 4월 12일 - 19시,19,484
2013년 4월 12일 - 20시,20,2371
2013년 4월 12일 - 21시,21,513
2013년 4월 12일 - 22시,22,326
2013년 4월 12일 - 23시,23,892
2013년 4월 13일 - 0시,0,221
2013년 4월 13일 - 1시,1,235
2013년 4월 13일 - 2시,2,227
2013년 4월 13일 - 3시,3,225
2013년 4월 13일 - 4시,4,459
2013년 4월 13일 - 5시,5,226
2013년 4월 13일 - 6시,6,223
2013년 4월 13일 - 7시,7,4509
2013년 4월 13일 - 8시,8,578
2013년 4월 13일 - 9시,9,2886
2013년 4월 13일 - 10시,10,2893
2013년 4월 13일 - 11시,11,2845
2013년 4월 13일 - 12시,12,3089
2013년 4월 13일 - 13시,13,1652
2013년 4월 13일 - 14시,14,2992
2013년 4월 13일 - 15시,15,3085
2013년 4월 13일 - 16시,16,3086
2013년 4월 13일 - 17시,17,4356
2013년 4월 13일 - 18시,18,600
2013년 4월 13일 - 19시,19,730
2013년 4월 13일 - 20시,20,827
2013년 4월 13일 - 21시,21,683
2013년 4월 13일 - 22시,22,2590
2013년 4월 13일 - 23시,23,2675
2013년 4월 14일 - 0시,0,288
2013년 4월 14일 - 1시,1,247
2013년 4월 14일 - 2시,2,235
2013년 4월 14일 - 3시,3,228
2013년 4월 14일 - 4시,4,480
2013년 4월 14일 - 5시,5,305
2013년 4월 14일 - 6시,6,286
2013년 4월 14일 - 7시,7,4714
2013년 4월 14일 - 8시,8,2123
2013년 4월 14일 - 9시,9,265
2013년 4월 14일 - 10시,10,259
2013년 4월 14일 - 11시,11,3795
2013년 4월 14일 - 12시,12,4536
2013년 4월 14일 - 13시,13,4350
2013년 4월 14일 - 14시,14,1383
2013년 4월 14일 - 15시,15,4100
2013년 4월 14일 - 16시,16,2554
2013년 4월 14일 - 17시,17,1980
2013년 4월 14일 - 18시,18,556
2013년 4월 14일 - 19시,19,3220
2013년 4월 14일 - 20시,20,864
2013년 4월 14일 - 21시,21,521
2013년 4월 14일 - 22시,22,234
2013년 4월 14일 - 23시,23,229
2013년 4월 15일 - 0시,0,229
2013년 4월 15일 - 1시,1,257
2013년 4월 15일 - 2시,2,226
2013년 4월 15일 - 3시,3,222
2013년 4월 15일 - 4시,4,225
2013년 4월 15일 - 5시,5,293
2013년 4월 15일 - 6시,6,2624
2013년 4월 15일 - 7시,7,378
2013년 4월 15일 - 8시,8,412
2013년 4월 15일 - 9시,9,2834
2013년 4월 15일 - 10시,10,888
2013년 4월 15일 - 11시,11,2590
2013년 4월 15일 - 12시,12,1874
2013년 4월 15일 - 13시,13,257
2013년 4월 15일 - 14시,14,252
2013년 4월 15일 - 15시,15,2016
2013년 4월 15일 - 16시,16,1973
2013년 4월 15일 - 17시,17,5375
2013년 4월 15일 - 18시,18,1937
2013년 4월 15일 - 19시,19,505
2013년 4월 15일 - 20시,20,3423
2013년 4월 15일 - 21시,21,533
2013년 4월 15일 - 22시,22,261
2013년 4월 15일 - 23시,23,248
2013년 4월 16일 - 0시,0,387
2013년 4월 16일 - 1시,1,293
2013년 4월 16일 - 2시,2,235
2013년 4월 16일 - 3시,3,237
2013년 4월 16일 - 4시,4,236
2013년 4월 16일 - 5시,5,316
2013년 4월 16일 - 6시,6,4669
2013년 4월 16일 - 7시,7,4597
2013년 4월 16일 - 8시,8,1824
2013년 4월 16일 - 9시,9,2616
2013년 4월 16일 - 10시,10,299
2013년 4월 16일 - 11시,11,298
2013년 4월 16일 - 12시,12,1978
2013년 4월 16일 - 13시,13,272
2013년 4월 16일 - 14시,14,289
2013년 4월 16일 - 15시,15,3080
2013년 4월 16일 - 16시,16,2694
2013년 4월 16일 - 17시,17,4379
2013년 4월 16일 - 18시,18,1911
2013년 4월 16일 - 19시,19,507
2013년 4월 16일 - 20시,20,3203
2013년 4월 16일 - 21시,21,2572
2013년 4월 16일 - 22시,22,2590
2013년 4월 16일 - 23시,23,2578
2013년 4월 17일 - 0시,0,227
2013년 4월 17일 - 1시,1,224
2013년 4월 17일 - 2시,2,228
2013년 4월 17일 - 3시,3,359
2013년 4월 17일 - 4시,4,229
2013년 4월 17일 - 5시,5,236
2013년 4월 17일 - 6시,6,372
2013년 4월 17일 - 7시,7,2661
2013년 4월 17일 - 8시,8,1998
2013년 4월 17일 - 9시,9,4616
2013년 4월 17일 - 10시,10,478
2013년 4월 17일 - 11시,11,272
2013년 4월 17일 - 12시,12,2896
2013년 4월 17일 - 13시,13,2990
2013년 4월 17일 - 14시,14,1883
2013년 4월 17일 - 15시,15,341
2013년 4월 17일 - 16시,16,4438
2013년 4월 17일 - 17시,17,1938
2013년 4월 17일 - 18시,18,2239
2013년 4월 17일 - 19시,19,605
2013년 4월 17일 - 20시,20,661
2013년 4월 17일 - 21시,21,656
2013년 4월 17일 - 22시,22,243
2013년 4월 17일 - 23시,23,228
2013년 4월 18일 - 0시,0,232
2013년 4월 18일 - 1시,1,238
2013년 4월 18일 - 2시,2,227
2013년 4월 18일 - 3시,3,225
2013년 4월 18일 - 4시,4,229
2013년 4월 18일 - 5시,5,226
2013년 4월 18일 - 6시,6,2559
2013년 4월 18일 - 7시,7,2556
2013년 4월 18일 - 8시,8,472
2013년 4월 18일 - 9시,9,1945
2013년 4월 18일 - 10시,10,414
2013년 4월 18일 - 11시,11,2850
2013년 4월 18일 - 12시,12,4592
2013년 4월 18일 - 13시,13,553
2013년 4월 18일 - 14시,14,580
2013년 4월 18일 - 15시,15,427
2013년 4월 18일 - 16시,16,2803
2013년 4월 18일 - 17시,17,3793
2013년 4월 18일 - 18시,18,2852
2013년 4월 18일 - 19시,19,2928
2013년 4월 18일 - 20시,20,1853
2013년 4월 18일 - 21시,21,901
2013년 4월 18일 - 22시,22,491
2013년 4월 18일 - 23시,23,542
2013년 4월 19일 - 0시,0,686
2013년 4월 19일 - 1시,1,686
2013년 4월 19일 - 2시,2,688
2013년 4월 19일 - 3시,3,837
2013년 4월 19일 - 4시,4,774
2013년 4월 19일 - 5시,5,818
2013년 4월 19일 - 6시,6,282
2013년 4월 19일 - 7시,7,2636
2013년 4월 19일 - 8시,8,2185
2013년 4월 19일 - 9시,9,4609
2013년 4월 19일 - 10시,10,2203
2013년 4월 19일 - 11시,11,2977
2013년 4월 19일 - 12시,12,272
2013년 4월 19일 - 13시,13,277
2013년 4월 19일 - 14시,14,260
2013년 4월 19일 - 15시,15,637
2013년 4월 19일 - 16시,16,3086
2013년 4월 19일 - 17시,17,3094
2013년 4월 19일 - 18시,18,3040
2013년 4월 19일 - 19시,19,835
2013년 4월 19일 - 20시,20,878
2013년 4월 19일 - 21시,21,897
2013년 4월 19일 - 22시,22,599
2013년 4월 19일 - 23시,23,2628
2013년 4월 20일 - 0시,0,2578
2013년 4월 20일 - 1시,1,218
2013년 4월 20일 - 2시,2,222
2013년 4월 20일 - 3시,3,250
2013년 4월 20일 - 4시,4,215
2013년 4월 20일 - 5시,5,256
2013년 4월 20일 - 6시,6,3145
2013년 4월 20일 - 7시,7,2541
2013년 4월 20일 - 8시,8,2597
2013년 4월 20일 - 9시,9,759
2013년 4월 20일 - 10시,10,272
2013년 4월 20일 - 11시,11,270
2013년 4월 20일 - 12시,12,278
2013년 4월 20일 - 13시,13,285
2013년 4월 20일 - 14시,14,2726
2013년 4월 20일 - 15시,15,3067
2013년 4월 20일 - 16시,16,573
2013년 4월 20일 - 17시,17,2388
2013년 4월 20일 - 18시,18,2329
2013년 4월 20일 - 19시,19,532
2013년 4월 20일 - 20시,20,889
2013년 4월 20일 - 21시,21,682
2013년 4월 20일 - 22시,22,903
2013년 4월 20일 - 23시,23,369
2013년 4월 21일 - 0시,0,236
2013년 4월 21일 - 1시,1,318
2013년 4월 21일 - 2시,2,259
2013년 4월 21일 - 3시,3,222
2013년 4월 21일 - 4시,4,309
2013년 4월 21일 - 5시,5,321
2013년 4월 21일 - 6시,6,5007
2013년 4월 21일 - 7시,7,3707
2013년 4월 21일 - 8시,8,1813
2013년 4월 21일 - 9시,9,261
2013년 4월 21일 - 10시,10,1029
2013년 4월 21일 - 11시,11,2061
2013년 4월 21일 - 12시,12,2739
2013년 4월 21일 - 13시,13,2727
2013년 4월 21일 - 14시,14,406
2013년 4월 21일 - 15시,15,2650
2013년 4월 21일 - 16시,16,620
2013년 4월 21일 - 17시,17,3127
2013년 4월 21일 - 18시,18,2434
2013년 4월 21일 - 19시,19,2327
2013년 4월 21일 - 20시,20,522
2013년 4월 21일 - 21시,21,238
2013년 4월 21일 - 22시,22,221
2013년 4월 21일 - 23시,23,237
2013년 4월 22일 - 0시,0,543
2013년 4월 22일 - 1시,1,218
2013년 4월 22일 - 2시,2,221
2013년 4월 22일 - 3시,3,311
2013년 4월 22일 - 4시,4,387
2013년 4월 22일 - 5시,5,810
2013년 4월 22일 - 6시,6,2642
2013년 4월 22일 - 7시,7,1954
2013년 4월 22일 - 8시,8,2884
2013년 4월 22일 - 9시,9,2605
2013년 4월 22일 - 10시,10,2028
2013년 4월 22일 - 11시,11,366
2013년 4월 22일 - 12시,12,2721
2013년 4월 22일 - 13시,13,2726
2013년 4월 22일 - 14시,14,2601
2013년 4월 22일 - 15시,15,861
2013년 4월 22일 - 16시,16,784
2013년 4월 22일 - 17시,17,2781
2013년 4월 22일 - 18시,18,3181
2013년 4월 22일 - 19시,19,806
2013년 4월 22일 - 20시,20,739
2013년 4월 22일 - 21시,21,2781
2013년 4월 22일 - 22시,22,2719
2013년 4월 22일 - 23시,23,2583
2013년 4월 23일 - 0시,0,248
2013년 4월 23일 - 1시,1,251
2013년 4월 23일 - 2시,2,252
2013년 4월 23일 - 3시,3,249
2013년 4월 23일 - 4시,4,353
2013년 4월 23일 - 5시,5,252
2013년 4월 23일 - 6시,6,2874
2013년 4월 23일 - 7시,7,2020
2013년 4월 23일 - 8시,8,818
2013년 4월 23일 - 9시,9,402
2013년 4월 23일 - 10시,10,414
2013년 4월 23일 - 11시,11,269
2013년 4월 23일 - 12시,12,2691
2013년 4월 23일 - 13시,13,283
2013년 4월 23일 - 14시,14,272
2013년 4월 23일 - 15시,15,382
2013년 4월 23일 - 16시,16,3224
2013년 4월 23일 - 17시,17,2640
2013년 4월 23일 - 18시,18,288
2013년 4월 23일 - 19시,19,615
2013년 4월 23일 - 20시,20,704
2013년 4월 23일 - 21시,21,496
2013년 4월 23일 - 22시,22,237
2013년 4월 23일 - 23시,23,231
2013년 4월 24일 - 0시,0,224
2013년 4월 24일 - 1시,1,370
2013년 4월 24일 - 2시,2,222
2013년 4월 24일 - 3시,3,251
2013년 4월 24일 - 4시,4,217
2013년 4월 24일 - 5시,5,229
2013년 4월 24일 - 6시,6,236
2013년 4월 24일 - 7시,7,2598
2013년 4월 24일 - 8시,8,417
2013년 4월 24일 - 9시,9,471
2013년 4월 24일 - 10시,10,2799
2013년 4월 24일 - 11시,11,2010
2013년 4월 24일 - 12시,12,2811
2013년 4월 24일 - 13시,13,468
2013년 4월 24일 - 14시,14,439
2013년 4월 24일 - 15시,15,469
2013년 4월 24일 - 16시,16,562
2013년 4월 24일 - 17시,17,2632
2013년 4월 24일 - 18시,18,2231
2013년 4월 24일 - 19시,19,704
2013년 4월 24일 - 20시,20,1334
2013년 4월 24일 - 21시,21,390
2013년 4월 24일 - 22시,22,225
2013년 4월 24일 - 23시,23,241
2013년 4월 25일 - 0시,0,218
2013년 4월 25일 - 1시,1,225
2013년 4월 25일 - 2시,2,228
2013년 4월 25일 - 3시,3,243
2013년 4월 25일 - 4시,4,238
2013년 4월 25일 - 5시,5,2014
2013년 4월 25일 - 6시,6,6403
2013년 4월 25일 - 7시,7,1871
2013년 4월 25일 - 8시,8,2662
2013년 4월 25일 - 9시,9,264
2013년 4월 25일 - 10시,10,2037
2013년 4월 25일 - 11시,11,2029
2013년 4월 25일 - 12시,12,278
2013년 4월 25일 - 13시,13,284
2013년 4월 25일 - 14시,14,275
2013년 4월 25일 - 15시,15,355
2013년 4월 25일 - 16시,16,2603
2013년 4월 25일 - 17시,17,1970
2013년 4월 25일 - 18시,18,399
2013년 4월 25일 - 19시,19,528
2013년 4월 25일 - 20시,20,2560
2013년 4월 25일 - 21시,21,492
2013년 4월 25일 - 22시,22,238
2013년 4월 25일 - 23시,23,238
2013년 4월 26일 - 0시,0,897
2013년 4월 26일 - 1시,1,372
2013년 4월 26일 - 2시,2,273
2013년 4월 26일 - 3시,3,231
2013년 4월 26일 - 4시,4,222
2013년 4월 26일 - 5시,5,305
2013년 4월 26일 - 6시,6,4505
2013년 4월 26일 - 7시,7,5288
2013년 4월 26일 - 8시,8,3495
2013년 4월 26일 - 9시,9,270
2013년 4월 26일 - 10시,10,1974
2013년 4월 26일 - 11시,11,703
2013년 4월 26일 - 12시,12,2714
2013년 4월 26일 - 13시,13,352
2013년 4월 26일 - 14시,14,331
2013년 4월 26일 - 15시,15,337
2013년 4월 26일 - 16시,16,1963
2013년 4월 26일 - 17시,17,2654
2013년 4월 26일 - 18시,18,237
2013년 4월 26일 - 19시,19,2834
2013년 4월 26일 - 20시,20,3011
2013년 4월 26일 - 21시,21,2068
2013년 4월 26일 - 22시,22,319
2013년 4월 26일 - 23시,23,361
2013년 4월 27일 - 0시,0,240
2013년 4월 27일 - 1시,1,240
2013년 4월 27일 - 2시,2,240
2013년 4월 27일 - 3시,3,225
2013년 4월 27일 - 4시,4,277
2013년 4월 27일 - 5시,5,298
2013년 4월 27일 - 6시,6,486
2013년 4월 27일 - 7시,7,2612
2013년 4월 27일 - 8시,8,264
2013년 4월 27일 - 9시,9,260
2013년 4월 27일 - 10시,10,2668
2013년 4월 27일 - 11시,11,1978
2013년 4월 27일 - 12시,12,2732
2013년 4월 27일 - 13시,13,2871
2013년 4월 27일 - 14시,14,2704
2013년 4월 27일 - 15시,15,854
2013년 4월 27일 - 16시,16,3650
2013년 4월 27일 - 17시,17,2644
2013년 4월 27일 - 18시,18,2355
2013년 4월 27일 - 19시,19,495
2013년 4월 27일 - 20시,20,438
2013년 4월 27일 - 21시,21,443
2013년 4월 27일 - 22시,22,443
2013년 4월 27일 - 23시,23,355
2013년 4월 28일 - 0시,0,292
2013년 4월 28일 - 1시,1,591
2013년 4월 28일 - 2시,2,334
2013년 4월 28일 - 3시,3,903
2013년 4월 28일 - 4시,4,285
2013년 4월 28일 - 5시,5,375
2013년 4월 28일 - 6시,6,369
2013년 4월 28일 - 7시,7,1945
2013년 4월 28일 - 8시,8,4611
2013년 4월 28일 - 9시,9,2295
2013년 4월 28일 - 10시,10,257
2013년 4월 28일 - 11시,11,4875
2013년 4월 28일 - 12시,12,2641
2013년 4월 28일 - 13시,13,417
2013년 4월 28일 - 14시,14,411
2013년 4월 28일 - 15시,15,322
2013년 4월 28일 - 16시,16,2849
2013년 4월 28일 - 17시,17,1947
2013년 4월 28일 - 18시,18,453
2013년 4월 28일 - 19시,19,2218
2013년 4월 28일 - 20시,20,596
2013년 4월 28일 - 21시,21,2749
2013년 4월 28일 - 22시,22,2584
2013년 4월 28일 - 23시,23,684
2013년 4월 29일 - 0시,0,241
2013년 4월 29일 - 1시,1,1967
2013년 4월 29일 - 2시,2,250
2013년 4월 29일 - 3시,3,370
2013년 4월 29일 - 4시,4,225
2013년 4월 29일 - 5시,5,292
2013년 4월 29일 - 6시,6,2591
2013년 4월 29일 - 7시,7,4536
2013년 4월 29일 - 8시,8,308
2013년 4월 29일 - 9시,9,269
2013년 4월 29일 - 10시,10,270
2013년 4월 29일 - 11시,11,271
2013년 4월 29일 - 12시,12,262
2013년 4월 29일 - 13시,13,1936
2013년 4월 29일 - 14시,14,2983
2013년 4월 29일 - 15시,15,2716
2013년 4월 29일 - 16시,16,3381
2013년 4월 29일 - 17시,17,2153
2013년 4월 29일 - 18시,18,2921
2013년 4월 29일 - 19시,19,566
2013년 4월 29일 - 20시,20,958
2013년 4월 29일 - 21시,21,239
2013년 4월 29일 - 22시,22,231
2013년 4월 29일 - 23시,23,291
2013년 4월 30일 - 0시,0,242
2013년 4월 30일 - 1시,1,763
2013년 4월 30일 - 2시,2,773
2013년 4월 30일 - 3시,3,766
2013년 4월 30일 - 4시,4,763
2013년 4월 30일 - 5시,5,838
2013년 4월 30일 - 6시,6,2670
2013년 4월 30일 - 7시,7,2509
2013년 4월 30일 - 8시,8,414
2013년 4월 30일 - 9시,9,2664
2013년 4월 30일 - 10시,10,1911
2013년 4월 30일 - 11시,11,2062
2013년 4월 30일 - 12시,12,265
2013년 4월 30일 - 13시,13,253
2013년 4월 30일 - 14시,14,1277
2013년 4월 30일 - 15시,15,400
2013년 4월 30일 - 16시,16,581
2013년 4월 30일 - 17시,17,2587
2013년 4월 30일 - 18시,18,399
2013년 4월 30일 - 19시,19,511
2013년 4월 30일 - 20시,20,592
2013년 4월 30일 - 21시,21,528
2013년 4월 30일 - 22시,22,355
2013년 4월 30일 - 23시,23,495
